1150,13055081804139
1422,32385110580485
1423,5645486357232
1424,9729310011319
1425,13444172215184
1426,19062275527454
1427,27731231894825
1428,12679650968224
1429,4812230621856
1430,22519881799765
1431,4444657686119
1432,17346761562612
1433,2320696051929
1434,26706856395383
1435,14452689828224
1436,23492467896916
1438,24076114246380
1439,14970381781782
1440,34169651007826
1441,30955951826808
1442,16842366581650
1443,14863704022708
1444,8767221600940
1445,4901670090508
1446,27858123003505
1449,6257495602598
1450,34131669769394
1451,32854721326934
1452,8257561719289
1453,28274474803505
1454,837745598898
1455,24867725047356
1456,10668927060439
1457,32455515971829
1458,28863632780395
1459,16179218493144
1460,29309251606564
1461,19501650376017
1462,28861614742314
1464,28845982132305
1465,1451721638928
1466,15771346170810
1467,1627082102711
1468,693882094019
1469,26901457108963
1470,1333186594227
1471,9744725125707
1472,2595400352049
1473,22894469029685
1474,33840821225519
1476,18076794663904
1477,17040532039876
1478,5486380017039
1479,27989283290439
1480,30434154950858
1481,20983441834260
1482,33879843620672
1483,34310474281369
1484,2781160121885
1485,22698071813755
1486,25592015291492
1487,18435628179532
1489,18343702254523
1490,24191793690603
1491,12220014344689
1492,31534858556602
1493,12527947675537
1494,25819876788149
1495,24912749425110
1496,26438347248741
1497,16163364641187
1498,24326116607315
1499,14751647007102
1500,25461042223800
1501,10106724839084
1502,12284467688334
1503,20290225236440
1504,26578685625049
1505,33538609337190
1506,28191223887818
1507,7275187991394
1508,21906409038315
1509,32693320996629
1510,9911621717345
1511,24777696216585
1512,1941959227052
1513,10906885744072
1516,8600769082645
1517,24856474121705
1518,5213457921223
1519,27589040516185
1520,16448907170255
1521,20943035633472
1523,9698421781803
1525,255728936306
1526,27699852275749
1527,5333650695084
1528,17316110339057
1529,32552426440124
1530,26410459213527
1531,827355719919
1532,17870718699378
1533,22828333746639
1534,5442368535308
1535,30050560321722
1536,7624482301121
1537,14760236923778
1538,18673676794648
1539,1371760830870
1540,9137859379824
1541,13349623536860
1542,16709946924784
1543,20986790067388
1544,16171656016985
1545,22536594100637
1546,7714266793765
1547,16905002714775
1548,17844045162829
1549,16845452124904
1550,22871323100582
1551,17098365925095
1552,2572947636648
1553,2023032721248
1554,33698413670382
1555,26539062905949
1556,17242127226630
1557,17709197123225
1558,2993940057316
1559,8715755181406
1560,21540974795002
1561,34244924089030
1562,6280749882267
1563,24327638429543
1564,10826778729564
1565,7741335960259
1566,22569796533760
1567,13853700163173
1568,11934003520331
1569,11384841363852
1570,34281950286154
1571,21665468784125
1572,3472082115751
1573,11667342453122
1574,11066774878738
1575,21511858145237
1576,11537096320518
1577,13440461743596
1578,3726529066148
1579,9643191785022
1580,25862866632071
1581,22738571175998
1582,29964352581332
1583,13175420610192
1584,32539525786366
1585,34126264942668
1586,13942681722643
1587,23355810697568
1588,6075470576219
1589,1825231820642
1590,4643620059280
1591,32350709111113
1592,31715320043297
1593,28265483366635
1594,12078510660420
1595,15207203450311
1596,20189107848141
1597,13803256838485
1598,18156110428922
1599,25869608967548
1600,9333000417802
1601,34236054119295
1602,8074941683455
1603,8062484000741
1604,2435472178873
1606,3406148478814
1607,10877932344183
1608,15754875073521
1609,20905618352491
1610,4318986311211
1612,28195844472698
1614,29278391761544
1616,28952962420165
1618,11084944006550
1620,18925656810508
1622,26398598008560
1624,8320415634169
1625,20133359990745
1626,7277600889609
1627,24581941308165
1628,7622238873141
1629,3949644519452
1630,13175995331843
1631,29617485738638
1632,31266986838593
1633,7664825557120
1634,23812510773260
1638,20237671316473
1639,26767470672002
1640,25509336829240
1682,26201993119983
1781,22460973140285
1782,552695500672
1783,22628790097660
1832,1142945467627
1833,3535313847459
1834,5040492366819
1926,17881442857708
1961,25985318597367
1962,24484271987446
2093,18060843764807
2094,8337062296902
2095,32006378083943
2096,4369654710556
2097,3112374119129
2098,4877603149910
2099,16507537004254
3025,13968725225047
3026,5187290114864
3027,32189031756502
3028,30885839656918
3029,4926742837527
3030,2007026573581
3031,6163303148403
3116,22056104360434
3117,19926230574383
3118,10131322290469
3119,30058980762010
3120,4419621821225
3121,6629418978873
3122,3677907478492
4076,9248103430096
4077,31611631059289
4078,8738822232627
4079,30351655148794
4080,29200366448147
4081,28806121984063
4082,21356652972189
4562,32045194382924
4563,34097280156098
4564,5073201076527
4565,31844536422437
4566,20191474331171
4567,17288885332739
4568,24973248229121
4677,7777972357044
5031,7533366834621
5032,24475834353982
5033,24371902749655
5034,5284502620967
5035,20555776633222
5036,34091459932106
5037,11973492225068
6369,20397269524549
6370,20112577297937
6371,23710661743905
6372,31580549108057
6373,12857414200104
6374,19692838780204
6375,18475740238901
6495,26589670998586
6496,16094023691999
6497,31681272132616
6498,13942236441793
6499,5867706226635
6500,5246974724279
6501,9189731846689
7402,23877633019930
7403,34287197128989
7404,12684531644976
7405,18016045896017
7406,113605567969
7407,12859455266876
7408,30047041338996
7521,17511636701587
7522,19041259615869
7523,21321694247658
7524,677998315632
7525,10547585022075
7526,6273814266828
7527,28079721159438
8121,20873219920712
8122,4649188927308
8123,19966157855243
8124,4144954267323
8125,12069908944496
8126,19519483392700
8127,2972532953859
8149,18284000756541
8150,17896111047773
8151,2306049625509
8152,31734099621052
8153,29175161010423
8154,7962348970903
8155,17121386377653
8442,24945722928822
8443,8434716268049
8444,21445415592152
8496,32878075360681
8497,23451282845155
8498,34262022501931
8590,24326374148702
9022,9141461877242
9023,30985353385154
9024,8704954622187
9073,12521558970549
9074,8541810060606
9075,21642049489845
9167,11865350972229
9336,30015095399519
9337,8603472791056
9338,17626646728356
9387,10117241450542
9388,32157462379273
9389,15252833117151
9481,26117051507328
9673,31149502946858
9674,27707905869091
9675,9110668008044
9676,6217238212613
9677,25244723310304
9678,12714609766552
9679,25767460420138
9680,18190297567629
9681,4007987271358
9682,22258695096564
9728,23384543919264
9729,5053380948724
9730,26019196568612
9731,29829525196422
9732,3711956198967
9733,29489580118184
9734,27623736415376
9735,12141358972711
9736,30331548720819
9737,8431383693376
9783,32397036648086
9784,6664228601660
9785,21092849322003
9786,29042345626943
9787,988245622751
9798,7705225402653
9799,26181898780976
9800,18991704740814
9801,13997011159452
9802,30296234310407
9863,25654790721724
9864,12238614506881
9865,28327626517167
9866,81597616006
9867,16844349229428
9888,579890826991
9889,14807552426333
9890,26870575293010
9891,17601892501570
9892,22403698483931
9893,8834022997116
9894,10543609227964
9895,17173051914318
9896,416892358264
9897,24917176385877
9898,5115143375775
9899,8067011021192
9900,4371564490985
9901,652543184609
9902,8187481390356
9908,25813506574073
9909,2449751974482
9910,11838196579743
9911,8114316031474
9912,23578720980979
9918,27226650657169
9919,8165143538608
9920,16481877854001
9921,29054755977839
9922,23256456576611
9928,3672003715122
9929,20881821703821
9930,7204019368139
9931,409184829068
9932,29044776678733
9953,13466223954663
9954,20261355268655
9955,10362978862541
9956,95344825676
9957,26494336740995
9958,28498880105198
9959,3802107444084
9960,5646582800537
9961,13309257764516
9962,33876767685815
10038,33490995333948
10039,26220522249090
10040,27525181775278
10041,16656494599491
10042,10105188714168
10048,4795181617397
10049,16490452727168
10050,29680267760587
10051,5986656668800
10052,30309339881019
10128,11780468462404
10129,25283259695806
10130,25162124184001
10131,11436470367140
10132,1686880490062
10173,13491841371998
10174,30538707309250
10175,7494096720271
10176,29227279078187
10177,18685709319391
10178,13535971148913
10179,18673593665813
10180,12310878496000
10181,29906138025427
10182,17948155353668
10183,7853483087746
10184,20099222766249
10185,25734912357741
10186,31142465109078
10187,29244187516390
10208,3407646190289
10209,8789420955151
10210,5819756993339
10211,4226810233597
10212,6573704917316
10243,2016764056016
10244,29859348828040
10245,20492971675912
10246,7666151837282
10247,18667544759069
10323,16249130632482
10324,26378660447533
10325,11711993321888
10326,2415607762884
10327,29815654504645
10348,19011332371045
10349,12191895292166
10350,10690186346807
10351,30752318349003
10352,3864942127611
10418,6447848727172
10419,1759224274451
10420,28856704320756
10421,29979995676227
10422,20866454511060
10423,29843662799083
10424,28768307823277
10425,29623621970577
10426,33120550487320
10427,32382184702054
10433,18751220026043
10434,22369799274043
10435,28368681846036
10436,18287956371844
10437,4060016013121
10448,30207308437988
10449,19935864403655
10450,25039152111913
10451,5944655197948
10452,16709473366887
10478,3000796212288
10479,17113025690536
10480,31841830867562
10481,9686391668783
10482,15174531529350
10488,31514490837367
10489,31278923364915
10490,5215253659584
10491,27873887456388
10492,18842423056843
10493,21142658896197
10494,16639644277137
10495,23221353451752
10496,34139802108677
10497,19728941633504
10553,10526712413420
10554,24757147340980
10555,12223664229072
10556,6000027817724
10557,20580599114219
10668,9980707485769
10669,18419727064330
10670,17846530012283
10671,7353514011219
10672,24610834298403
10698,12034284504635
10699,8011861161868
10700,18763433539088
10701,31381651059368
10702,26390922457812
10728,16272705021119
10729,33485036819974
10730,18933831463237
10731,5395632343573
10732,5260942618342
10808,2565630204836
10809,11712788438609
10810,10816814242767
10811,9364195788726
10812,7767475910084
10818,33076284037558
10819,13454033513195
10820,32885025774995
10821,15519255276691
10822,24573242363820
10848,34020344465253
10849,8888988474765
10850,3161436288427
10851,7344354986966
10852,666596877020
10853,15901669010830
10854,15469066091879
10855,8929546746347
10856,30259685688792
10857,6537662515665
10918,3124866618698
10919,5011430024189
10920,25466502521763
10921,2351985747231
10922,15672256521276
10923,8281352183429
10924,31599471466136
10925,17802002123044
10926,8886607112650
10927,19720425937390
11018,2791903516636
11019,5850239329932
11020,623082370621
11021,17232892881052
11022,15990988340881
11053,24531579160325
11054,19703705173521
11055,3090644367570
11056,15520379515853
11057,4945517417497
11063,7144318151512
11064,21862830022305
11065,844827824522
11066,6220108451691
11067,25261497064633
11078,6689748088315
11079,1115976765369
11080,28723575764448
11081,28245389908935
11082,23607366346721
11093,17097081657340
11094,24946068438605
11095,27795186941956
11096,28364314383492
11097,22238406472712
11103,24270241802328
11104,11354794764586
11105,16873029019527
11106,587060163227
11107,14045738619669
11128,31497426982381
11129,31721895610389
11130,17422641512052
11131,14362347419405
11132,26771681745287
11148,32851125287633
11149,12387601123359
11150,5880638259896
11151,17098795125353
11152,3383557036269
11173,33180015469009
11174,15306478520968
11175,9849292325019
11176,1079465921349
11177,9134653207368
11178,14067034964499
11179,30675980254986
11180,27222773511117
11181,6828384063305
11182,32682489070319
11293,30768427247538
11294,26658151747732
11295,32730761073490
11296,30729096359921
11297,5987262391331
11303,27906155226831
11304,29486148944836
11305,26039244026894
11306,34010245234147
11307,5740690520275
11308,26044213940893
11309,22570668150155
11310,5840146686794
11311,15656594045294
11312,17212199529014
11358,26755040208329
11359,18046023282762
11360,26083076157146
11361,10952835293705
11362,13407696347586
11368,2540142233688
11369,27245307887072
11370,30794704751433
11371,6444230408283
11372,7513923050362
11398,6240481565258
11399,31619977619251
11400,29414370407216
11401,25908136553519
11402,8157144646009
11433,26503503914749
11434,7675290618155
11435,6402667541195
11436,16201821518720
11437,294009657029
11478,32787749140889
11479,30853431790179
11480,20221970975001
11481,8793579145084
11482,33827176643483
11508,13784302212680
11509,24739776722093
11510,7450661416208
11511,4809719379797
11512,3118077484863
11588,6397431586345
11589,20094732256429
11590,15870716571415
11591,9116061316009
11592,30815881939426
11603,2602938103229
11604,28084083736488
11605,24283858935730
11606,30796649650753
11607,4321293894758
11633,15133203782522
11634,22648432664670
11635,20212174374660
11636,19240850960644
11637,15730739101283
11678,20567846387534
11679,27809394784908
11680,27087268588968
11681,16781855990188
11682,14352228403080
11683,1192515158664
11684,27450578896959
11685,8156218193507
11686,30787844271262
11687,33492397913482
11703,22512378175941
11704,3829260616498
11705,3737865457790
11706,11025429809378
11707,28592422204994
11723,15200182271647
11724,18501422345142
11725,9310254350619
11726,21661246137784
11727,14001982648911
11733,11222712532842
11734,25872687640424
11735,29445168261407
11736,6286348210823
11737,34043259104533
11748,11806850053682
11749,4163524638790
11750,19539769006581
11751,13685208404295
11752,34238143883291
11773,15321238474770
11774,29388931382141
11775,6127345971240
11776,3919885154182
11777,28022070651475
11798,31152713883286
11799,24971819980979
11800,26166652257217
11801,6307649482153
11802,4162952252732
11803,13520551251419
11804,3802826536868
11805,26266832148416
11806,13300073187825
11807,29188414411668
11823,16267296286375
11824,7283521867755
11825,8741657511925
11826,9819723949823
11827,27336113615426
11868,18597767485776
11869,17649310026856
11870,22523715586274
11871,11321293795562
11872,9940920330395
11903,8661276609050
11904,5918028323004
11905,8512498890626
11906,31483903631603
11907,19501576104982
11923,10351431815303
11924,31096194117208
11925,17529944248477
11926,31220548619984
11927,16652826473242
11963,3709945890437
11964,13162519128062
11965,12762844459213
11966,8133022323899
11967,31280936344858
11968,11067649798568
11969,16711267088325
11970,24927851774651
11971,26218195982689
11972,33373833137660
12003,23958657144608
12004,28690045586698
12005,4140174986165
12006,23627041694045
12007,12386096355785
12013,12196732661579
12014,27349898802770
12015,26775920676289
12016,18501721545516
12017,16589245780790
12028,32938423426599
12029,16604323226204
12030,11709922046609
12031,19910577388040
12032,22042930468998
12038,1944715774693
12039,13438745695673
12040,19034469821359
12041,4149852641702
12042,28298764421444
12048,17347575478500
12049,10109663786398
12050,30875694777025
12051,27743465257089
12052,31542447839705
12103,12409361670611
12104,1828678279245
12105,33777256845733
12106,6594493662796
12107,11870469476806
12148,14076539016080
12149,20413869238313
12150,23669887163459
12151,7192938992946
12152,7662607652760
12168,9423727687709
12169,21483302718416
12170,8265940019816
12171,7259676805578
12172,30450597837229
12188,12616974244016
12189,29618477790245
12190,22338098015563
12191,4386257189472
12192,27969823988071
12238,21004522642962
12239,17381479242648
12240,31667053230367
12241,27305903902784
12242,5432960503896
12253,24388279455572
12254,33347853041525
12255,27019364979569
12256,16011304674947
12257,25044330614335
12278,19290441020203
12279,32717372426714
12280,28631857159614
12281,29237411174153
12282,33481469756414
12308,24084724515270
12309,22265185636320
12310,5611821172878
12311,26394643296599
12312,22201663659622
12338,5818784673684
12339,18990792427324
12340,20112910263181
12341,25403802330537
12342,18157505620617
12373,3328939713009
12374,26773722285515
12375,10406899470323
12376,3875920958657
12377,11193640537800
12388,29408896022396
12389,22792658604849
12390,32738196561471
12391,25358451405165
12392,9490870903840
12398,20631707597556
12399,12758629343067
12400,4829948167677
12401,18664162617577
12402,23470424231273
12413,21096935554492
12414,6106522060407
12415,5811393927682
12416,10345322214660
12417,23387516626575
12428,17070640010178
12429,4051665403314
12430,4754688387602
12431,291363526434
12432,8551903580983
12448,28481047928682
12449,11671112594467
12450,3433344195250
12451,31122942259099
12452,32803685964126
12478,22426807837634
12479,13309854392516
12480,21501099910676
12481,11051607865756
12482,31839755996736
12498,11001245348296
12499,1710780162516
12500,20547376375306
12501,604556816094
12502,7265997552932
12518,20515589267047
12519,2207703494447
12520,29347887631408
12521,11857902501385
12522,15843868573555
12563,33471690336106
12564,33829290700359
12565,8383667847511
12566,29150462141939
12567,11907760392233
12588,7032575123876
12589,5551634168362
12590,4173383236493
12591,33827878179458
12592,19044688703783
12598,13110118187891
12599,32817900023851
12600,7918846624509
12601,17900679904296
12602,8787012231619
12603,9134185343948
12604,25696492120865
12605,32605690759184
12606,8439559394542
12607,27726919405119
12633,17239775239694
12634,16924234144696
12635,15424202272316
12636,16692673914057
12637,32488646322709
12653,13151143873552
12654,7076226979052
12655,5981839740095
12656,19496456234237
12657,31914662479456
12673,18340528131537
12674,16317894708372
12675,27090995237458
12676,9045673478563
12677,739221489924
12678,26699703135341
12679,25965574124931
12680,10111478129537
12681,4283017906247
12682,8572243095640
12698,10236906301593
12699,11351124920198
12700,34192288557902
12701,18599757171298
12702,24747306133077
12708,19636185776970
12709,3031779356732
12710,15485017864466
12711,24527497708894
12712,187868753544
12738,4690647802921
12739,28796951583586
12740,14434078189636
12741,9724373092582
12742,32993000121548
12758,4641156759014
12759,25030649359964
12760,31963102476312
12761,20122203389895
12762,23176607481488
12848,9089260187507
12849,18188300975962
12850,24318886229652
12851,946333910105
12852,12227288326808
12868,9359324843502
12869,22851597212947
12870,33386755025742
12871,13106724570761
12872,6449006727600
12923,31719630000999
12924,26678207039732
12925,10968238914634
12926,1109634866408
12928,817404734871
12929,26054828584406
12930,7243178372162
12931,1684296758954
12932,4804288635724
12938,19786018274370
12939,2912429718266
12940,13479524933974
12941,1361580760073
12942,11708291387173
12993,5686490989194
12994,10640173131675
12995,8652381276859
12996,4870367005435
12997,33198390438829
13018,4413584310036
13019,3627149907780
13020,21401951303497
13021,10834652600691
13022,24192127546062
13023,32122129778844
13024,12622845475348
13025,11907140635804
13026,17823160454932
13027,21507747108511
13103,32889098488431
13104,16853607796270
13105,18290007688058
13106,19199920152639
13107,21340945326688
13113,25586177639326
13114,13858668639403
13115,32085940369795
13116,23056965852468
13117,4117541976240
13118,7896795673167
13119,7276054947159
13120,25006168840798
13121,12635782328057
13122,29048853558744
13138,12713059099966
13139,23738499438245
13140,7076321837719
13141,8972538256256
13142,30799203218781
13143,19351716349591
13144,330645992985
13145,22750967495056
13146,8720426145105
13147,1428450058692
13163,26236150573752
13164,11446854774464
13165,11833926570812
13166,12244244825624
13167,28994565339265
13168,3453606280514
13169,27322072947422
13170,18105745184635
13171,13719787079172
13172,3321401650311
13178,30405354161609
13179,11746260411116
13180,27564054084150
13181,25762072034725
13182,26572009672
13213,4026956713520
13214,17630717386059
13215,25460939026893
13216,23810332957852
13217,3103804636989
13233,28693734672745
13234,32595757854074
13235,18582257606399
13236,3817024969513
13237,32381515921613
13248,13943548596804
13249,61724925498
13250,16430210203805
13251,29274982777216
13252,9778390652991
13263,15025727868977
13264,3848120207948
13265,14782307504029
13266,17336902534712
13267,16986077349840
13268,4160198892848
13269,18727792883120
13270,27221557353333
13271,26338100718124
13272,27743911620226
13313,11144135887450
13314,16345100245833
13315,28994633203435
13316,7688874047817
13317,12678725407920
13328,11494363071153
13329,23129493424426
13330,6477657411287
13331,27143961097381
13332,6454623550516
13412,17531558870827
13413,3132129168164
13414,21929681325237
13415,31032896966993
13416,24414092177439
13422,23515818970520
13423,20455208093706
13424,7675290776350
13425,3304893705192
13426,29344022591120
13452,30972506594800
13453,732227122754
13454,29982763477389
13455,6156661019319
13456,3668878237562
13547,8847447331302
13548,16090647900385
13549,23124703069028
13550,31425572891321
13551,3946700835103
13572,20832805777004
13573,29919731207476
13574,17055578682367
13575,15964959715014
13576,2056323190630
13617,30663281924285
13618,1805038334615
13619,2675072320163
13620,13948007297638
13621,19620452611001
13637,1858877738010
13638,23785185681639
13639,22424398186118
13640,11805977646288
13641,2014655251010
13747,21205048966396
13748,27323516086601
13749,6726312052481
13750,26869064581360
13751,23315300023408
13757,30645299938716
13758,15408674637496
13759,25876740073318
13760,2350482204827
13761,20234583494149
13762,19951208003064
13763,7255022626605
13764,28636359367759
13765,29373191292105
13766,18867400228300
13767,32852884315049
13768,17604811071743
13769,15173275688647
13770,32459220223121
13771,8792606653425
13787,7187938545588
13788,7514769641082
13789,17389710664100
13790,6568953233431
13791,10816228476833
13862,2527923841579
13863,25717340799121
13864,10936511976982
13865,21408981544933
13866,23891174525077
13872,8896847434398
13873,10470395576377
13874,30012485335523
13875,22180430776960
13876,18527405635984
13882,12727038506407
13883,10428141682937
13884,30642232441949
13885,21895030416030
13886,17819209240802
13907,28475760029200
13908,11896054999101
13909,17898453630374
13910,7255527658517
13911,817895328732
13912,32505269369054
13913,25507380084587
13914,14172438817774
13915,22915184973626
13916,12443834197075
13936,9626980899055
13937,9433007838042
13938,31279493921368
13939,11611922559996
13940,16146015672750
13961,21273836925455
13962,10543586394455
13963,32068657742678
13964,32281201434919
13965,14795995163019
13976,1812673556090
13977,18007935948087
13978,3471595739044
13979,15812677373300
13980,34079363875692
14021,9740873721920
14022,15058227876020
14023,1452289037053
14024,21772511691446
14025,24402579176561
14041,6972063639788
14042,29800315233530
14043,6203944134172
14044,33397128395913
14045,10212502502846
14046,14781807766180
14047,29256189867278
14048,6307408626564
14049,25724068892409
14050,18065187666169
14171,9810145368493
14172,26382934586758
14173,12010426097875
14174,11022633512040
14175,32372643414029
14196,7564312723318
14197,22720979704797
14198,3196554676704
14199,1563017459339
14200,24910747604158
14201,1633929019272
14202,2988783596357
14203,14356851205469
14204,5214927773745
14205,29615774451167
14256,30369607402081
14257,1839699435328
14258,5417782455008
14259,26782905755113
14260,26237362711400
14301,1832953037449
14302,33114938317890
14303,380409003625
14304,31898419867586
14305,8341715052070
14336,26037988580448
14337,28425169016967
14338,29876893223025
14339,1736472535445
14340,2898492055968
14436,30129826521163
14437,7171721274941
14438,28648089984016
14439,20283737653160
14440,9875617050889
14476,6156741214121
14477,6799937416127
14478,8024786560011
14479,22844839276483
14480,25831774505141
14593,11572944285105
14594,28455563791468
14595,22754385925630
14644,32091378487810
14645,28519340816113
14646,24722491884049
14738,19021409272333
14833,4684323362398
14835,14183622269912
14913,7273258038688
14914,26151173236988
14915,26216114388932
14964,1534052147549
14965,27958299266938
14966,26115777392537
15058,28817202997243
15169,33122869211806
15170,17210383302149
15171,11056343994901
15172,689281162104
15173,32860254031550
15174,15964849522226
15175,1044279584011
15176,33755000499524
15177,31178037923326
15178,32618036746967
15179,29397263384221
15180,16012784329369
15181,29725143627435
15182,12240062216805
15297,4793490046283
15298,9396528000223
15299,1029735111469
15300,27915840956548
15301,9281833256146
15302,2864536103388
15303,13348206764925
15354,1544576940081
15355,27276455354574
15356,27232566206614
15357,14619466947536
15358,217113413134
15359,24352890335675
15360,10388220045252
15388,24473294951843
15389,19292892854391
15390,1115966392727
15391,17171659077456
15392,12445165392506
15393,23912156736645
15394,13257276198741
15409,33863729161028
15419,4050725497242
15421,9147469817974
15549,20599667463207
15550,33396985014307
15551,33364404918404
15600,13377082530785
15601,23247947990229
15602,7798360830339
15695,17832148636037
15856,5191013006435
15857,34096637116847
15858,7134239018469
15910,18456569311515
15911,6046033234646
15912,31737171136666
16004,17207999737663
16167,11765843562506
16168,17946468286023
16169,17821923977661
16218,6646973438292
16219,28155267436500
16220,15162762396427
16312,3071691676102
16483,29509143807129
16484,31769596168788
16485,32375363494045
16534,19621350240919
16535,401121045307
16536,20053558611016
16628,5529184037091
17081,19389002456556
17082,33811181157767
17095,9095270038793
17579,31594158985900
17591,4877794225232
17604,8123649920017
17605,27667719589398
17613,21623408593220
17703,246760646508
17734,6083814482460
17757,207150641333
17765,12186153208859
17784,13837718223215
17797,9874793707530
17802,9660439558004
17843,14895759653377
17845,25705660541805
17858,3521943721879
17869,1563170975483
17876,32455838080684
17906,21096714657776
17923,17734913147973
17930,16755698911754
17931,8916390183043
17970,8656452901745
17971,34330353985313
17974,917298732864
17986,11058013006186
18024,11817121853888
18135,22193149172011
18142,13028342717304
18172,18983937834630
18195,16924895096925
18212,28907353002220
18229,14662908589196
18278,12252633066804
18280,20749245969584
18282,10422538824160
18287,22579865731141
18288,27581397860688
18289,2473287412727
18290,11940418425191
18291,24091673878839
18292,2835265389031
18294,26250841808792
18295,27574188910794
18296,2401667633170
18298,22992652454922
18304,14874395735548
18307,28858628381494
18308,21569065964103
18378,9024959150045
18383,22257952712054
18384,8918912519903
18513,11224530294155
18662,12584587860862
18726,12113654562220
18727,12096166581621
18788,19632072672303
18828,4666292035129
18890,10841751598977
18910,23069674018412
18913,1516907657537
18915,4039847923712
18918,29399367488369
18922,12813858133255
18950,30265534428661
18953,29499056680778
18961,14601826426194
18968,21040942101813
19133,1805974502829
19134,22212111296953
19135,32679955185058
19138,2242497375607
19139,20437563740115
19140,8148521644539
19144,19044389060440
19146,3802390932340
19147,8422585588697
19150,16736692581155
19164,12925251754975
19179,31701892088615
19181,3916768264982
19183,25493041589687
19186,2540311183170
19188,11477309692372
19189,13834245223175
19190,10807197248186
19192,33477362331874
19233,10762791367549
19239,12089637232637
19244,12920884282301
19295,8209323368681
19296,8484658616242
19297,834010724714
19520,8772323917698
19541,16649587514980
19626,15794681104747
19712,2084841756532
19768,9472893604285
19789,14408731373850
19887,22780026811914
19896,575116674349
19931,10402021293954
19932,28489840102667
19933,7280751464744
20107,8551708987076
20151,11092896238111
20177,24735406569596
20182,10280618203188
20184,20028958119901
20227,10040730943235
20275,15443535409168
20277,13963767314893
20302,20244819921524
20304,29599790218233
20352,20989594565679
20553,17557291496376
20637,12627997969111
20663,743922830931
20753,10912187534243
20754,18232755888989
20758,8408001721745
20760,9958156775912
20763,11950071814702
20820,18773964098486
20853,18114543512673
20860,21925320432555
20861,19894394930743
20926,10394743344453
20930,22170356570559
20966,3249964230716
20993,10540834211449
20999,29823536262134
21013,27619152825472
21014,30699905528016
21019,17236798379
21093,33354795931185
21350,18299291925899
21793,10957412601143
21794,23695881989915
21806,5362073362389
21816,5003623111785
21817,19465728819394
21819,14548830041784
21879,29766418682984
21886,7323264780498
21887,31402776596827
21888,7626937349268
21889,21728088362388
21894,27304147038646
21895,28109546506616
21902,26195222946766
21904,27404998521233
21908,273112386482
22223,151750857060
22225,24102404067583
22229,28678434536103
22235,29508264401849
22236,31993297783619
22251,29852492119836
22253,31768086271739
22255,33432902534083
22259,22018854103620
22260,33100205725477
22261,23865493015057
22262,24605168760624
22263,16400021751943
22264,32958664734602
22265,29221601953227
22273,19850784183554
22274,20060786758619
22299,15767515827523
22300,11660152139304
22301,8635905210694
22302,20481959834811
22303,24894170665407
22304,30703040722955
22305,10089482319443
22306,20014810001353
22307,11998263337500
22310,2347080973086
22524,16194667377366
22587,20721349583005
22588,28772585418436
22602,31018838107952
22614,25209129998741
22634,23245659786036
22716,33369723047392
22730,10598946729663
22733,25140613820752
22741,1331787796720
22744,7968616420257
22749,3412978800348
22769,20825973597853
22789,4021783788846
22794,9277552677342
22795,30855319344216
22799,12541317661716
22829,21155334184823
22830,24192004849036
22832,9783056418563
22833,11797005518692
22834,14739772361252
22835,16343392449151
22836,30888334716290
22837,1246635967963
22838,10002857228765
22839,15796584497208
22844,14480657478258
22845,4045818720401
22849,23074257771347
22874,33938045598071
22882,1599618838578
22884,24472363681014
22935,8558846785566
22938,18612424972884
22962,17547898188089
22963,6368506078006
23003,11746950930239
23120,20598047818129
23121,1053284431491
23268,5703786771524
23464,16738600178565
23547,16076759543275
23554,25693248588289
23560,7836012823969
23581,25265433730745
23695,6192746820755
23719,26030788912953
23783,23751156115576
23788,11703753817852
23879,27670245161113
23880,2679999094155
23896,21471516814432
23916,25062540052288
24011,8003537414287
24015,10735499311986
24531,22224644895118
24560,11097206062107
24577,18562816227107
24714,25563127569493
24878,26905330003738
24891,21854629988062
24896,6915869684455
24902,24783314471384
24909,23169268226724
24910,12086186141907
24911,32720152618475
24912,32431998500104
24913,32514761434201
24914,10689515656884
24967,16181613896818
25442,20244396049194
25453,5654406758437
25467,23020446581901
25515,2871138691277
25520,25131900026941
25523,31181871370216
25666,10781168118282
25867,32357578521777
25906,22155677564863
25907,24418050138935
25984,4603744670940
26176,22303199685655
26256,5654499898776
26257,19491354449588
26365,13136637328115
26530,15065886262011
26569,10355479673702
26777,32390545687357
26786,26312007521976
26815,25376527948648
26850,9694436876178
26925,26068093661236
26933,15455364242499
26955,29259740605431
26959,2280308771109
26973,32259798619905
27003,17979704214087
27020,9323650218846
27021,15103959372003
27025,21552636961350
27086,742555951833
27101,11003900542487
27106,19705526926387
27211,2632159491078
27289,167324423552
27300,9625584378774
27301,13035589397070
27302,1058547699066
27307,14318334715415
27334,19879841984687
27343,8503625400505
27357,19245792634027
27360,13418792963522
27361,23918926275604
27363,20120169987505
27364,7787390705365
27368,11722937945336
27405,26455306206668
27444,7961702481116
27447,10456305238698
27455,6894017169534
27497,33844636231646
27501,27095234545303
27632,24022794054627
28189,33328557801346
28190,11181252369349
28291,1413103294941
28292,7804377228429
28327,14008698607073
28430,8906432633993
28444,4999855484555
28493,29920770849544
28494,27137167220996
28498,6910884142801
28499,12316394492871
28503,26835955722812
28504,12267196062399
28505,26894500390753
28516,22090527002893
28677,18342953827460
28760,20908482441567
28871,13079933936537
29273,2084921944795
29778,22589489319193
29857,714359964638
29931,15451858797589
30013,24063975343643
30355,12181577537598
30356,25174007863100
30584,10512571275625
30631,6479044434324
30632,3336754838399
30633,12202392006231
30635,20877991739150
30687,3473628197884
30691,29879400237536
30693,1628845512017
30711,30912297834426
30844,21003487323657
30939,31484275733209
31203,9469767562780
31236,19337971059764
31273,24122960518058
31308,27112609367710
31367,21835343909298
31369,6502246036575
32067,5348824351820
32301,3925750799003
32504,14997575763540
32596,1110068506286
32747,17844818790727
32748,2249354000845
32749,25451307717413
32932,2191895800300
32933,4185672350201
32934,19702984335245
32940,6435337635020
32941,12227214760316
32942,16105153081351
32946,15709496343334
32950,1575388325694
32951,30587486866450
32952,4845788418249
32953,31077418473135
32959,15527658873782
32960,30683559886021
32967,31842275274100
32968,4573252254538
32969,5782506537871
32975,24159750619004
32976,5450560417576
32977,459790233129
32985,8562650708943
32988,20719561863965
32990,12237508024634
32995,82640485346
32996,29930896717922
32997,4822017780533
33005,8122408706496
33006,8035056358303
33013,26901773918654
33014,15619852953640
33019,31704541311177
33020,14220700897253
33025,12210791549610
33026,20197805046298
33029,2905937933879
33030,33301573335263
33034,15143744535994
33035,24054478678263
33036,16389692277452
33042,29259408015143
33043,4679329496809
33044,19998828388647
33053,30223328292116
33054,6546476032113
33055,24998558921143
33060,5379961967505
33065,27101963232136
33066,6225531203277
33071,20029222144485
33072,25309734771643
33073,28357177471751
33078,16588076587336
33079,31161168669923
33080,7285575190710
33088,20642846942143
33089,23108789462949
33095,26112656410846
33096,25293254395732
33098,10416052759430
33103,26314661419107
33104,10839070055137
33105,33264087150205
33110,22845766945006
33111,18873270531461
33114,31525618489088
33115,7274470768113
33116,3070843348609
33123,2725043856334
33124,21593159792434
33125,12144480990110
33133,24505390571155
33134,17117411748971
33138,17528148253650
33139,15084980428438
33140,19481538757214
33141,29369513278792
33145,8517106807283
33146,15687517091455
33147,10954523707888
33149,27938303405069
33150,5502394860647
33159,8500270087824
33160,10080517828127
33164,17322153253272
33165,14267099436039
33166,20827493618155
33171,29109107127216
33172,8769039869973
33176,34353353245727
33177,15961395234357
33180,15476725837871
33186,3307519138294
33187,13266829952839
33189,1436666967350
33191,5838348046292
33195,18976784153429
33196,3309915871704
33197,19499760961356
33204,818766603038
33205,5353329542672
33209,18092335763447
33210,18616397759629
33213,11245259990666
33214,21371977861337
33215,26430305481041
33219,7721267787379
33220,11816761291218
33221,33118890922796
33226,25855351017150
33227,23584348709819
33228,5543457998396
33235,9669164556757
33238,9940743053918
33239,5565860208483
33240,19424715484348
33257,12240435354313
33258,580787354493
33259,31985808954759
33266,12027725903386
33275,17571992656324
33276,9350326467996
33284,13643073894995
33287,4862408507422
33288,34304846031274
33295,28217034066526
33296,10017005804220
33301,5270238443346
33302,30109948446594
33310,5006906333626
33311,15768848076991
33313,3226427086727
33315,24282725134420
33316,8217039512127
33317,27838809929849
33320,9948713933547
33321,12886628872531
33331,32758378256619
33332,7874380309563
33335,6886022113642
33336,6592734777218
33343,5769974546043
33344,15385098666619
33347,27570087513346
33348,25905122987853
33355,12822881371383
33356,11315149859387
33360,8214735054077
33361,14175957724961
33367,8003768143203
33368,5713611113618
33371,31759301910543
33372,22879907448322
33376,11139720367166
33377,22908923927377
33378,3778894567357
33386,26237624717780
33387,22212157513953
33395,22734398142207
33396,9913536085175
33399,24161373949012
33400,14963098581417
33407,7026800924117
33408,30086657219654
33418,6827796278635
33419,26269849047289
33425,17025932136056
33426,22498770849050
33433,23018084035423
33444,23602810564020
33445,22792725326211
33446,6110172323779
33451,1771743653173
33452,18475825329635
33456,6080826003837
33457,26010463530950
33464,21081020969262
33465,8895507092410
33469,13590643209973
33470,28411529077347
33475,30086017106695
33476,4219621508828
33477,12939223441977
33478,31463268235237
33486,24855355070421
33487,2563763866060
33492,5591760669295
33493,19205969834366
33499,19304340601356
33500,23895349672792
33501,20597014690661
33505,17321138692048
33506,9167317699128
33510,33560698342195
33511,14998984617992
33514,34144422004281
33515,10193109644039
33518,6081006834901
33519,18116406396082
33520,13595539842869
33525,6802662518653
33526,4199871663432
33527,31375175206149
33528,17080777358242
33529,15441740548427
33533,12259278841487
33534,12053587443367
33535,12453156158695
33537,20440403537228
33538,11155159967840
33546,29312475983137
33547,25996714646588
33548,20258875174534
33550,7576213384948
33555,3852789223125
33556,32079155267380
33560,30757858905584
33561,4623579086588
33566,1880893468319
33567,31491985152302
33572,19026065481485
33573,4250062710741
33577,25907762233236
33578,29350037891522
33581,12127545635276
33582,18238736986403
33583,3259596600040
33590,15252690543668
33591,111044827754
33595,12085425239751
33596,15418673884084
33597,4282981705708
33599,17684946893094
33600,11618787874533
33602,2890594179339
33603,21066487359828
33608,18646512289911
33609,23502799814398
33613,11044540617608
33614,1130637313614
33617,28555802406640
33618,473769734906
33625,24122639191638
33626,6666645686163
33631,24358733477755
33632,5809527463464
33635,7152395269284
33636,20219627341780
33642,30445786318826
33643,1602915299720
33645,14604399024601
33650,6616760352154
33651,26770553303915
33652,23158113941401
33656,17099591599682
33657,23285662980284
33664,16661936891366
33668,17155512966457
33669,33464211833228
33674,14784357416314
33675,7279396456634
33676,32790816446918
33680,4468158064815
33681,22372556668334
33682,30186385511879
33689,22681245443114
33690,8571159389309
33691,20628321609556
33695,31638751306273
33700,20582866138606
33701,27874483919772
33708,4980992182249
33711,30261252793321
33716,16905482751688
33720,3083837134048
33723,24892245478286
33733,6154657101030
33734,16500718820718
33736,29461867287689
33737,16418843151176
33739,27033428882324
33740,20377442896139
33743,19764239424699
33744,19714288433277
33745,9161622935385
33749,16734770533046
33750,12544594253778
33758,17849268257714
33759,835256420867
33760,20602124434295
33764,9778480715526
33765,18850298403128
33768,9030279602697
33769,12427569275189
33770,8148457663427
33772,30933620620851
33773,11092889118529
33777,22484151256704
33778,7772555082468
33780,23120935134270
33781,14504987949301
33782,18187585698333
33788,28701466547935
33789,21926350748824
33793,8944156418410
33794,29953602125531
33802,18552547905960
33803,30305051147122
33805,3632712887671
33806,11036630217907
33809,1680559555841
33810,8642450760924
33811,16943349202749
33812,28112231395513
33814,29259353646248
33816,27374023299541
33822,24446765917053
33823,24908827568859
33828,21137230373779
33829,29014987973399
33831,19162553610680
33832,25859992128528
33834,31124502571839
33835,10205789787917
33837,5592908215891
33838,7526152321368
33841,15533653877539
33842,33097628268426
33843,23340807992100
33844,25667515338801
33848,30101971970036
33850,32396388752466
33851,21717731577774
33857,17767781570814
33860,31814773554680
33861,8908180817667
33863,7364975465439
33864,32538403131210
33877,10331499119551
33878,5330908794278
33879,7077148426540
33884,20337246574995
33885,21431596621932
33886,21443074055841
33888,24979229354482
33889,942816375102
33894,8018289773546
33895,25503128678362
33898,14498244358336
33899,1587466944073
33901,5999028393329
33902,32488992659999
33911,18599911191767
33913,13331947554923
33914,22149329149133
33919,20657323285783
33923,29810600279511
33926,22501907274724
33927,5257238336363
33932,24705822762051
33933,20469661951364
33934,23462920940971
33937,24867279104422
33938,7058834084356
33939,18313356268338
33943,5616922333676
33944,4510433438220
33951,29142804426090
33955,26540763952355
33956,24656407971853
33957,23267790946022
33958,31795705557725
33967,29409185903394
33968,21783060758352
33976,33160494437532
33977,24643143750567
33983,2237172074871
33984,22089330461802
33985,26237144975713
33990,20054692623763
33991,27702983459258
33995,4484168015048
33998,18316072042666
34002,8285962677258
34003,17210357227628
34007,16758287321833
34008,27777970239122
34009,26376320285427
34010,16858506132613
34014,32099348275640
34015,31834754884879
34020,1664770172489
34021,18370073369677
34024,6415453807972
34025,1221739789174
34032,2033293601246
34033,3679726547989
34037,20768609864160
34038,32833371995615
34043,13688239935325
34044,691506749022
34045,5973817204342
34051,1113414068604
34052,9123595815181
34054,14161758832220
34057,11298501297932
34067,22047348027294
34070,23220007500282
34074,7683509553834
34076,28373851665916
34077,21775040993168
34087,4098494595972
34088,11794522356469
34090,26126379945873
34091,33260590724049
34096,4973812924712
34097,9989308658644
34099,16703552005101
34100,25835015751026
34103,9243085988870
34104,4475401986668
34109,8902188138469
34110,30104063900883
34115,17581822972582
34116,16763682075390
34122,28000239965323
34123,17940570694272
34129,4051134137394
34130,8064369749248
34133,5338668519199
34134,31083418315238
34138,3318916633694
34139,13364039167382
34141,27874088764536
34142,18258378472357
34143,23029087867544
34144,21368824172692
34147,24131377033919
34148,30366013401199
34151,34017933093370
34152,26453443868550
34156,11219500515945
34157,9389125373417
34158,16700298473842
34159,4402196359989
34160,9930132811545
34165,28123180772686
34166,2540223170075
34171,18962181351967
34172,33696384201083
34175,6049873141043
34176,209407547583
34182,3053968595844
34183,4361456659237
34186,18059674763583
34187,786927423710
34191,18700742191658
34192,9778749185733
34195,8584746774326
34196,15850555335071
34201,31268603551222
34202,30942323564080
34207,8402274282922
34208,23237503436151
34212,6421508786435
34213,21321448664346
34217,14064990994569
34218,9806506865363
34225,29878368987062
34226,27747538213463
34227,4426637498896
34228,32197651203116
34238,18281087077670
34239,3192267760918
34241,8247845271552
34242,7144707167940
34248,4863022998260
34254,11775013067961
34255,30050308800924
34257,5442323160674
34258,7186592764162
34264,23404337979019
34265,980814719093
34270,7001585150836
34271,5213043436469
34276,5421299468397
34277,9284264234762
34283,3813595806808
34284,26541109338334
34294,3693871103097
34295,16665506747220
34298,22530031406544
34299,20717401834772
34303,10251130221308
34304,15928447794054
34310,1972569570730
34311,21151732240355
34319,14817560366573
34320,20469186390306
34324,24178528216290
34325,22759292135261
34330,21832686389411
34331,3212016937493
34337,20066555386200
34338,29973327615049
34346,18320899083179
34347,11402523337808
34351,24529516344300
34352,28271848759634
34353,8334226377187
34356,13480262014757
34357,8438229959610
34360,7581845143870
34361,27287564552040
34369,18834877315723
34370,10050930871457
34371,15403050062520
34377,29833619927348
34383,29477027632916
34387,30704365684210
34388,27303526816343
34389,11261133245745
34395,23279502605098
34396,26466099645789
34398,8042061647170
34400,12460920161376
34405,16972822326218
34408,9450527717396
34409,22831723462715
34410,1231220203322
34416,13442648381083
34421,19493728518019
34422,19852065416416
34426,20892890258929
34430,2312730061927
34431,14669922807798
34438,33726951730936
34443,22190689448284
34450,3316022182742
34451,23152070743523
34452,18795026313826
34457,23790377100326
34463,17025077589573
34464,12787684980331
34466,25953234483777
34467,412383893071
34470,8205013108951
34480,31793675996501
34487,704192632628
34488,6291901008181
34489,15313134232539
34499,30306621046394
34508,22505701549792
34512,16218359050241
34513,14366637858217
34516,22814008393097
34523,27327241638439
34524,16050920530166
34531,24549270078266
34532,31795498737142
34538,5827432189743
34539,30553075504167
34543,2022475361553
34544,17825626045617
34552,12636491339199
34563,1142402020877
34568,21271827351477
34569,2338861643120
34573,19230544087612
34574,7005514085731
34581,13672386489710
34582,24966816091046
34588,29476225426694
34589,20479756098358
34590,31256177379476
34604,16474001078022
34605,14194023165867
34609,30658675130530
34610,21856713701844
34620,19321987037353
34621,30340847914910
34627,26114384513500
34629,26043058628391
34630,20633224686434
34631,20671365723197
34633,24563396569781
34634,13285040618599
34639,26067633893670
34640,30595564745818
34641,30861636258723
34648,33698900954481
34649,24336048161921
34652,33667087401466
34653,21830816814879
34654,33906958051649
34660,10310170787925
34661,9460419567973
34662,25883222325579
34669,18839660345518
34670,25051368022084
34671,30770727560070
34674,18641048172598
34675,31202193514796
34681,6706957692646
34682,1046204113565
34683,17917121270633
34689,28204005011874
34690,23327630545156
34696,5993822167231
34697,34179886645049
34699,5823006804143
34700,27014732816341
34705,24566845350582
34706,88348807058
34710,18108097396106
34718,20719448478585
34719,30377870786158
34720,17189088909012
34722,4788286479098
34723,2874771416792
34727,21755607663011
34728,26152062124756
34729,16445750289905
34736,24168339814703
34737,26245669532491
34738,7100958317970
34745,4865288285222
34746,17651847762503
34747,3256442351925
34753,11826116872137
34754,29842889049555
34755,28249760446201
34762,19346970703672
34763,17299301025717
34764,22832437884951
34771,24537146611603
34772,3750150293944
34773,31872972127912
34776,2128914106808
34777,30792211748787
34778,32659134654593
34786,14503730274856
34787,3579254249515
34793,8516325087721
34794,18024845173888
34795,26818220210265
34799,22639159340488
34800,31327218783344
34803,3344676860558
34804,25723415901235
34805,1727508990953
34812,22895588430426
34813,30495524490585
34814,14460847394495
34821,11920889072350
34822,19961556362017
34832,26365168371540
34833,28141828761031
34835,33522261420148
34836,27652154993035
34843,6668158620020
34845,13652909804333
34846,9951579229854
34847,30879301159066
34852,21569968811162
34853,21040169893690
34879,9828536749772
34880,30369055512783
34881,3333380417753
34884,31900563757551
34885,5080059483715
34891,25586222209208
34892,20168456166336
34902,31076253235618
34916,33050874040591
34917,14238710120745
34921,27006323340382
34945,21249349868713
34958,15659523418863
34987,4055575730683
35000,5672409701775
35001,19717899406631
35007,26766776707928
35011,11386461877162
35012,30711871341948
35019,8519190744084
35020,31187147108879
35155,20454317038268
35157,4602163261092
35158,12070912165192
35160,28021972493241
35173,24894520439117
35175,12883256256430
35180,16809894190880
35181,21771474961301
35188,22999272972295
35199,31626567873601
35652,33691588113343
35891,25934655339346
35892,27117678355990
35899,2611787130854
35900,16973472679127
35938,30794100846183
35943,23600217811293
35945,17877984184041
35947,30333470186065
35949,770105380198
35953,25858611561897
35954,15297383917413
35967,30623344917638
35984,28348717654966
35985,19460376885824
36008,465085934651
36010,13750901754470
36014,21173726783103
36015,25141196904554
36030,4498725398670
36038,18228794344188
36087,19323718620356
36115,6028797126058
36128,30390677413129
36155,18767652519817
36156,22107896734020
36234,30130703460233
36235,14104980210666
36259,14138677915213
36297,28315894358848
36359,11181186070996
36360,34268553552167
36364,10230553639845
36404,4081311214874
36434,19104089915310
36483,11114399265455
36498,5519534618726
36612,26886859798382
36645,15537508920513
36663,31209844343788
36675,30017566546713
36755,16817709423741
36756,30480612408341
36912,14067737843255
36959,21517599166454
36972,22155505056228
36990,21561483389154
37022,5812045228133
37105,2980926802482
37125,26740853512423
37127,19193673155126
37129,20278883247752
37175,23720191123666
37197,1930947565098
37198,24352433935766
37224,32301947965414
37227,22493132124667
37266,31382960754726
37268,7743307001352
37284,28679597583738
37296,16945440666589
37298,11466447348583
37302,32353416942761
37316,19299017722416
37367,8515885304852
37368,9191114175739
37372,14669244661361
37373,26330931706036
37386,5888325805984
37416,21826462625845
37441,3352861068061
37450,30341756674566
37515,10058532846653
37524,602539635229
37548,28525734656293
37557,32913767983614
37559,27526737394545
37754,34329041188702
37755,19244754082325
37820,12945878876515
37824,7696073880292
37828,5497367497567
37846,28964019001219
37863,31856835145136
37906,2029062907259
37924,32250840276127
37958,22503121577675
37960,16170789363864
37980,28445474501832
38082,27235539709331
38118,10769906737539
38161,3324166236996
38165,400880952936
38166,28707176307189
38210,25717182309864
38227,29507944256351
38232,28153725885124
38238,7095946543421
38274,13999856860973
38359,31498236605682
38389,9882965717635
38391,14276069788621
38428,27432018633983
38432,14620104933509
38437,6704286260662
38457,20001576752102
38500,4918087619496
38504,497109875031
38523,18912852739947
38540,29539124529090
38598,25803695626123
38719,4346650351023
38720,26714928899254
39155,13207462396279
39558,12250170727031
39572,6772293754404
39574,15967698608546
39575,15122467100649
39576,30068316875331
39577,27261892038547
39604,27871257381152
39753,14053641479765
39772,33707351629523
39783,29759152131361
39806,5110415158954
39821,12253313206718
39834,27525120228968
39835,21119365737307
39880,21592947180968
39898,33747892159135
39975,20126879011022
40050,7993013265979
40083,31110992138007
40084,28400099293850
40085,15783001198955
40097,8123156758167
40246,31343173253905
40267,25631825343666
40272,1235310743737
40285,8869674334487
40286,13213625680716
40288,22685913007520
40298,17865219375549
40310,27155343695572
40315,23765182307130
40326,23503920576501
40341,9009137700699
40407,9844993783341
40733,9198291463260
40734,21270904962253
40783,12377294667687
40828,27317494805070
41163,26615248972255
41299,18735672218490
41379,25517596693226
41387,33226955637967
41414,21582096929403
41424,10407958958057
41434,22902439092210
41484,31042206188781
41502,14082137609569
41520,12559137897982
41522,8384521931185
41523,15467766215243
41526,4847300938811
41532,5189111916271
41537,2365720782845
41572,29218916404684
41573,14919709908794
41586,20289021333264
41587,18133313518614
41602,4112231629503
41614,26121944391793
41678,1444204086353
41760,27521977299491
41826,11668757325067
41832,3620620746837
41928,32717618879976
41970,13315522494648
41985,2790145913653
42001,26711514124610
42002,27368223878394
42020,33882283982869
42021,28672406975844
42147,4017910268917
42248,14831181769082
42298,10363685991031
42328,8757363933998
42342,12845908819579
42395,9644857189495
42408,18860008102320
42478,8557257758106
42479,16380934547703
42481,10083125140888
42528,14373992524381
42547,8730132126826
42554,3738445078122
42644,16433632275865
42646,19223197451914
42696,32032882517767
42874,15423181057820
42887,11797824359661
42897,33909548900547
42931,29675439096857
43370,27241896194838
43425,15796877171987
43435,754794339405
43457,21080816030367
43472,8744965645843
43549,27798264907601
43556,7739921479594
43578,8031182107417
43582,17003126037185
43590,22015795658201
43628,15616536099315
43636,22977908187494
43706,2240178047028
43730,559964290256
43736,17580929556387
43756,7331185426173
43769,20297809490119
43787,15404061449584
43805,28575951751044
43807,11124565682936
43839,7380417125103
43847,31711770072950
43908,33239510233355
43914,31988570232363
43926,24949614847667
43932,606739190288
43966,31105782242859
43978,5599712207736
43998,7108970948148
44019,12921703533713
44082,5729205442698
44110,24972641494900
44113,13028078691450
44131,24080950183206
44144,8783633892800
44154,5104466505959
44158,27021949571980
44171,30069893693830
44184,21936520312334
44284,15477202007995
44288,28048846483025
44290,28612185405702
44293,12106182780008
44299,30091020763228
44302,12683371914145
44305,19371714311661
44308,23443305933244
44311,31294787393515
44312,33267994202356
44321,23353855929805
44324,24657271357600
44327,27878118374181
44359,2197984547848
44373,32169581986100
44390,8556684479421
44436,24222034186369
44445,9428276880081
44451,11884510593657
44453,377746294776
44456,1970023916438
44479,28785209669091
44486,12840429248126
44487,16577636450349
44491,27534436205193
44493,7630401031327
44496,27317097974359
44497,4829414696530
44498,12036367188147
44506,7915967020564
44508,19652821472390
44509,22099703493678
44512,29317935225579
44513,8172478901441
44514,22990239662550
44515,4202939671950
44516,20402573822568
44524,21018833338406
44525,28837987648497
44526,20744243093294
44527,28068005655187
44532,4891610677854
44533,7405615663632
44548,344296333889
44553,21180705971748
44554,713802349047
44556,32253536279606
44561,9232335431082
44564,9958800365550
44575,31313194900859
44576,28621307215409
44587,22008321443926
44593,21073816762896
44598,20005507538169
44600,26285621923238
44611,23555130345134
44615,32175521583603
44616,24018783882114
44617,4546432010701
44618,32451114648834
44622,13892357447188
44623,29373403631762
44637,32170794107638
44648,24239039573887
44652,30404636176555
44682,22854649871292
44686,3603416283666
44716,2070828278697
44747,15210715835938
44748,4904111754307
44773,29773574937326
44840,16411012975104
44845,11556953578472
44913,21231096662931
44915,30829989078417
44921,28657451404595
45212,17858471565022
45460,14689068994549
45711,7958500572983
46247,20079686287916
46295,33457662501948
46305,33885015677639
46310,8434343162090
46332,7241646429979
46336,13195698090030
46363,32693104453937
46370,2079530945100
46375,3408767424774
46396,19709814952374
46399,20636131260037
46408,19264459633076
46422,2392322372320
46459,18890891303821
46460,3861613146760
46824,9689812785094
46843,15190272892784
46845,10138058210338
46855,17165350004657
46880,17415940695304
46899,29216729339308
46931,8026290800974
46934,5507122283488
46943,30019786186996
46967,24500704795458
46970,9809358080380
47006,16483967682467
47102,13087380338918
47144,15889535869709
47406,29534818368741
47444,27994042439308
47505,7917440607900
47530,14941886284284
47541,24534547926154
47585,10826129330939
47633,3898313655884
47649,8287536661309
47667,28232061093700
47676,7021946041997
47684,18225768006538
47686,20576629677298
47805,20746756777684
47806,16101559271066
48046,2057144224247
48302,27615187543833
48501,8662154863672
48503,28912340424705
48543,7419302446162
48570,8947189164891
48577,32907948223668
48588,27037729768517
48633,22555301421631
48734,27391336310574
49293,20721315505302
49402,416219141928
49516,27250025386922
49878,25150885664690
49948,7699463867361
49949,9703902896066
49950,5985025055809
49951,18232590994255
49952,29263268820345
49954,28294839861855
49955,24677213496859
49957,32550047475080
49958,14334226431477
50077,1268876762741
50095,6908929089503
50097,26080610707911
50099,25952232479403
50107,14854596108143
50171,33057357657653
50175,32246095554323
50243,14420964799790
50244,26405167139572
50274,22356381142343
50275,23221737847022
50510,11304631838605
50514,7019119895300
50515,6160765775938
50544,8181554067733
50566,9305117209869
50572,25753179115518
50652,4048077075991
50680,8205321253506
50732,22592960156238
50753,17141470091417
50848,31041298385425
50860,11793925295173
50899,12993254398283
50935,19237254912987
50936,15003315981053
50946,3925222893331
51103,12216545875560
51109,31469154044896
51121,25444641170703
51133,12952257737164
51222,27318050835984
51313,5951316273359
51317,34014796977204
51367,13561533897984
51438,6170298417419
52109,11720831329294
53045,12445522928023
53380,29083022805295
53381,33790245219618
54334,2844454581484
54335,28849560216723
54336,1580283203131
54341,12133488593699
54350,4996505500
54421,24907942205851
54497,15169691389017
54531,33133169674490
54574,25497421499593
54631,11668795481040
55287,22094611065047
55288,3948830800591
55487,12121549790978
55910,11833569983354
55911,33010490738110
55912,21909500418801
56054,287718578162
56066,6990310094212
56220,4760859269753
56229,10123643577279
56234,12113592030743
56241,9046207574626
56251,26813301339949
56252,1780796967927
56253,11317518185439
56254,17489318548207
56257,18769852781899
56260,499175910016
56339,3616071313987
56341,17890217787302
56342,6801413568688
56781,11693319559769
56782,32704217964655
57030,31484327552866
57031,28896879540950
57032,30894361118859
57038,4580981496280
57058,19246370503653
57062,19774719280873
57064,12039948616118
57114,6925239993752
57130,27620918310000
57131,20878294582783
57275,17875928017314
57276,8227775035608
57278,32023701144557
57279,30153745932559
57380,21109818035870
57395,29351084437364
57403,3177256028862
57414,29253494055842
57490,14152749657456
57768,10525760520658
57879,15639306324124
57880,16091848352006
58368,25214454397089
58437,32924030652087
58438,32909130911370
58577,28581670427929
58592,24501947948760
58717,16239408191699
59369,15966468070033
59371,9212121882129
59372,11229205195649
59373,31103436114637
59374,21888998356718
59375,20357706854898
59376,25797546817083
59377,14499188466714
59378,19233415573833
59404,26177381441573
59405,30472216745058
59406,3536944380211
59407,24967895219890
59408,28948727780869
59412,32350481500687
59413,4984997289328
59414,14137391446661
59415,29651119446965
59490,6344563828847
59560,2645194390666
59764,16311701946762
59765,23378755133689
59886,19174699415682
59957,4017658684273
60096,33044451765575
60776,29760934323911
60777,4763750680749
60780,22261205359944
60781,22556704993200
60782,14491806578444
60783,7142088665432
60786,26593541694550
60787,4748304561507
60790,14598837385180
60791,17464645326630
60792,16671868766207
60812,15618972900345
60828,5522023655048
60829,32510535916329
61091,23568594996730
61092,25136631426177
61093,10538389529789
61094,2376508025051
61228,1226276198248
61569,8490173328556
61624,34341049636201
61744,7501427413411
61746,11163621249363
61750,10682180666631
62049,27656863083454
62054,29651845972878
62058,32577659573719
62102,7652671723333
62109,499777659333
62155,29368706593327
62159,144858607509
62170,32784587412038
62202,1777704950988
62203,9974154645856
62222,5876984627839
62226,13901940452965
62248,27062294099470
62250,32943312538025
62274,6765839829670
62276,4380986318756
62278,24977482932615
62282,32140128441997
62294,11462748576218
62296,20757138026773
63904,6193511783511
64308,30585520015472
64355,31642669504689
64356,29159694179016
64357,17527913640822
64634,19962274292950
64635,22795694430791
64843,18805487022109
65474,23410776421099
66190,2412320620080
66191,27894512200892
66192,18919146501810
66193,29976455260559
66528,4668643450866
66878,10210827221354
66879,31060620958690
66948,19624315292553
67244,23784346864141
67245,3978118864853
67246,32381928962984
67248,3880065606715
67249,26802669872388
67251,6172190967219
67252,1432361093135
67253,826548780063
67255,16203683622830
67257,31666084766303
67260,21896862804413
67298,27195878527498
67300,8514210878402
67301,1156472826100
67302,14163001401428
67303,29278751437979
67304,18170725417812
67305,26854164179408
67306,15594763370805
68754,13292815237029
69250,3292069440491
69252,33355519572008
69256,7742878907304
69314,18764333569794
69324,10817295035086
69364,4756191424624
69418,5575757393578
69594,9722251486546
69770,24232713469464
69902,31989823521019
69906,15022948021201
70337,7759753912897
70403,2541072883555
70548,23837480490034
70628,19591371543421
70723,27257308453091
71079,2680468235130
71217,16874963505168
71653,27681979698746
71654,9078902385528
71655,8352489283797
71894,28314734359616
72000,19320288768360
72182,12718168041095
72596,836208835521
72616,2425488666626
72636,28067932831621
72637,7543093319384
72638,12323453905540
72705,31244070462618
72840,32541725630161
72841,28321805428500
72842,8298035347724
72843,24643481519070
72844,8421325355182
73417,22771186263736
73418,7116892545631
73419,16212994182793
73420,18697218608338
73422,8801176698028
73423,356961929005
73424,24690366868361
73425,6978681672957
73426,17953932409221
73427,14153673259169
73428,10282811894418
73429,8745917026473
73497,698912087276
73516,1973468800944
73572,26516163156526
73584,27955447510300
73592,29710411742780
73622,19974369116423
73658,3223897063227
73670,32321536915482
73679,1818618095831
73686,15923364775983
73700,16956079783542
73715,20512924338975
73721,7799576480428
73747,17417564279471
73947,33381316825415
73949,21863512740626
73956,14512690013020
73969,29884702713607
74044,30624538708125
74133,15339183700627
74206,18855430240835
74210,31874319411580
74263,29457661595205
74304,10901468466321
74485,19179710888815
74615,20060841966947
74665,7443813518375
74739,16067316213802
74751,27735921535270
74753,19300242820486
74814,28110035130395
74835,15538061898148
74977,8841545595460
75020,14372481037786
75024,18586146027010
75063,9367534956775
75078,20685990174051
75087,32200520866181
75247,21473774935700
75300,2322022543931
75304,501061749705
75317,29373425511703
75821,33805476998325
75822,14710976403317
75824,3611715540893
75826,1497624574573
75828,18072335195137
75923,32714698256098
75924,24012839933376
75966,32918832883750
75967,33149213230559
76188,20150100426550
76223,5180688288651
76229,18475695921011
76236,18260832946455
76409,31555586970167
76501,16178540018219
76533,31055898641496
76903,16053017932573
77234,20873351528534
77235,505775385669
77260,33070115704417
77261,32554340232067
77284,2576151289008
77536,34097156915258
78061,5340354434940
78135,32221058992997
78158,911079555413
78491,4540295946442
78562,23102601287151
78631,28991040415673
78685,31906967660779
79205,12077419067796
79265,29768631449966
79651,21453145676590
79652,9984418210258
79653,8100515264485
79656,30341334110369
79658,4604549241971
79659,28094668863574
79660,10626013228893
79897,8747418192927
79986,27923188943905
80065,9453774092908
80098,4691890699038
80305,12924935095094
80495,33207651678746
80499,21284425312533
80598,29451969944766
80821,33351485907186
81072,21801901653162
81625,24043786465974
81680,11782384794481
81681,22517911742766
81703,26509581325639
82283,11710708786217
82294,20176002360016
82546,32409665239430
82633,26841112306103
82637,28144680436401
82829,15283581297887
83023,25478437107677
83105,30051200085582
83107,8361954644004
83109,20720161746774
83151,13390339974518
83173,29897604091724
83174,30522451555842
83294,27280704857203
83309,9710416295226
83316,125494062981
83318,14169247386716
83320,8948050124679
83322,16475189285056
83765,18205198265111
83782,32015502968454
83854,14444317407014
83906,2642692464687
83942,20455851938801
83953,17225807638507
83984,21393515545309
84187,3860251763814
84199,27393384573885
84218,2071950764881
84257,32748159004011
84270,10990471160022
84297,33195037407740
84338,25899942109651
84399,26867756723442
85057,2605382590770
85145,13444704050205
85179,25230741318250
85215,4754548252599
85372,20045708048432
85384,22178882205496
85967,16504820530394
86098,20802793991078
86121,15099206038918
86129,22132214466292
86130,6789972827792
86134,6638798833893
86154,1607823180823
86169,273760537076
86450,25984148115727
86453,22531877092943
86455,8748757750213
86523,9797414501644
86565,32115910736674
86688,24384447003198
86848,12221255736464
86892,23366874496470
86937,12916430916332
86946,28185645176652
86947,31686410044077
86948,14709700141317
86949,13886568542441
86950,31344085485856
86951,12773872111973
86952,4529880024068
87191,7555992050086
87303,17101968854908
87535,32074457427428
87635,21917054916096
87725,371832240726
87812,3514113259459
87944,3952647739114
87949,18768712257176
87960,30331403497299
87972,20256633126818
88391,4501713028761
88393,9840018512769
88395,14275074545861
88396,21464873903555
88399,17098735802450
88484,1257052562225
89259,18719218651039
89753,29326195907460
89813,24896618525586
90131,14036909177300
90254,32452719817043
90466,23252151626504
90467,15192917414833
90541,6917322330129
90626,21045966275146
90675,5815775643878
90764,10315926330145
90765,32306492090688
90767,6924638022156
91055,31386894663507
91115,33080845403621
91123,2152877478387
91242,1707621752026
91441,15336019710982
91485,13128276253075
91507,19046836342438
91583,7089668036434
91743,30597547727410
91771,15976906813997
91817,33842555465142
91975,1588555440903
92211,20032224165843
92420,23160666028083
92461,24625003432212
92884,34210727654723
93774,14817057871376
93989,7873256547971
94324,30473468587628
94362,2583873332159
94808,25820277074692
95751,11646550643132
96589,22763133196112
96590,29114120084022
96591,19684805111623
97233,23036360251829
97235,27445475583664
97304,26951221793900
97705,3346894710675
97733,10232400530495
98444,12993079779840
98445,15828327745452
98457,7708910309231
98486,24615009468351
98888,1213226065064
99087,5977009730967
99138,10243802158081
99145,16700195144898
99168,2704934492737
99217,6978086410341
99308,2128724219292
99853,15022332525989
100776,15134865569099
100840,32745610244568
101369,11265927145093
101377,1074501947611
101727,34348063880854
101904,17671414258206
102425,13274191459821
102438,5440795361704
102669,25195937076964
102739,26264812444030
103029,28053259609039
103311,20450618509645
103411,12836737783905
103452,28595401165996
103508,59779404626
103575,30648464366610
103609,14140357328201
104002,14888296144117
104182,12612735917675
104183,9751750719046
104184,4306894446420
104185,8877110665878
104186,7791030820851
104187,15311674835273
104188,17154075362303
104189,21710989960826
104253,15324139850048
104254,31093468082889
104256,23345897876350
104257,31769361494949
104258,13097263621265
104259,9365699092855
104260,32689169116333
104426,33108557893957
104434,26981881494670
104500,11266365146368
104516,18878533511195
105728,24002892099829
105729,27284793729867
107115,12790583760725
108886,14971816529055
109390,21544797168330
109472,10711558230773
109976,22878897339233
110358,29421935593858
110780,14336705474579
111544,11605889665844
112597,11213775122081
113120,12684696368506
113131,2555144662739
113132,29099182807606
113191,26245258041914
113258,21184425008401
113377,4824661358780
113795,25398167416848
113861,13670763934918
114734,1371738484667
114737,32667341655405
115062,30020729859377
115501,12088550015853
115511,23231601599089
115512,17191908725767
115646,9825630924471
115725,17882516994325
115847,1449084110559
116169,5100072735417
116180,17822948337458
116190,2341903400253
116315,13383797659576
116323,10519752512299
116493,27952667262942
116504,6111467398587
116527,6579092578588
116545,21931988033999
116555,22628185969522
116569,29043103373621
116609,500688444541
116686,4457307068142
116720,25612863094795
116858,9174366285013
116871,4557805334554
117054,28921878658278
117056,29877890201299
117057,21857993693389
117062,21979415244573
117063,22140376568206
117067,33455576591509
117188,16654738967797
117189,17268408829628
117484,29489327562641
119565,13883327755039
119680,11859754787839
119877,1626213636819
120942,15932756819447
120944,21453067034769
122866,13678263481330
123115,28341923282239
123204,32458702657459
123319,29275273573040
124238,8355442142434
124778,28889866115038
125224,13930559566645
125662,16417069366807
126954,17977858086719
126956,22336302984911
126962,5865734565278
129564,32124963262357
129811,32562646170542
129947,274333125117
129960,24482046204156
129965,33878962469995
129966,27480600475022
129967,11898034548021
130041,32249320068068
130045,1854246583911
130109,5928813316565
130557,26177303619409
130558,17977141158304
130589,5963264227370
130618,26990729348101
130619,22019840479203
130633,19417903902553
130652,22455772103367
130703,33650415335265
130825,18149301207145
130902,26203422802138
130958,32401885897469
130985,26914963627379
132115,21351300810058
132257,11872484419536
132259,6685961874925
132399,14890011104803
132432,17812223510328
132435,22455319778067
132436,22551534265020
132455,33045147918556
132463,20462034404809
132472,5676191733629
132476,30531135880065
132506,27456592017178
132507,15941484158407
132523,8535287551187
132528,1021420365940
132579,29402302578127
132680,21277142094253
132786,7715299594686
132788,23084721498859
132822,22765416291211
132898,18082667542868
132941,23322811895295
133020,26000728207540
133024,30226349706957
133025,30701773450072
133032,12095141826118
133033,21967911854676
133034,1981969872312
133047,9690100242932
133168,4140455248955
133187,10069947727367
133188,15498837002798
133189,9376669813093
133190,29821594588904
133191,2734320620454
133192,32290123455308
133193,21672387237395
133194,23482526657116
133195,29348378140246
133196,19994274354426
133197,6897478625147
133198,22489810824984
133199,14669374380513
133200,31605181184042
133202,3368050959185
133203,4411411401302
133204,1151634856909
133205,22358820846702
133206,7965732813851
133207,23999197808671
133208,18281155958086
133209,16569513565047
133210,18457070284944
133211,24637422082552
133212,20157142952901
133213,8213480201480
133214,4544463926082
133215,22433413205556
133216,24367406589207
133217,26587819059231
133218,33291975576264
133220,12524188368324
133221,2236487410063
133222,33291469653799
133229,28172957540199
133230,30787557667932
133231,29000993442254
133232,3961945879864
133233,7152431998681
133234,10791604342122
133235,25132134725598
133237,10031073782944
133238,46692442810
133239,2094896191824
133240,22625933675378
133241,23367263623309
133655,26688112565340
133723,12923933805692
133774,18816042732418
134118,19998512048894
135217,9924344991528
135335,23219854270068
135365,32012885710200
138654,23019921385406
139619,33023201307984
139646,23328718863265
139654,17803992490336
140560,24710746584088
140677,9432191949223
140681,9745793193809
140682,5976755694621
140683,16228298301442
140686,33240856542106
140689,2927382116624
143172,29477772903047
143471,3264900582403
145384,28117082413253
145738,18823513607506
146044,3915669036516
146128,6094331534462
146506,9586429201858
146587,11851778308587
146588,22063239260562
147063,17802154140580
147064,22528787092394
147065,26571030696107
147825,4470422902692
147838,17798649760440
150194,26525477432680
152272,32713724995538
152484,25280808334144
153113,15342927905159
153963,25923132972628
153965,17487888615083
154132,19992484023959
154138,23567258896563
154139,519891644617
154262,19081718141957
154595,21315285273529
154817,4333327739715
156007,2807910126811
156588,15478030962192
156589,24348978943606
156867,29247051812352
159110,25249103115768
159138,7204367525830
159140,19754015883201
159614,20649639044891
159615,24488840923248
160235,23708023063182
160528,14261047822122
160530,30594992732519
160571,13451559017528
160572,3142240098369
160628,14294338080448
160632,1515878225054
160633,30685989757513
160634,28854732128203
160635,31183225589620
160652,7428265616250
160653,24721806159456
162215,27804456116608
162227,13462392182926
162566,24029924453995
162595,19127304280522
162597,19876992383323
162599,26720150803548
162614,19096317365046
162826,14273948547034
162840,30165134444617
162972,26979411139012
162973,12656953536927
163000,31544775016538
163019,19753910513464
163128,28578325606339
163199,13662281556278
163277,9667235998116
163421,32797177891400
163431,25790988116243
163588,16345667799479
163630,30713490913255
163634,16549725782446
163794,25341736749606
164298,33086300575330
164645,13955907907502
164685,1751202550662
164708,9690025636374
164771,10983212980490
164800,31988551785302
164890,18686210626997
165171,16792111736180
165278,14633656069763
165280,33232286323435
165284,17558624588067
165360,16362366870326
165887,17264127666262
166361,14265038268549
166851,1453977935084
166900,9239915749081
166908,5514316889750
166910,28996361058665
166961,14879863228862
167011,6650415666265
167411,32157108474713
167531,8670125068645
167827,30357316676336
167910,19338238632793
168086,1612040398905
168205,14498597463172
168234,34231787620250
168335,1332297937189
168943,23417367815748
169081,14036431872570
169107,22524976229264
169144,11239609275783
169145,3785204275343
169146,8626335124707
169147,29194377682814
169149,9066939918765
169234,13399220588645
169531,24298095281839
169532,15313252132045
169533,10044334552275
169534,28450548791942
169535,32541249118686
169582,27466466980176
169646,16859934356826
169647,34602083895
169648,3281625049913
169804,3985839152107
170092,17800939004713
170622,2237574447643
170633,6856606176091
170948,25573943516606
170949,9173463011063
171190,8447417946879
171196,19514488668161
171197,21984295946315
171435,14927713999871
171498,18717874871836
171580,21021840157978
171602,4139868338757
171614,29346748584165
172019,6716345671875
172109,32972711123581
172322,20854371145743
172323,9545921246709
173455,14248079063891
173456,31619036133604
173457,8590719737929
173497,33776235782545
174370,24917116043396
175281,15606723340571
175466,13304571883307
175630,29349924755426
175848,5234592077355
175915,17995058963662
176785,13915343437944
177026,33593394185354
177387,12793705164469
177580,8067872614190
177878,5581230066750
177974,25782193910374
178078,26241082757341
178079,1412911307711
178080,34134892132385
178081,27073265762296
178216,6795844851558
178219,3795898423972
178244,15988574906591
178567,1237116367292
178772,13334704309019
178791,15289387412585
178802,28606285480255
179114,31562234787483
179127,22643854769519
179159,30369941161736
179167,29047165819200
179501,15881938659669
179519,29305595637557
179529,13280276371603
179640,20853010860604
179722,15154969330891
179724,7035961221558
179726,3900976779207
179994,29257087608131
180173,27286612560658
180678,20234744613831
180679,31172394513241
181299,13355042892706
182009,21721601890445
182217,26684102456196
182628,3709943842132
182629,8293778222796
183563,6239161734670
183565,28239655721509
184148,1755138502130
184427,12283642804303
184428,6538856987494
184847,14425896059066
184949,10121901241618
184958,26290349602391
184993,13577526017412
185125,6016308819525
185205,18051440384001
185215,1190292138230
185379,3042549039358
185406,10236269055108
185623,24340636676957
186399,17544314830987
186400,28325715265602
187394,9559933746079
187921,23233724050595
188179,13330097269660
188825,15928554746591
188826,13558056743742
188827,1471671514039
188828,14319315350846
188840,18874964280503
188843,31182319822518
188857,8382509494103
188996,23730060531129
189741,24396276536309
189743,1991270373191
189744,9477797999500
189745,7788208129504
189746,28684087281528
189868,3125703353567
190030,29762532918094
190256,5916034302025
190429,20784708035229
190483,21363300464106
190940,22920461637539
191034,15052309554996
191784,156394947076
191789,25655613218147
193666,27932949330827
193667,1358293099300
193683,29309335865289
194431,23064855752734
194992,25946423957844
194993,20952690321926
195063,15504503812207
195915,22468090657389
195916,25161359533669
195917,6776609665911
195920,6548003728632
195951,19277176214066
195956,15453460087144
195964,12961921683315
195969,10852913049424
195970,8968000576843
195971,11526013459105
195975,32650707188099
195976,19666085064782
196014,21859994693501
196068,15048409743048
196070,34303640621970
196094,5260074992342
196938,945792257301
196940,24593736446695
197019,14779833660980
197022,14615103271502
197115,28775052925746
197315,8901164619259
197358,1294812116255
197463,23345793167859
197466,856040435898
197467,12217587340951
197543,15912216293926
197568,31522791354073
197679,19772820008612
197711,24746029320739
197721,22713816142586
197736,24425296155467
197737,1868292339125
197757,2081439098301
197763,33584725522862
197773,11900066156698
197859,6540634530225
197892,28150080375662
197893,20045115705742
197896,30706499801343
197930,842887199146
197954,20281787782483
197966,32471995895504
197975,20933245571982
197982,30943718031667
198003,33351445766023
198062,3850567436705
198078,9041143793542
198083,10454875214836
198084,32616826480420
198085,8780829767957
198086,2508561213812
198128,1285355011939
198129,17102213562358
198159,22999425665207
198182,32351433974545
198208,18681416521584
198214,664408548671
198221,13786405309087
198235,28477487589590
198249,24898554398097
198325,17300350348276
198926,6393612871679
198928,33942158722039
198929,12602640530071
198930,28035489373013
198931,11278976267105
198935,1528207413236
198939,27066733189851
198942,1011004593958
198944,33915874175229
198945,6307666989741
198947,10509158604198
198948,15073240281339
198949,20743226627169
199059,10738792801844
199089,20868969375274
199212,1406159012708
199228,9829423443332
199254,8982797613671
199286,31400829081889
199355,33587389610004
199356,26648258951746
200129,9886589444107
203594,17682916105223
204451,18602749099232
204458,9666713241092
204459,3710562151312
204460,23818235416724
204485,16920919507492
206195,2114765103423
206211,31394410043417
206215,15279834764384
206320,9689124415215
206344,10118542684964
206345,33441329530814
206348,33527041013923
206350,12349156687900
206351,22514011141423
206699,29348077195120
206732,3009014533873
206741,10311974008306
207649,32382826976907
207650,27647666128782
207661,1444974067599
207895,32229414012694
207896,19299285727487
207897,20007440596404
207898,34034557063610
207901,5302003393101
207903,31883752316551
207904,27371906783081
207905,18593032952730
208315,26137638623117
208316,22952222535655
208317,3032429114823
208322,17022951780431
208637,21399161100421
208645,11728213093136
208661,1441177446696
208827,25766334957004
208832,2209511356744
208836,7327470251535
208888,2562327697981
209096,32093829796421
209097,25019192499295
209926,23691352469944
210563,7977081957559
210564,17383655890920
210565,26399496140560
210566,7041223812324
210567,6502650171049
210568,26135184540452
210569,14997025472035
210570,9090281509533
210571,930666783317
210572,14064356433679
210727,4719496137014
210729,31872375417042
211355,7386079397922
211892,32385918891182
211955,7117492802172
212473,16540317515636
212593,16923357449402
212682,6034512228816
212683,9508607625835
212817,28901101678614
213195,31341565851207
213202,1958273172139
213203,28008052773856
213257,12182564173208
213263,14015528987482
213267,31745554036391
213583,396897141839
213753,23898111951612
213754,23988549451989
213772,25447523575202
213773,14761280539353
213815,24460019368168
213816,20108581056130
213834,5265770104128
213835,14738501787366
213876,5499295926549
213877,20315773352949
213895,3158797698475
213896,21600314386310
213936,21275663466781
213937,15990294699222
213955,3875039526734
213956,16455405285301
213988,30049750493738
213989,19168973265919
214014,25964415058067
214015,12110559536568
214053,18828972719433
214057,21986217959159
214082,19435647979776
214093,15647295584398
214140,10476416616977
214141,28665855068521
214159,21603815336336
214160,33429865533245
214201,2512684473227
214202,2450995869404
214220,31704762044174
214221,7213990277129
214276,23570139188004
214277,7536570293722
214295,2405198189094
214296,17621295703675
214304,1093863884413
214305,17587735093722
214650,15178200544161
214948,20867905341962
214951,14472097263493
214953,1584257042316
215227,10268384383544
215262,15603062904899
215267,18857722481519
215475,10470388434218
215945,4772905804951
215969,7139834091813
216024,24984436777267
216279,6990805213734
216412,10309383163577
216442,22282422904445
216554,30982573729566
216566,4082061913535
217111,21195425232684
217112,6091784993024
217113,1128559698699
217164,14662885100369
217232,7489315949150
217296,9362531409132
217310,20322974496382
217806,13666429712059
220239,6422894760683
220253,33539156281669
220254,19168105167994
220549,32225658884421
220550,27504739562990
221062,1455885570935
221377,29273007017556
221431,7299881550539
221433,27283386533701
221434,2155000391891
221625,9966284967275
221650,16042411173044
221655,8180665285743
221657,25273895352666
221658,33998559039994
221661,17055700933613
221662,25094802651950
221666,8213376797023
221668,13206635280296
221683,8451436398892
221951,19303727920570
221960,33692301890922
222115,15025336919432
222116,5949186040051
222129,4844990483600
222140,6562930135349
222141,17055338162744
222142,8399805610443
222143,21144826578704
222415,7726214498347
222429,26433040498033
222503,19033634459672
223059,4962299835880
223191,21671806211197
223308,30920884770587
223919,26695306553376
224035,25519064791248
224037,4608503293116
224468,12776061475973
224655,33479434131152
224656,16856812146945
225869,8197286373243
226449,25236453950465
226805,6627376083005
226806,24138332262303
226874,7155804476945
226941,845146826672
227029,1659235014455
227131,7517262727824
227301,13474292782481
227644,17995867285415
227645,17033638175221
227727,7416212635616
228514,22361024023670
228523,24931323173859
228752,23849186513642
228753,1071403115356
229143,8859035994013
229163,17507404885875
229204,31613085512100
229685,9646770357462
229686,11440090233299
229687,29576641270886
229689,23024369577410
229730,11050314749820
229732,18409513337996
229761,24690962144035
229762,12120398808909
229764,6336587294388
229765,6466759873538
229767,21284877074725
229769,34131243041104
229771,5062189608479
229773,7266477497197
229775,1956941723123
229777,17219759044860
229779,6793503926197
229781,15348802308973
229783,23905346976541
229784,11383286307025
229786,8665938213487
229788,11402252915728
229789,15795990749152
229790,22718085820210
229791,14654201747248
229792,27974470946309
229793,23452332814382
229794,10767114631215
229796,3539462721705
229798,27238752529747
229800,26583760091517
229920,17421348190011
230056,28738331180167
230099,15836700353992
230113,32184136352476
230241,26892113683744
230254,30631734623811
230263,29753660843930
230300,5073653211300
230301,12897018509200
230770,29048071552721
231302,14178827956636
231334,33277107101328
231784,26994783828732
231846,12461867934193
232135,3798799654241
232136,27258575549048
232174,4689520149206
232186,29371612094604
232187,10671659173290
232497,22309559212155
232502,22708451784844
232518,27024255683131
232550,12129342612663
232551,17539487120339
232631,21897217165918
232667,33100237212296
232680,23796247937314
232701,31496301170906
232709,1795846757605
232718,22606477494474
232735,5756573180514
232736,2745642672207
232737,31444870258194
232835,26659280567596
232843,24409897439069
232845,3384885955550
232846,4298651952088
232854,23831842314224
232861,14104437285188
232862,33996916973552
232864,28552814605698
232869,734239050409
232879,278259527534
232884,3995439920916
232888,20549466803857
232902,23698221459473
232998,6481031972455
233533,6035970591052
233547,15698088310709
233548,32600192643900
233773,25190647093290
233781,24404592484710
233787,19088070750973
233799,33543623945675
233844,28896232044696
233846,23202644113552
233848,15068181202918
233887,28299007452266
233888,7100435882714
233985,8097670329089
233986,19756226992720
234002,23406733416887
234003,3527027154658
234005,27291222705890
234195,15805207983887
234197,5403962247022
234198,20945465155686
234199,23464111355445
234201,1183271430889
234202,23400115643986
234203,29664081259194
234231,25188636682105
234279,23639926104061
234302,14627084137766
234327,10611344969566
234390,22683031122577
234391,10637475907050
234393,2346564488665
234394,29009012058934
234395,23222128994439
234396,24164496500994
234397,25170970734059
234467,24720098479022
234468,34091440767942
234469,14318283510364
234699,27049133468872
234706,27415210432835
234823,8029693717990
234825,1755010844709
234833,29719222857973
234893,16515743171413
234895,28037920005723
234947,14735487513344
234948,13422246353007
234955,32947979689657
234990,18347330623796
235037,23037388703112
235057,7732340301023
235059,14100779712757
235060,32971491949952
235061,9981720600598
235063,30084146030853
235071,584238955177
235220,19887821057130
235521,5344609653869
236307,20666918317455
236308,7344257919174
236309,7757814423366
236310,18485850819789
236378,4840768610266
236651,4704340043463
236672,21106982509166
236693,16911981245364
236696,8612584411330
236772,5765851555440
236880,17358232520054
237162,15056829447350
237323,9379401115658
237325,21111163250912
237449,14256072076070
237457,803672054802
237458,14607331518025
237647,3868452275593
237648,26295000878530
237649,9154349768937
238030,8110247569344
238102,24409906341335
238168,1765656764643
238170,11818514313287
238697,23737870484696
238709,27180448557138
238710,17635704894038
238711,33391172837834
238712,12416669383483
238713,3653274999665
238714,15327192209925
238715,13468248404889
238885,10753054445922
238886,28802720113676
238993,10407814583911
238994,20675023292542
239012,1708203409607
239026,14959585584252
239037,16481139907495
239100,27658948262455
239191,18208786021809
239192,2978523627692
239222,6448161190048
239223,20757880153628
239224,17259071802240
239225,20059202809827
239226,29129647058775
239227,14182272101465
239228,7792044640130
239229,30681394397623
239230,30387525302969
239231,27731908183150
239232,33186556950365
239233,7668878631723
239234,30671623120385
239235,21020244513801
239236,16813725009387
239237,13424788709235
239238,10319747391875
239239,19471280082467
239240,7630341383201
239241,24543411415701
239242,260811287320
239243,11107139015593
239244,8295416149519
239245,9627811306526
239246,27847944966719
239247,29916577988991
239248,14006130197730
239249,29629275391981
239250,31128098957765
239251,11944491628207
239252,2802451110179
239253,30047029346850
239254,16230909752271
239255,5046948523282
239256,18683185352847
239257,19449033976149
239258,30927635075877
239259,7748395001594
239260,5091299015623
239261,21439972198876
239262,11452024615405
239263,22147021710850
239264,16162110547186
239265,19050524670793
239266,2654665647639
239267,1649874146415
239268,9038900031197
239269,1274417310142
239270,30452637423073
239271,29770239840331
239272,15583039024656
239273,29808744662846
239274,24292831802364
239275,30312405968262
239276,24989116700922
239277,9127623264537
239278,15778730357268
239279,1612592616173
239280,30706497932640
239281,21561166296215
239282,1609892980305
239283,23001491676239
239284,9880264731312
239285,2169467477635
239286,2036270925624
239287,15949843423527
239288,9583568526160
239289,11043305806121
239290,32633551792135
239291,19327289413744
239292,22440185836565
239293,34150159118781
239294,16751454253412
239295,4285155300855
239296,7046813026894
239297,31878089562646
239298,581447499083
239300,27654223463488
239301,25590530326418
239302,23010467297795
239305,18416441042119
239306,2085787714486
239307,17155600356727
239310,31725692971348
239311,20105553333778
239312,27661727070288
239315,23105027653883
239316,729747603136
239317,23111392392501
239318,29094768368184
239319,12183551835251
239322,31365176196803
239364,18226360212762
239750,4611073227970
239753,5357372011285
239754,15205222775594
239756,2960007346203
239757,20160438751942
239758,20848683636592
239763,4830777041129
239817,5806416476807
239913,12097383238913
239921,22700488922727
239947,6716308226911
239948,8889389801181
239950,15409389411090
239957,13912233378928
239959,11026581403685
239972,10300080463742
240016,30611509708873
240020,9616555024991
240100,16991490305339
240172,23320249225916
240227,24640346893937
240280,14385116421477
240313,12117164063475
240322,15819294190465
240384,16016228368730
240385,6944379906140
240524,23312548509628
240525,3733539289218
240526,18702513896309
240527,17064288120165
240536,26192506232275
240537,8500920958228
240538,156914948919
240596,8743438828226
240835,24332725585063
240836,688932712770
241084,6722233679694
241159,5923473061395
241296,4312299369802
241299,25167422305923
241353,9204783636072
241544,9232934500896
241593,12577238407495
241594,31746070308272
241595,28548943942551
241671,6722746564793
241723,11331166364237
241846,22127047098204
242126,8989191579804
242132,2351435291128
242149,18350857298390
242156,15155198781950
242549,21266644884902
242642,22782189577553
242688,11275719502814
242689,20815786344341
242783,14975378504902
242854,30349689446075
242856,25040157294957
242897,9585793611375
242906,32173181076731
242907,20929620527016
242908,33061297638967
242909,28005697574469
243019,25225827913483
243024,10436634541306
243039,32064246066408
243345,20144689704587
243346,21822183218843
243406,16922988743739
243407,15757929409468
243408,8490086328570
243427,28497791528040
243795,32345343877575
243796,14179361980117
243797,19438098224931
243798,17524770846728
243799,15798013584244
243840,25161333643278
243842,27299068667028
243844,24540323374290
244122,11492723920144
244144,11960230616891
244148,31933464103948
244149,33725498059452
244155,15204388547524
244714,2941223376907
244715,23269388869113
244716,16265619439708
244717,17089152931764
244718,24590610927406
244719,20984197093149
244720,26648882524337
244721,24016714037426
244722,33426737144620
244723,7407802829620
244727,11110999302754
244728,30040399185449
244745,12444365075188
244815,684356584217
244832,13926879846400
244833,16134923579866
244931,6496287824627
244932,34287403608373
244933,12120673330619
244934,20612670170888
244935,11454680974392
244936,18650989678001
244937,8312514712383
244938,10892466746819
244939,10246959413253
244940,11237356588637
244941,9094132164000
244942,1854627382805
244943,24667411929979
245064,10424730002517
245156,29025704863183
245157,26755427281173
245162,4630439308603
245165,22148618186978
245168,19318937503558
245179,33604420560079
245198,876285591665
245206,1002905848066
245225,16987413462765
245760,20148936494545
245767,16688242989081
245769,17081041585965
245770,7982515837081
245771,29749100446791
245772,30238213915975
245773,11663667314910
245792,32730200821017
245806,29203915365953
245807,34057613641801
245808,6881472716110
245809,9855001393357
245810,32096294234487
245811,15426289953453
245812,17414010984356
245813,3402490690658
245814,6294741666544
245815,22556328371272
245816,33546498502712
245817,22275438947345
245818,19843755083080
245819,5955027740918
245820,9429109394270
245822,6712694121039
245823,33648974127779
246194,13481159181330
246195,34120336623793
246196,26701644805266
246197,22139941464373
246325,21151963515721
246333,23514718584130
246357,10460911427952
246376,15167346580261
246393,30057721940096
246460,3666401850612
246593,11817862503684
246595,11706784049653
246770,29883218395117
246871,14677607842838
246886,6284252522318
246953,6578310992785
246967,31581217205817
247004,32697202039220
247198,6789391142095
247246,30977352247560
247296,7774854389146
247406,14291741071866
247980,16201954682714
247983,22764098622773
247984,20651069828247
247987,12314189188641
248040,18183448291544
248067,32488059163677
248103,11387819211724
248171,15037639996388
248491,5626496744461
248492,28728287297001
248588,4296421285831
248709,12804202531440
248828,19262396898003
249816,25597546382683
249820,5155330636139
249822,3711169830433
250318,3860492140103
250499,728881266012
250766,11154697199314
250767,23084015102769
250768,24230601046010
250769,32413709205881
250770,33943811672529
250876,30978015600624
251037,8764149266803
251044,29074584918679
251082,12707878258544
251127,11532665853609
251605,18299276545626
251691,28091279842859
251692,2152417618618
251693,32472969477219
251694,20899815455059
252101,28011699473539
252213,443330141271
252443,3143255378529
252700,24621940943093
252769,775713439732
253145,8709111540786
253146,6486126441319
253147,28574074989595
253148,9054101772850
253149,26840143052391
253150,17942325721718
253151,14520523311298
253152,24595118485389
253153,12552793314619
253154,5684606467552
253155,11885419829227
253156,22421656058187
253157,16658421372662
253158,6336378766712
253159,22244177222441
253160,16403110475824
253161,31806561966279
253162,13567011686702
253163,19614789297725
253164,3281676241523
253165,7637875717260
253166,11568562013404
253167,20113413803723
253168,14496362961762
253169,26454787153301
253170,8921929502569
253382,9273802019934
253411,28966847495207
253430,4584786170734
253431,34075512882885
253730,17362053114289
254323,2765144712577
254335,27329425766530
254500,17896106919190
254506,7837864024187
254509,24714394716738
254512,29856952483184
254515,16454647021145
254544,3936175633491
254555,27917025350614
254568,16229591278188
254914,30967384648261
254915,11720461054377
254916,12130231916405
254939,31190073896795
254940,28701147183366
254942,29668039446558
254943,6533307619936
254945,10382970039291
254946,13829075112857
254951,27809917433597
254952,6897446049972
254954,32813013603435
254955,32052514451143
254957,26583220733627
254958,6010039441388
254960,33569228883737
254961,2402340144319
254963,26052326633665
254964,8093053705618
255048,15099665544305
255209,15834481142427
255211,22668450753174
255311,20953494718791
256139,692511352024
256140,15909808122814
257644,23247201587067
257656,10147653711293
257658,21057797710857
257659,31716277188020
257660,6480361713340
257661,29301031879995
257662,11430184941282
257663,30717752730745
257664,9106613599616
257666,25415265693997
257667,3746189947489
257683,17094700233070
257684,1877748924315
257890,16018786259261
257893,1086128643331
257901,19680231541901
257912,31077437166252
257926,25802265397870
258063,17864550623688
258111,13282975299582
258120,24955878852046
258123,8052281244499
258141,3190342696651
258167,3722596813431
258627,18338131715960
258758,16526196263816
259234,5871512970096
259243,25291880182900
259244,3392661009699
259245,6211271505727
259246,9235609886901
259248,8651922303070
259249,7616315277802
259250,32359610824924
259251,25038284019833
259252,24237160067017
259253,687897875277
259254,7770437688515
259255,14063574778005
259257,17870206964082
259304,21265697291662
259411,9155929271331
259706,14102828250499
259710,2064140060958
259712,23656487282128
259714,11939161835239
259739,8540742916528
259740,26024405851259
260459,30666834246985
261683,19369265133937
261684,12666129688241
261687,4694353578293
261814,33876709718623
261815,24867789798697
262097,3050939856084
262103,30007464221792
262254,32223597683273
262255,16830124550102
262285,10933507227874
262333,8898463681137
262334,7938806536685
262335,17788209804054
262336,44106039292
262337,17361809642724
262338,20849894057572
262339,17839930037669
262340,26623668603191
262341,23345882617090
262342,5371337095150
262343,5181939625389
262344,25752007057942
262345,24605922835952
262346,4583127839241
262347,22990914035097
262348,6807922931817
262349,6454444010855
262350,5796504699509
262351,13476951301283
262352,10929112626064
262353,8389444627053
262354,4961026034279
262355,31638060826795
262356,21934033764531
262357,8384367306022
262358,27400281044946
262360,12408757282152
262361,14125265900939
262362,1063574299052
262363,6903035801753
262364,22970358845579
262365,20012107302190
262366,19108563582597
262368,581225730685
262369,27266231503258
262370,9199005371985
262371,17640666369977
262467,21161103721899
262468,9384167473347
262469,14360772678478
262470,33675456942081
262471,9629026218464
262472,19306835148853
262473,13447803904852
262474,7711633171124
262475,27960342355057
262476,30277853825345
262477,25938590771179
262478,5947459390173
262479,12729038979549
262480,13657061558061
262481,27359752788516
262482,5657117680572
262483,28262377798394
262484,24058725095551
262485,32314629026779
262486,20157202336862
262487,30857798205101
262488,7479847490710
262489,27853135841084
262490,20939955194247
262491,34197525854579
262492,17196818984945
262493,31750229846921
262494,27344482012379
262495,26143860794714
262496,24137812812929
262497,4102959435070
262498,7527992405506
262499,9053565646705
262500,30988415467661
262501,8185460129321
262502,32058187208919
262503,21613103199494
262506,31509971065851
262515,22323966645226
262529,3888427476364
262530,22229024318088
262531,32490620676444
262532,26953000958106
262533,1942141048772
262534,5545138373449
262535,20243126547198
262569,8394399655337
262570,21196471027741
262571,12427412218349
262574,31565866222106
262576,23806844346508
262578,6910943682033
262580,23360501849568
262582,8823326176426
262585,234822554308
262587,26359445632260
262589,17262584087774
262592,19002840834709
262785,12476947904827
262872,19413028279064
262875,7431017171021
262876,14216335835142
262877,18089005071394
262878,22672518470356
262879,16101687339856
262880,26088823496468
262881,6252495858988
262882,17248513750832
262885,33987252915968
262886,16753731309769
262890,20590627866818
263010,15706509696319
263540,18403115279688
263751,33688877251668
263754,3962194113992
264614,26459568929353
264617,7715770426164
265977,8743089791524
265979,17256355372248
266116,17910671903593
266403,2615278606432
266461,32666851920125
267010,6848105886381
267248,31297975621186
267470,16875533663958
267487,13272647639860
267490,1500563149701
267551,7431494967493
267552,24832090297649
267554,23470050931494
267555,730036056803
267714,24143323728791
268394,18091613629321
268395,27935363142791
268399,7840410798385
268401,445777501100
268402,2552526798737
268780,13909135385164
269729,26577473955940
270505,14954975487576
270506,15975859633785
270507,5301489584721
270508,11152780418824
270509,31313776466278
270510,29009415096547
270511,15196714379863
270512,2756833708795
270626,25276214757807
270627,17650335953001
270628,26408669749596
270633,28535245089825
270674,15177043826804
272307,21770451398154
272700,25286585104491
272810,2208352700045
273452,23300529324358
273467,22209030775967
273468,26546408891970
273844,13107816813287
273850,3755394716229
273852,3578743893814
273854,974218635023
273929,15384152213469
274710,5101840259188
275743,19405796014598
275744,6090283130849
275768,5837620201928
275770,22707101744457
275771,32734535096588
275772,32578389183922
275773,9399136559709
275774,9375484546846
275775,23016461746208
275785,20272155194230
275801,3116469373694
275802,30776453522369
275804,1765403070076
275805,24863066285644
275824,25425028234981
275825,15192992769732
275826,31785664492964
276059,5157617802237
276067,6218812225274
276925,20627712247285
276926,1323595329804
276941,29310777621698
276943,33316023477766
276944,15090854886445
276945,6379807413707
276946,14659347734391
277353,7834943471263
277394,4948316996078
277409,2792849960662
277410,14386325708804
277453,21595225590426
277455,28375515700896
277458,31753856842316
277461,4549258809651
277472,17406747998851
277476,26105203021850
277593,14744850992112
277596,26640817851572
277648,25261498520249
277651,6614156352506
277652,17882958395309
277653,9294624513668
277654,22061668913453
277655,7376977880113
277669,20978232338642
277681,14005058416384
277703,20221062037417
277704,5408656777336
277708,10641677904104
277709,8225746254922
277716,18411147967593
277717,23969649342442
277749,22168193929782
277750,8615406799332
277759,28580361611479
277771,4869313579767
277779,439496805185
277812,14555670568505
277813,31549754415475
277814,13584552382735
277815,29646879400805
277816,22917192975406
277817,9515222728711
277821,18662313886373
277823,28289262475056
277824,2465289159508
277826,787081147404
277827,17372735828750
277828,14664076322757
277829,22627602720176
277830,7944609574326
277833,1142752102159
277834,20262970285249
277835,24719705578440
277836,13998378812054
277947,4986222421637
277990,16162818266217
277991,5580852120331
277992,19585188944563
279651,4493099635754
280891,13465853953216
280893,16079732793370
280894,19256912720836
280896,7629882767616
280900,19886111020710
280901,4906853536550
280902,21091976187597
280904,1562544477065
280905,32635318558290
280906,14480956158449
280907,31208044272840
280908,3030836020248
280909,23977773852458
280910,25213679498017
280911,21630141367729
280912,21634375526521
280913,28998668107821
280914,17731205857313
280915,2207676739030
280916,22577804140195
280917,20841989815460
280918,29625880727425
280919,184099555668
280920,1903781204096
280921,4042534312881
280922,30048281073229
280923,33915994834212
280924,10151405130091
281300,14991947467559
281301,14093488617717
281302,9925160263606
281303,8077572092916
281304,28546267488794
281305,21858122080771
281306,2326303040449
281307,5590148043769
281308,15559747458015
281311,704558312346
281312,22127120299224
281313,32477725977406
281314,34192437630127
281353,7604897442190
281354,8075427089330
281400,11404640132640
281401,21739225378309
281466,10496017895903
281496,18226273165910
281497,31636091569546
281635,482657954743
281637,15602235155001
281638,12387686855345
281648,16073757621206
281650,1090780707869
281652,5574979706608
282695,19291611119440
282696,31267306684454
282698,28644400791020
282769,17244462616261
282852,14245413406778
282913,2546908954892
282914,22214493420468
282918,33623614862890
282919,8151467857378
282920,10812886290707
282921,15351496358673
282925,4200977440250
282926,16699445410541
282927,28476751389297
282928,16634223426890
282929,29483359842305
282930,11747423221644
282953,23347739082139
282954,10072416231841
282962,31597584151849
282971,28432198895398
282972,31786081749184
282973,12616357835052
282974,22223861039143
283150,24048226498355
283249,21449442240897
283250,9611476860166
283251,27773980472814
283253,24828342779286
283254,837049206149
283256,21950080859749
283257,22743871581459
283258,4827813327374
283278,1923530616232
283286,29011303193320
283291,11946125374634
283306,2334005352332
283382,24390096282738
283429,23415423988073
283434,22875959143758
283439,21017487036288
283485,34304016592459
283572,32030767180971
283610,11584214602091
283611,17790195440331
283612,4063656196426
283613,34325554749099
283615,18919317252602
283705,27825100896421
283750,5585899251441
283828,29050296229813
283829,16730583388340
283859,18202588491685
283860,22077801813231
283863,1897932840636
283879,23641762577860
284043,19891659384799
284046,24670263224152
284048,8323611396023
284055,30271073056537
284056,29497258841394
284057,12209551378470
284058,22458446248062
284059,27128178392579
284074,30278706681100
284077,26996166511710
284461,34041065693773
284606,19454154436083
284610,4583226868742
284612,28416145947613
284620,13191621024350
284621,22086120434501
284622,15499178007879
284623,18247811556501
284624,27357607672102
284625,2363530959970
284626,27006212471804
284627,16845653183368
284632,3526457366884
284633,12016633817488
284634,27599098010245
284635,18849734578620
285291,15435027935315
285292,5510799212559
285379,15068239115366
285409,1570588803049
285418,20428288158002
285419,33796635122917
285421,28103705427482
285477,16486792890677
285772,24103488548711
287988,15156164957016
287989,15668273799730
287993,15637799632417
288053,16657704198159
288309,2862204756805
288318,29732917154882
288595,22801081389350
288771,9766338608597
289562,20261954869648
289570,34165733016343
289571,21911076936067
289572,23063513322837
289972,30106790389791
290139,14713587683501
292008,17165159031542
292048,1073794897498
292072,33923087482797
292567,26115351521076
292568,21801788798120
292646,10021816581718
292647,8461611332183
292649,10821618643524
292654,33429853439913
292783,5668878051144
292784,8792169945369
292785,26217227856421
292842,22049803705569
292844,187032761709
292845,2532826847564
292847,6206006618744
292848,27039553781742
292849,24813406774914
292850,600232916420
292851,4639431548014
292852,21498229211014
292853,19799055285655
292854,11995873139627
292855,32016308583196
292856,5345467780235
292857,5103698523211
292858,20480468360779
292859,25856964640735
292860,2952870998185
292861,28877127613068
292862,30019123032283
292863,27264090350177
292864,25434288730781
292865,22373903789405
292866,23963229035135
292868,21334824451442
292869,18273807155224
292870,30043505097383
292872,27258553377059
292873,2751675063529
292881,18120984970220
292887,30421314365595
292930,6783743948575
292937,27323982825718
292938,16192902730321
292939,33970507995481
292959,7207472073602
292960,8532554242495
292973,7338757228094
292974,27795841140193
293243,4472849094027
296127,19045947339989
296556,32089603808205
296600,15174767424603
296601,30625222167871
296602,33593479648047
296616,28591079914880
296768,24839107437324
296771,3392949340572
296772,12827834070253
299653,22674560260585
299680,5469004146152
299928,30177548000399
299930,14848267674949
300199,21244845489845
300200,8253563269183
300201,4917022563180
300203,17901775651263
300204,10479394920995
300535,22286128294408
300606,25728349149887
300607,9147933047964
300973,2326298076713
300974,28722738688293
301088,12002248888964
301090,13250377709012
302422,16322587098806
302427,31006486791702
302592,18538458991350
302593,3098160542736
304238,32859346999162
304587,33470166578421
304588,1826427311290
304589,2558381730355
304984,11577289287693
305004,25994879636661
305008,8782762258356
305010,7598065748162
305013,4801036093432
305023,31230809431026
305047,20935635419709
305054,4432425216986
305055,9801787767266
305056,22493166243633
305058,12670195038841
305059,11266830496055
305060,23606770337222
305061,25618175413992
305063,8027661011498
305064,26429694734435
305067,17654260546595
305069,22827433012903
305070,6136833707212
305071,28848008034722
305077,24457506531093
305078,543270581789
305079,13975076009174
305080,28827229052312
305081,32085859422369
305086,25177329356672
305088,2279598558620
305108,9286565805768
305119,15826336852479
305120,18257555978513
305121,19485971069430
305122,2178037921643
305309,2886608284291
305312,23896120580998
305411,20064793265665
305413,10399263699307
305603,24740231694476
305605,30767340207739
305606,19674280872694
305760,7390433734809
306013,9612119174016
306015,6860467393037
306020,33607744751684
306021,2466762178142
306023,18111838659160
306024,11609482941245
306025,24226372857971
306026,28572149676750
306045,1408402798900
306046,30143531387973
306049,28976766197846
306107,34083262602458
306108,26882127031197
306179,14811866901082
306180,13723790998031
306181,32689151664191
306182,33292403677654
306192,26746697776880
306193,11374594242381
306197,31160196397005
306198,9498227636084
306199,32981992725158
306203,17412783592417
306207,19718840673965
306209,34338887011986
306221,24120335384501
306225,26975009945865
306226,4278790585650
306227,25276135111663
306229,23843206718943
306231,10213877305502
306232,18787515194219
306233,23692509102548
306236,25664530491540
306467,21790239622907
306470,7925572737748
306471,28556462417668
306472,1784720160083
306475,9702428816742
306479,28857894160434
306480,3740017482733
306489,19838899625261
306495,1153290925940
306498,4446275353191
306510,7302202353653
306513,16746901877388
306519,13540792326370
306522,21727055712536
306523,2639889574743
306536,13531959545966
306539,31361603158193
306544,23128545799385
306556,25523322219761
306572,8591139565458
306621,13570186483009
306678,12445857887090
306779,33748320350012
306793,32159769967349
306817,2617146748639
306819,1871590107346
306820,22338338690511
306821,14140985987065
306828,20937312641421
306885,12006218990597
306888,12583913944695
308003,1445172259909
308871,18254151239823
308963,32809767997877
308981,7591577898169
308992,22880251067700
308995,1993701680379
308998,30583112758437
309009,19951720318234
309012,10168458860328
309014,964079244183
309015,18168185196099
309017,21536577029753
309025,673747334192
309028,12621556487116
309748,16188645261859
309780,20144093736476
309798,22820268600159
309804,26587617607015
309805,5890520084571
309806,6208705430501
309807,26414804932731
309808,11401232088853
309809,28933268555957
309813,11653321227654
309920,522284947966
309927,8901978705092
310032,33292496086847
310033,3631957514011
310034,18909502392900
310035,31902866897918
310036,29939628696230
310037,25809218025
310038,26634866186275
310039,6202095233711
310064,1527378211157
310065,17913423205892
310066,12886042462772
310067,15131239858422
310068,2753240057246
310069,22413762544770
310097,30119202430977
310135,10212424628952
310204,5046882383124
310212,17003635855508
310213,10273050870241
310214,15773194181125
310216,23277266088852
310277,30928326992220
310294,5137202643669
310304,12073492441558
310730,5436226474325
312068,4498514041038
312069,32780347105507
312124,7515348564922
312125,19236643343314
312126,33872182290687
312127,7177482414312
312128,23624758272879
312130,15675346183559
312132,32674519266307
312133,33724563777649
312135,6855412264366
312136,2361942035112
312138,33476768503906
312139,1934644599768
312141,19576955497359
312469,22981457453481
312471,7731458985022
312472,17369053626569
312473,13962780926682
312474,32660234398363
312503,34248473588057
312898,28294899433417
312900,18058468658058
314615,17377226264348
314616,5869406619174
314617,24346690355269
314618,29020939395395
314619,14128915445694
314620,19231247267550
314621,34073465653141
314622,32947964731298
314922,20073575926599
314923,10143807147219
314924,12786310221273
314963,33370041200308
315079,7791223611482
315238,14460077360004
315239,27635461895802
315240,13369621580155
316772,17908897956901
316773,31464800018936
316774,5348834637530
316775,29092994941978
316776,6850000605175
316777,2993095944970
316778,22076098261950
316779,25373809345157
316780,8684468948261
316781,12874767109408
316782,11903664379206
316783,3345299851124
317016,4313699090164
317193,10589625956905
317195,6877663011
317798,20909838106298
317799,29637763472261
317800,7182796474519
317801,18056700814596
317802,524466847302
317804,10221498668567
317806,23215275889716
317807,30005054998252
317808,27097008068629
317809,34045902536899
317810,18119732277739
317811,16469638627766
317812,11303941710596
317813,21943514336352
317814,2887647599656
317815,25320471909330
317816,7572536210863
317817,2178827219416
317818,7568117425248
317819,17835378727355
317820,10913436225379
317821,31185561196874
317822,7666470533648
317823,24509026148533
317824,24059881610412
317825,14843463679723
317826,6468055469540
317827,13032257774080
317835,16753686239793
317838,6041675410874
317839,6137516281344
317868,1688456499590
318318,7590966125318
318326,31291231216959
318330,12128053196968
318336,2166797840171
318386,729508825756
318596,12918256114229
318597,31592937684165
318598,6833903280135
319131,2689298401022
319132,4497623895397
319133,373766679154
319134,12519689196508
319135,33614378655349
319136,20741314197976
319140,19756137635757
319141,21823371963112
319156,5128378428729
319192,28710022164432
319532,10137429371383
319534,8528695292930
319537,8941859511520
319544,10105145336786
319547,2725345515010
319553,2950907708792
320056,1462646728880
320112,9258001022439
320114,32269586594394
320115,3532001338195
320124,9386344520585
320125,5333057574123
320131,5463700591855
320132,15149579746126
320136,19672105131828
321186,5439863607533
321573,6850629894979
322751,28674909386182
323810,13567163949036
323813,31157433779711
323814,27871769684100
323818,19630577191953
323825,6291520055443
323830,8943764323007
323834,32789477907539
323836,31105827124954
323963,28816981372942
323964,9050657637990
323965,26639180505971
323967,7776992537950
323970,25556593584231
323991,87878163540
324419,26768076736034
324430,359844477599
324432,11974229708902
324624,33152366257225
324630,28833051614023
324634,27758292691315
324651,24986444931576
324701,2442834564362
324785,33505457010100
324786,19606444771030
324855,34144857043228
324856,26230178034405
324858,30875227961036
324859,13332642193329
324861,16792476605493
324862,14734779100584
324863,5207295045335
324872,28511627615236
324877,17989113772405
324879,26513847407204
324890,16462883459830
324891,7289905634608
324892,26741825198516
324893,13360633680139
324894,25103387766932
324898,1276622434851
324934,29746233226186
324964,13634123528383
324975,6938269939765
324977,21259555013428
324980,20318170492605
324984,1515156760068
324996,29284202901750
324997,27340785203509
324998,23774394985273
324999,21765381059412
325001,21525405719747
325229,14916311502131
325393,5414466675672
325394,21079417533989
325575,13573971380047
325580,27032625172049
325581,19377695704703
325582,14379637570358
325583,14953722721096
325610,24682620618340
325676,5935262847382
325742,19121416431384
325829,20792434837467
325831,3567710856844
326248,14604384708732
326369,21698897502238
326370,8114148423970
326371,22005247525198
326372,18890253508108
326373,5218088197298
326374,32958605952596
326375,1526905306037
326376,24252336660910
326377,23759908245727
326378,12958642716616
326379,20607126762839
326380,21634525430518
326381,14107285316226
326382,21084534460813
326383,21289009345097
327356,31182454580134
327442,16509981721371
327443,7959482636739
327447,24125839040714
327452,27179202345518
327455,26951166278971
327459,10160645711909
327477,882459574094
327495,14998786163199
327497,15343988931690
327515,9728462079328
329644,30716331676643
329756,33658982188887
329757,22654978615592
330145,15198679418010
330308,29128119609505
330538,13144851640378
330730,14046485824659
330732,27364914408235
330733,18494502068982
330737,19631355591998
330742,9649381087575
330743,23033004003675
331154,12261291384481
331157,6906494161888
331161,13281664508900
331267,1617261583448
331277,26808073996739
331279,677171118721
332607,17297687329546
332800,13928344730032
334675,18596727298935
334676,26662064475840
334765,13737189232013
334796,3002422959755
335239,26716448980136
335534,17798618036585
335537,7019127445422
335538,22477170560723
335569,11101162250421
335570,16221644270397
335842,15792578841168
336542,29441834598194
336543,21089401308633
336553,21752953419075
336560,14544117385546
336561,18190285408567
338070,10386216215274
338329,29022542370539
340327,27755203156470
340460,33390985063509
341893,14505068599934
341895,16189725817969
343274,26255144922449
343275,8863683223311
344460,68326890867
344890,8439677213906
344891,6150064904837
366281,22119824558372
366290,3578266443411
367292,31750976311065
367351,6193690842669
367383,18334574274642
368043,19331089031173
368188,26158478998938
368251,29893675496343
368380,9782460329373
368412,2707374684125
368568,25205104580629
368653,32109433904558
368790,34191103807343
368844,9104200814542
369108,16980237146467
369468,18847985438869
369705,6948783797623
370662,5272526477069
371140,31855348128592
371307,10287418542576
371397,2880732841750
371467,28031090025441
371884,15985209200980
372149,30125455229108
372367,26368873742666
372547,23270477849377
372822,4519943099742
372832,9245872222512
373345,31795133144091
373369,32208272623975
373647,23807641269691
373865,517145677248
373972,15071584363935
374475,13204743910050
374678,30615807121074
374751,24079120075528
374961,1930297521370
375019,21504494534696
375062,3072710264723
375243,23904463447535
375266,29673746063374
375284,2215080902316
375582,9827430003902
375728,24684262282394
376209,25648527209979
376252,9207796135398
376326,12543343572767
376368,24140779486744
376982,31569475328877
377148,11620782268695
377257,5552616269468
377311,29289324691168
377672,8047850565732
378190,25081031191940
378633,27055602362457
378922,33194492993687
378946,30618570273385
378958,27976477772408
378960,17289928111930
379084,21149194180261
379648,30246819030913
379723,34021610249250
379735,15787712835900
379946,19805373807311
379952,10437765019743
379965,28574674069991
380375,2087838774222
380420,5368758433498
380593,7516966705047
380684,30058383095747
381138,19175148420336
381246,14014663927691
381385,15410279854094
381406,28227855121188
381505,7618775623036
381674,32903621042301
381873,870450709983
381942,33694354153834
382207,11694581269393
382390,13577089999148
382685,11822635725893
382734,17065953048008
382893,24973779775896
383088,27079458905337
383170,32722544888536
383278,13457370907624
383471,18504884729780
383797,6231251556941
383937,33952567643960
383942,19449318833760
384086,8389227139775
384260,25559369412743
384439,21853051305435
384507,9269184482686
384572,26353911575218
384915,18668611540466
385168,22702144902310
385288,9867375993165
385471,24926424214349
385552,17800924040750
385591,21435675538443
385834,4345737381913
385927,7093947872563
386014,16124974129597
386259,9622986458463
386381,3638119910839
386405,8698548420084
386780,12686769004627
387255,23519223818692
387324,19945778853796
387457,12055809870919
387550,25931106784435
388257,18717238821831
388594,13168802930488
388907,27393507039741
389274,26442327650692
389275,7104274430808
389477,9623008551056
389738,31886061165735
390009,8111678120548
390141,32829268482814
390474,6886482468058
390476,20166185840736
390542,785415916749
390840,13467369915157
391204,216078384783
391222,20117245879082
391236,9423851265484
391548,16926998154245
391581,32935600315006
391707,22836121718840
391779,5550389928742
392066,27290464401000
392169,32295227600417
392261,12271890935793
392304,30945050734077
392664,29665058594889
392708,3779812018138
392788,26374949300201
392933,27695017310314
392957,30429284479692
393056,21481392884522
393133,22548090326121
393338,14132441843703
393686,16181350192371
393712,18203475061140
394022,28339336535854
394200,9241801831370
394202,31931493327321
394210,10099453243819
394242,1619829529020
394567,31224442509512
394587,32110581846837
394835,32990736763869
394872,33722325119185
394924,13109066826860
395303,22139646377369
395334,2936932304009
395455,31699100842387
395480,18587142141006
395682,31855088853210
395820,229133814205
395924,5878645250417
395934,11872003743627
395961,14729281794518
396081,6631643925243
396292,19788879236897
396502,30034444257119
396520,34260944438218
396555,28943171648981
396557,26360218608023
396784,26338548129313
396818,19031836399141
396844,18110868552239
397153,2223975941461
397218,6616772570835
397333,20604141326815
397396,27230690196073
397527,25113844923647
397628,5880882456802
397915,34313924925975
398353,21512951863856
398655,19206494756612
398735,16189382571575
398982,1724441672112
398990,16376286576796
399087,10027203015548
399251,27485627647525
399422,20376320007889
399630,575653527008
399911,1372862083220
399992,10067991486027
400522,4430842300210
400675,20302595260188
400920,23755888667919
401039,6752703276558
401669,29104683029851
401848,20508008203339
401936,6787434787389
402391,31160880761283
402770,25459555341905
402956,4090100728729
403440,32516435261737
403548,17533763243619
403660,31307826709524
403721,21498374383816
403935,32242760948897
403990,6468294436749
404020,25991387606584
404120,24203307797210
404162,16720250983100
404333,2796927246204
404933,11827243680478
405007,28761328513961
405224,16154262411373
405410,14336270743144
405411,5454664255618
405466,21037041988163
405529,12957052440304
405541,10340780095343
405583,31551107859864
405858,6635068774119
405972,15088104091768
406332,23626859985949
406365,22280136718835
406465,27250170913696
407453,27208099557513
407481,27138072181649
407583,8227534692837
407589,914128217477
408470,1580908578441
408575,8801774346517
408746,4227923168310
409501,8117956619734
409577,2540087617962
409643,28331636067854
409919,4643689755813
409949,10955799104912
410016,16239633816478
410133,22245393562788
410293,11338713409415
410317,6671242231832
410643,5889934582241
410648,27969556204698
411115,23924295076992
411558,5223984019355
411761,15271745429611
412412,6027296283899
412558,952141742156
412614,18711363086751
412764,30026071648943
412850,9925374796100
412988,8076126034024
413049,415063382482
413074,8521043019497
413104,22410196339073
413392,22254358861331
413469,22987491455450
413479,20228076030283
413520,24172601619082
413683,30700502336548
413786,28986476664960
413791,17052943736916
413869,8136811404368
413991,5941616042976
414280,20937081639677
414344,4945460464903
414401,28348906224045
414423,20786895404382
414908,26217892035505
415132,3340082978182
415199,4638708151817
415360,20906756371865
415546,26607070721510
415689,17320683799710
415749,16604784757405
415757,19732460652545
416058,1544857565663
416221,28588525308898
416440,27493313674855
416442,10301633342073
416889,27459451676662
416894,18909950279250
416999,9447418405414
417025,10255459860413
417032,2948562977897
417233,29945440172114
417658,24362646571191
417691,17909693767553
418635,2368037499961
418883,22201349297767
419176,8669105615174
419452,4143558402074
419640,25185932991035
419790,24316759531750
419868,16627276652641
420252,7814180192295
420468,23208337516401
420877,33321518347532
420958,6858381063649
420971,6474736877496
421116,22890339841959
421235,32677331042854
421429,19021956260286
421430,27569092184022
421538,32691413442878
421597,25484459691213
422120,14290493849051
422188,14651010829816
422194,33611775010569
422420,18854909942524
422439,22354989806405
422608,25929849419669
422653,25537750515530
423070,27762737596544
423763,23458390165265
423782,3363245280139
423914,14089644063994
424599,20528201718351
424716,31679415654933
424740,18113728602298
424781,16131014709799
424991,29923064944130
425182,9780108718841
425451,26561659068924
425582,19711642317005
425785,27544861567720
425832,4793028252505
426053,8943850811602
426181,11456190832422
426318,29779799506976
426540,32269174050205
426551,12599297891771
427106,9115790497136
427269,29677882952733
427430,25578457990034
427671,18457356932610
427787,3195727767278
427995,27922096235401
428026,22696614848561
428027,15746485386621
428029,1636242830783
428120,17410099201299
428236,105980975113
428493,28464967545817
428561,17474298748083
428814,20584851584412
429008,18755351112216
429081,31231393664823
429350,29103511051303
429550,21514140445491
429725,16723175046481
429906,12489398336936
430019,1774078174531
430125,15930745858942
430185,3639389791688
430328,9017681706656
430353,8413920596877
430417,28485495358206
430566,13331898201686
430628,29845361025760
430715,1042020394563
431266,9641546875024
431962,20827352691597
431967,3880267457676
432093,24597699488546
432146,6804439549086
432669,20109723384314
432676,2570117309790
432866,24668047519957
432900,14450388139160
432994,9306630504837
433486,18017623493378
433598,16090829961149
433661,10410955598451
434089,12962007864322
434163,10865595763817
434393,7499370031148
434546,31866837028237
434742,2676532007626
435005,34274645453946
435092,31816265385284
435144,6649905770942
435189,11127980547797
435363,30327696049815
435532,11932690156408
435554,8419390780624
436254,21805175846310
436598,10362099481709
436663,10433588870019
437073,18740299779466
437105,26891947093193
437693,28940341974458
437766,13959296160034
437778,2159343529202
438187,8044480920623
439057,28620060765865
439073,23809647627431
439492,7464520675890
439514,29769058090207
439685,33044897358060
439766,528960171924
439960,17025228997383
440021,20727206902792
440058,22076314015121
440728,656504915366
440806,565691728550
440936,4508491668584
441215,7109620505270
441326,12074756008505
441432,29978211979419
442047,4018420826807
442163,3277809526824
442373,9309491666063
442455,27023431797653
442551,20095399996938
442807,15940159396344
443074,3230199950450
443076,29503051839392
443077,14127622582533
443095,15122293758606
443099,28212330741237
443184,33389278001028
443322,26143268140221
443468,18773879147470
443499,26129346823619
443560,28595028389919
443623,22158618382556
443746,15691809564326
443908,21046681002364
444457,28940808963671
444995,14861079073494
444996,3386990096484
445216,32295228472085
445687,31825224853480
445691,15457138060969
445766,20755317268251
445992,27111622169424
446042,29938349267814
446578,11825662247319
446805,14688782913860
446827,22769713968966
446966,17390019056491
446990,17230015472768
447368,34298710364568
447599,22071715843125
448349,16298172896099
448444,25514553912322
448524,24041969528156
448792,14149055150984
448913,14102719749158
449081,16173820728121
449291,30424342186504
449399,17944159283956
449405,5422903682709
449628,31248144348307
449853,15646580374820
450199,21332118362479
450406,34230698149356
450459,21863274010994
450671,4017152467430
450673,33178235685074
450750,14089607596181
450811,26090133616299
451424,26208896135736
451559,20374756463207
451597,5491991030913
451624,21948897118365
451860,21543866737177
452127,24972783929766
452238,22001055236029
452248,28146684001225
452418,29666854026319
452443,1807180090023
452455,24242696943884
452601,26413420458383
452626,25512820035727
452651,26132352739254
452723,32492831760127
452732,1292025127890
453164,28791535740122
453281,23676534734359
453418,29368258545857
453670,28751331844093
453732,21933894632261
453886,13751582168532
454023,32199408837315
454159,6308225006500
454388,24577896759789
454436,22601541639472
454628,32324160987410
454655,24109650855010
454781,2365341400988
454801,32288093836619
454878,18141228038440
454883,23835230777106
455557,10369080695799
455561,27243235600087
455869,14464557232165
456138,17403125946865
456263,5102225016840
456622,13403431592940
457662,25773850636396
457665,24484018325304
457693,31703271691466
457817,21151663570610
458494,26301293561825
458928,29478270903768
459149,30861137692752
459159,26615026002270
459418,22243912243324
460126,9822899930794
460203,23861790702062
460570,16592633550273
460722,20947985758530
460747,22268084835136
460866,6233984708085
460996,27590024404740
461044,19232958674491
461473,22557289162974
461605,11983082744216
461748,5011917293482
461787,8604306183535
461865,19418515179331
462131,14083668243569
462196,15122918080956
462228,9653412042207
462267,33258469541628
462463,29710680106490
462717,12515029167508
463205,496581054968
463561,19155135092796
463739,27567973353815
463937,26993207345586
464414,6314511888812
464730,7736271558755
464765,13434888872606
464894,312055367105
464939,7338303904525
465235,25273624728280
465378,23909053453994
465387,20506684586382
465652,19970843409022
465787,1625631927735
466847,30172725494309
466895,22268107661758
466977,13302985775512
467035,31330961071703
467204,32132731063159
467472,13641174567137
467601,16401247125702
467631,19811652902944
467821,17780322288180
467885,27111525911028
467892,5731262878379
468200,21054169167133
468352,21408305734489
468643,11702072148664
468710,23848241009495
468726,11390772749335
468823,5756549858288
469085,17499499334912
469099,21561028729097
469326,5454419570066
469371,32856328761108
469789,9025879550587
469867,22882100113755
470431,30357554413940
470760,23386359929022
470922,9355846792736
470996,23338600752460
471601,15561149899632
471665,1846498620933
471724,32217019036616
472352,20916151790609
472355,5449756584310
472529,2505845803839
472561,3512311659367
472828,29122453015463
473156,352118275412
473392,10292875611205
473453,2933484044467
473683,28216015172531
473856,14786260447851
473874,648688199818
474182,32805014064915
474275,17690271226457
474454,17822831393949
474470,11268493445957
474681,12066807845605
474774,9216663038205
474831,2293277503284
475252,6917020882698
475415,22487740655230
475420,12894394387244
475634,1760485312881
476065,27447755040463
476130,14803758773466
476265,21276579502645
476272,19850767944119
476393,20853007816910
476512,31405393085523
476904,18033558085223
477676,34329116565794
477694,14058431593349
477759,25190333802491
477905,19547823594768
478344,34362802605890
478401,20223486435087
478594,27637811786094
478652,2638737953137
478995,29930510999638
479067,17881317581058
479082,21062479559686
479173,26538162297807
479304,14884308247661
479411,11192467093740
479635,29997818700026
479956,17731449400133
480053,29291574141935
480323,1699753863207
480464,30951739186851
480478,12491181446548
480521,14162730480439
480973,29214805805484
481285,16470672280795
481611,32072182017665
481640,17990310391361
481685,9712835637046
481876,2759086513909
481984,3403132544217
482125,2294849147389
482358,12489965541905
482930,18739139088068
482990,10022655461438
483157,12543905635687
483209,13492171682663
483210,626043521652
483520,10945984019900
483599,26838521995272
484037,12958271734013
484197,3338420313411
484414,16081912153601
484927,471478989408
485106,14413467442948
485228,24604303767742
485271,4945635256329
486033,3879074012854
486147,29883962511647
486280,4699820610737
486588,972484042982
487056,23860911597279
487372,26281166295357
487438,33273273990811
487495,23645770390270
488246,13963538306049
489011,12976821476164
489107,4197876880009
489461,27512309731488
489462,10002399164022
489615,17985622883890
489711,12941907120010
489821,10292854492857
490291,1189246103845
490528,9321436502770
491067,20823052742092
491093,7382271954453
491470,27249490191481
491493,13913013287166
491532,17455388979238
491535,30335324864426
491536,33033168346160
491623,19394417858561
491711,25633732386344
492126,13663417339217
492610,10226447504636
492780,15633261732407
492818,31585274318115
492846,31246408886982
493367,22069702824695
493627,2108981854766
494178,27367177244767
494247,14324621477875
494691,14609710091453
494910,2178687304793
495330,10741015998618
495839,4636670964576
496200,31011938330266
496311,27796838839616
496412,13960587204419
496587,33281719385928
496684,22087040187139
496748,31847622710557
496860,15307118915044
497399,18936076484579
497564,29999429637232
497733,21045701887339
497836,18727931783778
497844,1411630442414
498198,1905710837246
498279,5247734163836
498607,7099845054801
498645,20091903913776
498750,32195308151754
499644,571015055826
499960,8815765173729
499971,3418166029881
500358,8285010046020
500502,12348237036859
500676,18454778107995
501091,28094824439656
501206,20280486642117
501673,1002788083490
501717,4984693344838
501751,12265183723414
501839,2457963703857
501846,2182179984313
501977,2079271762793
502294,17571997754230
502527,27384627611495
502567,17772441311755
502656,33707912997593
502877,26862746780246
502885,13379720669290
503000,24871378148246
503117,8688934422373
503232,17740496561268
503466,27469240339490
503612,23071784250800
503939,6638240142642
504156,6540987281585
504157,403646825711
504207,33096133843181
504742,79474469183
504991,2741000834171
505160,31334313403283
505192,7329708156823
505195,8285975985234
505280,24637304545554
505323,8899068810347
505528,14882164143326
505552,22729489501886
505722,32410131163557
505789,787345491936
505928,5504514598357
506079,28424208344033
506095,32750666770564
506491,19951773558263
507333,2947647184720
507435,16369841656938
507531,8712034301829
507567,13252704480788
507595,33648565284329
507672,19499736713366
508410,21233460794615
508426,17425066699411
508468,18602861765625
508643,7807985806931
508858,7527308027425
509451,1321010060747
509500,13896457310488
509711,21359806655923
510001,19100258410098
510799,30917341426114
511501,9888005677556
511806,6044033915575
512614,21499945832290
512754,13121290175337
512866,17386933572019
512923,32433614777560
513054,20847725298861
513161,1978442990132
513278,7144167028348
513497,18015388587404
513911,10760241384566
514351,18038945620077
514649,25906778465426
514714,9245880253838
514728,33460436381393
515025,33258881299083
515081,6370676198029
515486,16710282037099
515624,7736337046658
515973,15250675073993
516605,30585064591728
516622,30198433868173
516681,19882879758986
517230,10583885792097
517822,22987814299758
517980,24889699450417
518161,20821144061663
518337,19244878651595
518381,13579012553884
518576,25753218956110
518776,20205316602517
519458,34225665914391
519543,15643609565930
519780,23769307029935
519909,25370208446415
519992,2685736449576
520234,11338608271015
520449,24005880442333
520522,28063736811780
520526,13957587868123
520663,32614409288789
521057,18805410517804
521448,5374301738346
521831,7859586093919
521984,32670977785674
521999,22705680836259
522007,32808333239756
522435,672978105774
522781,427904203001
522919,9257403851439
523034,18355036361160
523059,861735780055
523087,12236504388474
523105,10356114379697
523410,9742981586281
523570,29664367944018
523688,11540128439666
523774,2415841114771
523852,9352064284186
524100,10371118992930
524158,20505162604500
524278,13116580006150
524287,32868883069368
524330,786954715571
524352,28941455745429
524547,34020946782826
524619,25753287182392
525081,22704592876299
525109,25595895389378
525145,31495151106792
525223,6945538943421
525276,7751769505676
525655,9326454225403
525673,33796611505319
525834,18636202906714
525847,20408011491417
526117,24267699342298
526171,31677676909116
526291,21449953018231
526324,12624685276333
526325,6739187578680
526774,7856744641189
526971,20033534540478
526980,18656595082543
527048,11323627691191
527143,17206090424772
527229,33595687467435
527283,9034364360941
527530,25530903161620
527565,17761610450065
527642,17632981314096
527746,18006947491368
528362,14300303942829
528370,8089664029064
528627,25457509946455
528730,17327206285175
528764,25859008478566
528886,23500705726116
529260,11673078555744
529347,27180378671656
529453,31707897238021
529531,4120770375086
529821,25196247947019
530025,32323096072701
530659,8512885353926
530772,12179313525135
530786,16352782774869
530944,33028699761168
530967,27872541874702
531040,9845341190281
531156,24209459406073
531174,14943403336769
531307,25271996944279
531324,18889910799252
531562,33952584323308
532027,420560165239
532138,26685042622210
532287,30332530443253
532366,14134801446406
532526,6148279552610
532653,2178390204037
532679,32316763655114
533135,11075543885974
533148,26851160417288
533233,17327642409107
533530,32424912287200
534088,2275780864443
534302,10180035858133
534303,26238885024488
534337,32237126502939
534820,12561473505898
534895,5849431297339
535102,1113328798525
535221,9773528861771
535555,28176195245708
535679,21837614984630
535774,10552120697498
535980,14442342162806
536188,13222492276142
536191,33821893854661
536204,25440500444876
536548,21237580066810
536641,3207343182537
536905,21830545522191
537024,2523999267273
537064,19645031782870
537177,23422575517729
537275,2327493825400
537567,226774298501
537590,7814757348982
538095,5433209294244
538396,33236133397780
538798,20614492629156
538806,14167612701571
538817,30830408426259
538823,19559642664403
538870,22300889802833
538948,19356624438731
539008,17119316884831
539266,3043556655191
539360,23182694188312
539449,9226737005237
539526,43058285522
539852,14373609464036
539871,7917015859685
539903,33895059318734
540016,8567488456322
540241,40221769750
540532,15784420937122
540565,6521569732250
540870,24092120230489
540913,17513909311636
541351,30889085218770
541467,18140081225938
541492,23106808712617
541548,5772389050957
541787,4607166730320
541804,27633510075027
541953,2059533298264
542027,20764889156989
542098,27730925003547
542155,10832964694163
542535,33587792727090
542607,3340101367708
542665,23240095443678
543276,1449442085044
543300,20509031132450
543772,17036846458417
543797,1478898458927
543897,34159860623155
543922,32419191553750
544071,27036862386264
544095,4643406862409
544207,22468143827927
544254,30685927208775
544299,8611758942140
544738,16411564113722
545186,1336053951173
545221,8695313206685
545362,31172021171292
545951,31250803701343
546199,28605175967495
546260,31274449030911
546405,19619253593749
546475,14279066985151
546918,29846555086979
546978,22971002205050
547050,16500971517687
547443,13486685098507
547611,3276310200860
547731,5893038612804
547788,5346471694295
547992,8683917057500
548299,33627114183800
548489,25072465967153
548534,18123864331708
548563,29303480436404
548594,17631588874541
548640,4864279364309
548768,21817306373996
548897,20543197295683
549002,1163938559436
549154,29404845638092
549505,22135587484328
549732,11063149853770
549743,13448501130103
549819,28903674283021
549891,9024436400031
549925,4417363522480
550133,10220288053021
550266,32203594643227
550280,10760500909567
550294,30692353872616
550753,18638823299281
550923,29589650973528
551089,16178920816244
551183,23581953280331
551761,34189546323489
551784,2127716645354
552025,18102299242128
552316,11740519106814
552643,10901078344008
552644,12865036043045
552734,791331162343
552738,28577269836999
552812,7337198614820
553013,405142830340
553093,2455471272180
553295,13230240185352
553400,23758164139389
553440,31946134160373
553492,22202129634076
553550,22768982477385
553654,30126767206494
553968,20293782124977
553985,1687564697518
554112,18800495405795
554168,32845794923245
554194,5084720872334
554330,4097888127610
554594,13757560854434
554665,27736607010337
554871,9059744546851
554971,25615217809026
555145,10051770281408
555172,17976807704370
555452,21936639878233
555702,4006599809372
555890,4525456597684
556409,21525268131308
556425,1485504714483
556611,17740583896981
556665,17534611091116
556675,25722614326897
557362,32419373207697
557638,25504801581359
557679,24508420680491
557757,4671310778111
557918,1645918806354
558166,8636623520901
558249,206503279161
558614,8960617328504
559198,28985065597686
559497,14000080478678
560092,26979344592891
560239,20453848059730
560390,20664256514696
560809,24218915631937
561234,16101059669962
561242,21849664807839
561245,4113888062057
561265,12524318795093
561354,4921710909771
561355,23297612478269
561383,6945441847455
561403,14041058328262
561428,11354534838066
561448,11755184033411
561460,22171835524556
561465,22400907094095
561467,6486560886627
561493,22691716069835
561499,6141910738913
561506,15714396522151
561508,21291547444451
561534,5474307593040
561539,22677638993749
561542,3150171947378
561573,32678126160444
561585,8953914880254
561595,586137992618
561615,18821611090720
561634,23667971767986
561641,33821851918655
561665,18584718100657
561687,22504143428101
561725,24991523004916
561739,28085221612746
561772,1906376192414
561779,3814206846027
561785,28683061364065
561825,11768642544795
561827,34206728799113
561829,6094558084315
561831,2267876725284
561867,2610719979152
561897,570050014239
561930,31901397487266
561935,6407955419057
561937,15140028825157
561966,7147766796722
561987,14045646286842
562001,29508356665896
562005,5420410981264
562043,17921688088174
562046,25697107044618
562080,3032052681497
562083,6039643131637
562090,4431183940527
562119,12205625455644
562192,10874084222022
562263,6546973871283
562299,14488978786341
562304,5122823509278
562319,14821963069916
562339,7813261229780
562343,31983461251765
562398,9923254022118
562400,366079640350
562409,1975190349374
562412,22325216459952
562415,3537035375400
562446,20622388885772
562456,9599335456840
562459,906105238963
562465,20857493032428
562473,8998608228353
562489,32340327314377
562503,29648875051917
562519,7510637289313
562522,4639975900141
562526,9520293732814
562598,23577074613456
562599,13995289874535
562601,32953330297486
562637,3160995459497
562671,334976571023
562686,665034939670
562713,20623520699408
562730,17537687056340
562737,7124999798078
562775,19100514714957
562783,2371781567394
562800,14228010630717
562849,22202040287955
562867,22679597350614
562898,22385510037674
562899,30454161886153
562901,1474629120887
562910,33730887801824
562937,7050856253422
562951,20677396398211
562952,8805521090605
562967,10873120595757
563010,9378245236640
563018,15848944556186
563031,9778007009663
563046,18891897419566
563051,21207359069732
563065,5951815213357
563068,23654381016755
563074,28272116661239
563084,9240306075740
563090,18674799213251
563112,739188624401
563134,4323075459941
563175,692532410045
563176,15990753086560
563177,31282330812268
563189,28517370718790
563240,17227195660080
563241,11292726315686
563243,1155989486700
563246,3996661561612
563256,27025316115789
563275,11222749593457
563281,3699667403569
563317,2546458226249
563326,30307982199210
563355,32729801023557
563365,32311840070788
563371,12207656626207
563385,14291164323831
563392,27883685054314
563397,13502343046823
563404,21066966122540
563419,15472514559852
563438,24193006526481
563482,33580672438335
563496,17258974070448
563554,14813084919850
563585,22173042987995
563595,8060294137898
563606,25767079169496
563607,20835485661248
563618,10710020029088
563668,32087510767826
563675,16115372103587
563676,17587038690222
563680,6351042910674
563686,2049941008078
563697,8831923219672
563699,4891611286950
563710,16705400794733
563762,28952279368791
563783,26137541837664
563785,6017919941127
563789,26730487500169
563795,31772988039689
563798,32797811943508
563815,19825364645414
563825,1011736919754
563841,947585044436
563846,10563534662150
563888,26841914872722
563896,25262013487990
563945,27132662363103
564020,21099941592618
564045,27487097013114
564077,12139388760418
564086,1660887970922
564097,14901427015294
564136,7644804584727
564149,27814561219092
564162,23161159845019
564203,21490950555726
564217,3126824286027
564268,11063609201822
564279,30881856078398
564290,24971572172729
564310,8815327672415
564317,23948745235066
564364,24597975920356
564405,15280534018541
564414,1687679552889
564425,12174966314111
564442,18302970166178
564444,14729261548217
564447,10827740968072
564452,26272750679512
564467,12453789468426
564491,4316271343615
564534,27195985621554
564547,33330452851560
564688,30660746050159
564802,216858820330
564831,9174689958633
564845,2974456823218
564867,20097136814518
565019,23896662060827
565110,21662701687647
565167,20822951539369
565312,5732046064813
565355,3394504160482
565549,27768996183927
565751,21164126486770
565863,27087102681652
565914,28202115575185
565950,18260852445864
566146,22224434038972
566256,15454986881666
566377,7564979504153
566441,26957305961606
566543,17669900870426
566593,32166367943432
566605,31094256215085
566630,27697479170782
566867,28496808439867
566877,1072103128117
566968,9989701651908
566980,1727833206557
567025,16487015724758
567074,14782477199437
567115,8800672286346
567139,9237455975234
567172,24309110454617
567198,16815844984115
567290,16019490460160
567309,24821023826608
567475,30887005651283
567520,24228727103901
567536,18416969122091
567655,25325322314034
567765,10728906106534
567928,3596313016887
568476,34032978753965
568508,32172026720843
568510,5845035459159
568782,29078045519821
568824,23623848319904
569045,25507396140090
569109,14142999182325
569115,24845892743721
569147,13806812200133
569166,3971879620618
569168,25790247307418
569198,27697687942637
569235,13526636666390
569330,1644953159278
569491,14220625912956
569593,20730030125094
569691,3546129419534
569713,32282469792303
569762,33895476347397
569815,17241736611900
569906,13040946434713
569927,22271692054350
569978,15358938945713
570017,31031887813492
570130,10313362071397
570157,28110218887079
570183,18088860142404
570221,25021469057890
570328,31880944702996
570571,21124262377060
570642,27933266902932
570720,24502446761637
570842,21391010957160
570985,31507713467686
571013,1762454971002
571050,13396189247917
571154,7426463878536
571230,3972356804318
571253,18453232311910
571364,15149543649535
571399,17715644016091
571443,28458324416825
571454,12682240304286
571554,3581228231788
571584,17122326545046
571899,15475759045831
571910,11378128482460
571923,3337903535140
571963,23611619405776
572125,3426199485535
572140,6858116888528
572309,10676621146878
572326,21724909574628
572567,7570937324891
572609,6016391476532
572760,31492614288188
572903,16110211304870
573068,5707302880236
573153,28995591442580
573156,22710025254048
573168,8782774231914
573201,27154839767280
573258,891463416591
573333,31893949969931
573452,22551454410124
573567,23577226765273
573647,33434145180220
573678,32342508594556
573815,20621694736448
573849,24738411768178
573906,10429277000620
573952,31996148164681
574015,4906668337777
574035,28460929937023
574052,20320275527571
574062,1856380732902
574229,32203235009934
574361,7938515361128
574404,32590529124252
574407,18862471679125
574511,20930809437338
574597,22598703545324
574850,3951011358667
574963,27637852876813
575003,5088175957715
575019,5065431610122
575064,20882532334188
575075,6358836346904
575146,5340240872447
575178,9718400098037
575288,7120999054213
575320,27816909858535
575562,13335370191335
575731,30105834748543
575797,9064605496577
575920,24516606916269
576029,34110952978592
576134,25052427335536
576179,14952909425426
576223,23486318105285
576224,13960131879521
576243,2433533138959
576362,3797355176110
576428,21743773712763
576478,8702608155900
576519,16419986641218
576525,13227065948678
576527,22871365008490
576535,8457808855684
576536,22774109276209
576551,14617990311989
576661,1440302542935
576808,10094769677513
576955,29932545937946
577020,16649571923045
577112,30706187927494
577173,17349143421024
577188,9171059557068
577366,24812715457832
577393,2088856433473
577451,7148812495280
577498,24378136803867
577503,3632624898072
577510,3886231433164
577539,10235810231931
577591,18387555090025
577617,34031359219144
577717,29250216000514
577754,20742298378915
577795,5485190167507
577886,18703799687576
577918,15700970373373
577949,27274589742868
577960,20763136199556
578077,3708171259307
578093,15545223740330
578096,10327678303214
578128,20696508247176
578141,25152656826993
578177,10683173708060
578274,27781063227825
578317,10253934759001
578356,3555306547631
578361,10147563686859
578367,5037023764113
578369,29648932389157
578383,27544772058135
578400,25539429405804
578429,27476217044754
578466,12911756660958
578523,2677436238990
578527,10003560315937
578540,15772911355725
578613,15385042872238
578616,19401643413968
578730,26099978480443
578754,15927893056850
579034,24329578862078
579110,18624523712934
579330,18235503724033
579525,19068174374552
579708,11854013373746
579763,19420453366169
579779,29005030586456
579942,16149632534927
579984,26110162989495
580089,4630908093072
580188,18621120904688
580254,8914850829339
580525,2936310236072
580544,33077103735657
580568,32687359254373
580581,12104637478530
580612,3533535382113
580760,9940894873301
580902,14723783483618
580951,3792216876338
581001,15681939665301
581051,14090689574704
581075,29596386817088
581385,30454835805669
581397,14536117391255
581577,13341874706334
581612,28706999949992
581683,33551155597838
581696,21854869557848
581747,24288629687914
581789,26537643812248
581960,29305966785023
581965,25990791310648
582070,6205028513767
582194,27080503424004
582277,13779780842004
582300,7392911752090
582357,27567697102121
582359,13298090271219
582420,4468576562580
582442,21466365513328
582448,28462400317166
582451,13187921898977
582476,4317322079213
582517,31027323263588
582523,18884181338417
582538,7665382873733
582663,27657649814400
582665,10178293467285
582669,27922537473436
582687,12397368734546
582707,16828730368920
582788,13097848528301
582842,20141316326650
582998,3694358769090
583073,5823335610814
583271,22389301964229
583385,4306798977540
583415,7597566718022
583450,22774165380868
583458,9926680516365
583475,21833537876683
583611,30596051624631
583795,31033599299478
583887,33381008813291
584001,10521772112072
584074,13932105536807
584130,23772996373894
584166,20171431546128
584176,30103533226765
584222,32430663548139
584279,23486437872957
584351,21076263331211
584432,27615514188563
584517,27879162054217
584520,15394163997409
584538,5850860400104
584580,6395518385843
584601,634174356690
584639,24375212060984
584705,1275976270519
584755,3262175463182
584757,3765309476390
584850,13030667068063
584869,18693249158711
584879,26114826613705
584899,13474987120086
584962,13059256577974
585019,5325170685033
585096,4329935844180
585170,34107327858862
585196,29039710726170
585210,6334847362960
585403,34037571400629
585474,32278047559429
585508,9727134071152
585667,31456007558559
585702,14079555604275
585734,23966411396818
585750,11333903013724
585824,13671984126194
585845,33257089176866
585884,23088833160107
585927,28669054364232
585957,29472855225647
586024,4375399674469
586204,28318955221446
586230,33898332450005
586280,20978623653858
586302,2313705755770
586487,5960255383546
586795,13383537620808
587003,9186643957331
587231,30696829412987
587283,25438292712421
587492,1532713827377
587534,932248376906
587551,31027119802868
587758,18436639846841
587770,9924143616686
587913,3739841315381
587923,22054076761558
588014,6589049920993
588423,6258147860921
588450,20147622210033
588564,6255265383564
589303,20766872387179
589465,15350290666384
589627,30187385744886
589652,31711593728470
589691,29857413629671
589875,25168121933004
590347,4079713830485
590836,13178759032119
591617,4689884204360
591843,30818583440436
592356,7361857270981
593130,21775650210036
593136,25326231655042
593474,27036707703452
593978,30662680199526
594417,4175815601618
594848,20121954792254
595170,22573854704696
595372,33351970023922
595582,28611484727333
595878,7711411818550
596388,26043887916718
596620,33533479939484
598019,15110098224656
598423,18111182090506
598488,10152176286831
598561,31218308095286
598736,18664338904996
598901,8571564704425
599082,24962589551974
599176,16257506952704
599186,9311575344990
599281,19416758438792
599439,30923034281285
599695,3432420537888
599737,1873109883178
599831,15615863979545
599902,10537922897548
599966,1882945478409
600033,6295995371699
600228,20041997179920
600281,13934116557978
600306,34233602233986
600319,9700401194634
600568,18425386865539
600592,22932024651976
600883,28151695316730
600917,13628341567108
600939,23027281373801
601056,8345776552612
601201,28093539355082
601203,14629773479663
601298,32746475245166
601389,14107491423070
601392,26734276433571
601493,10770921196617
601613,33079137949029
601713,19680045830750
601778,17193950746070
601842,4482795641293
601968,7691784683399
602020,30253263803624
602026,14702599960814
602153,2406750096810
602169,17626408116643
602544,23908564545905
602593,4079520303119
602737,33916398274487
602795,33877660747651
603155,17693412451140
603310,14232825242955
603643,7916883187274
603814,33367290113070
603876,3899990886326
603953,8269422646952
604131,9376425724696
604328,29005545797496
604449,32732154550907
604595,23625624892476
604715,26812256576722
604732,11932549728831
604997,20012358288232
605121,24809592989812
605263,1146435750098
605268,220502850803
605425,30932456625601
605619,24593257391799
605668,12163350943815
605715,29311321696240
606112,29435248469484
606158,3011415028557
606274,4628387667279
606344,5847829758164
606671,3355273920392
607112,30241517695949
607164,7448163934824
607188,24027112198504
607463,17872838165421
607508,21153282311201
607590,6868582717722
607631,22294207630818
607701,23117908861168
607852,21863846390580
607895,14076131412413
607960,1242284539616
607975,9375935918954
608139,22054749690419
608218,21593852459981
608668,28243878468941
608957,25292805820763
609293,23386538086412
609360,182899311940
609362,19681782874716
609551,22128548795513
609607,24733342954372
609620,18896083135676
609727,6324916706324
609751,22699352467076
609806,6731035952780
609814,33866071142596
609943,1522895616070
609974,10648991161167
610142,28516711613518
610309,27057976750113
610333,8791992197096
610393,20200870162052
610638,34315299638819
610837,8854904104066
610861,20022733270671
610999,29357602424299
611074,32082516421316
611473,19970318123442
611643,29548190784095
611652,1060695659797
611725,25193601116889
611747,8049242268310
611771,16263009837278
611822,4577012436500
611876,23849729116013
611951,4434163237692
611961,33850986153646
611985,5640052067045
612007,23396278178291
612043,5075703055324
612048,24681290527129
612073,19391158159603
612075,10973443216380
612088,8252319368646
612208,21466110066589
612215,23992509550511
612228,10464525634986
612303,32145673176204
612308,1144818062549
612347,1462447832427
612349,17644760630460
612414,32039942353748
612459,34255300611795
612530,28546258950859
612554,4377650049571
612654,21211739077610
612662,16818376448064
612665,23253076844031
612691,8441196041507
612752,4333987052177
612787,16696165395489
612871,15735624103966
612909,21621116584572
612920,24373993312852
612952,23356048686091
612982,30020928854379
612991,21362161275484
613054,6817470909835
613080,24040154839050
613106,19579107450208
613117,18132679450544
613170,21195031092161
613189,26735297989484
613310,27332268255466
613328,20372380430845
613331,11634003218224
613336,3559148850971
613342,1940738201779
613401,13518688839039
613525,22196916773576
613569,28416910861281
613582,17334790166405
613593,25345798203856
613596,14340633216649
613682,26331727681499
613727,5486910669191
613754,34039513182651
613792,7171880874506
613825,22249044110854
613911,22816775558763
613922,10303275008746
613993,23477551124799
613995,22170237666506
614071,6883208507849
614092,19658417069326
614109,18363523969538
614111,32473165679988
614153,22991156210714
614181,23415716969672
614194,3388056090299
614234,30134817084325
614287,19723624715003
614307,12611182304338
614434,13691406917669
614439,412905207389
614458,28416259042953
614480,34234221067656
614519,22262688279218
614555,24277887126435
614607,1470398471288
614637,1370277853120
614652,2732779079191
614655,6779027746014
614691,7687716510672
614704,6870169144464
614797,29955153983319
614803,14533760566549
614863,28948099634905
614876,16500264944320
614891,23938668205493
614909,17474886117542
615040,28515536236178
615090,12863239858686
615136,29664017231744
615149,11021681833750
615155,27375206955444
615178,32552232448683
615182,1783391109110
615186,12186909891519
615194,31301763625603
615199,23149716717292
615226,33364539347576
615240,15631322233855
615248,22730578709169
615257,10465616467653
615271,11564496994133
615274,12463992504369
615278,24517081220320
615338,31535146971738
615345,30110879745414
615375,18075696170855
615407,13166274032502
615474,24694960422246
615523,7849456498358
615540,1359351055154
615546,6761414806811
615549,19632997913977
615564,16898401471816
615595,329304254699
615628,20200138140906
615764,23624158488775
615824,22451629052227
615910,24409462568258
615926,2948847310534
615993,25266507818635
616032,34199752697568
616062,7104813560409
616090,12498853031677
616129,14613077887094
616132,4144710115027
616149,24435340287172
616163,22468888231734
616203,22106465987072
616292,1618798016728
616301,15820109380175
616332,24721475731075
616388,19666143276861
616393,3532184068202
616439,27370830613091
616481,25437778473607
616501,21734268037572
616515,12753211641017
616579,32055702846860
616645,13440487219653
616648,15261016902477
616651,4488400992210
616658,8995368965853
616677,29820469801859
616695,16555157933837
616698,11183749040644
616699,19908006005874
616719,28132743197625
616806,1849899049562
616832,31900153563763
616861,29884989972222
616866,19776215770244
616909,33187557334880
616936,6519001757139
616994,6661675121767
617000,8152787399339
617048,17941357004612
617126,10305997856153
617144,25185303255799
617172,32022066258290
617175,8511164661864
617178,8071601969511
617200,24275188609010
617246,271862894657
617250,3937903407210
617304,2590172264502
617335,1726493889234
617351,10310097387245
617394,28036524691347
617528,1193899051093
617613,17320703722274
617751,31959761415503
617859,2152089060612
617887,14179066215971
617888,18619593007037
617924,2883384725890
617926,25003506626582
618028,26852761015667
618055,19733747052800
618075,14430198890359
618151,30905485726662
618220,23725001642248
618244,28169818221744
618245,17929659964517
618321,33209983319396
618335,12669544050679
618351,23108167047717
618362,25824705540435
618399,28335237775634
618409,2880551714394
618429,14494810387203
618573,6081073908528
618584,5005307505342
618630,4743686743982
618675,8812684698354
618693,30284142672915
618714,13224242917550
618745,27787403624832
618754,34052103431173
618782,3989361353255
618933,25391128729758
618935,7641858114570
618941,3464871054354
618981,29823570766790
618999,15870230161261
619014,8756513538792
619037,3599194868070
619124,2639452712232
619127,13228946794956
619136,22009424402522
619146,12766812676279
619204,7955271815003
619207,11736722542275
619212,28433157708315
619224,24138768190997
619255,15226932439040
619299,10416959720593
619342,15276809366728
619367,23066044621928
619386,19937724191037
619396,3921292935881
619408,4469292922493
619507,1894577927247
619597,30563765166105
619624,13536163307954
619731,7379665209219
619736,23935492039703
619748,24271028101054
619749,8905179238093
619778,32964809383004
619785,11204545125308
619851,33751072895192
619906,24549619665952
619961,19065942396452
620005,23556721418975
620064,10740432344454
620085,32086954064016
620151,20237726757893
620153,19164875463101
620194,9253790674413
620200,10865748557785
620289,670639703696
620333,1239304983074
620381,30917975950032
620397,33815191826557
620412,15290922377952
620419,10353474523304
620427,30831264583726
620429,18091532756542
620453,14416464690854
620454,8292498081272
620455,17842005859814
620496,20689943613057
620506,6651414647588
620509,26263027303200
620562,9346194413301
620565,10243054910487
620575,32532497532966
620587,3959411385679
620623,1156518366455
620631,18014347172098
620646,11056609947040
620654,21730699084580
620669,18414868129855
620676,2788168800878
620689,6343384771773
620709,23671674553549
620730,31193082626645
620744,17187405282489
620746,9942620246271
620790,16249287622060
620796,15271497432065
620866,13484768622344
620896,17134383475700
620969,15488682642224
620978,9435102075917
621040,30721505589148
621091,25050796461298
621122,7475338522730
621126,2176507849177
621211,5194984937261
621259,22523990744193
621307,12308914163680
621313,26164548986617
621316,3755726872044
621322,10928831701184
621324,28668305946042
621349,31321152710747
621373,32728657558840
621417,31078428956727
621420,22370519620758
621437,25607747053218
621471,15032496806836
621476,8023044113045
621494,27479742807105
621499,31644655286440
621503,7673574320686
621519,24509499074018
621530,23407493053030
621581,13194714881380
621675,6091774256738
621727,21290849806588
621772,27944632624716
621802,32303158650103
621947,23841250693593
621985,26625868718084
622012,28869219258283
622055,7574650170266
622074,33986190728004
622101,24419337011081
622125,26413743059375
622129,31824030912995
622160,20142370262761
622186,33743846825179
622200,17826790114715
622204,14004659684692
622253,14938774659369
622280,32044036589001
622290,12640334361530
622334,32438873817216
622343,29305561465111
622361,1978230866505
622396,4764326216388
622545,7208045671210
622588,13056241901637
622600,12829109136745
622617,33290442999818
622670,26248103094428
622742,17591021555878
622775,19985373760758
622791,22368419447050
622799,31830422512841
622800,13732589272526
622824,22020110900562
622847,5737249558338
622866,25942417511752
622903,8776493890553
622927,20488530701593
622937,24903979036957
622938,21191114363782
622979,32846994645371
623044,31620830628098
623104,7901175787680
623116,24277759497838
623118,20225391213078
623128,16756305818473
623168,16150625256196
623192,21336343130208
623291,9286767463543
623362,21102299802791
623461,10775764551303
623548,16236535618199
623569,6471341006514
623577,27237963197883
623636,21133356892034
623641,27119503668195
623694,10066444199488
623759,6079706343616
623791,18565129838524
623865,7403203587384
623895,20398597564001
623904,33819736474093
623966,11591954800480
624001,15526851622455
624136,14641227590164
624183,15374922706851
624192,27682845454990
624265,4958484136327
624323,12343427730334
624325,20918095848908
624333,22263482506741
624396,7934081258364
624402,29628214549476
624427,2884743273890
624434,33989321347266
624479,2835870336556
624556,6913013762484
624597,28456847541718
624628,29019672816674
624672,33538121447649
624682,32167410227988
624689,13611244658431
624775,7493965213290
624823,29145447098352
624827,31609903829150
624830,6029635678852
624833,25080014051396
624873,13517836939972
624909,18002307440564
625017,26692617279341
625038,7582426025098
625043,25191878627040
625085,29019041949275
625122,3232598599370
625215,34039095634557
625238,19115106812400
625306,26749047700980
625379,32049906861515
625407,28642810522693
625460,4766377532268
625468,20089366918797
625486,27523699084533
625572,8010993286887
625581,25814460270821
625588,27732352147627
625595,30248685802572
625600,13976033419678
625612,4499462604130
625613,4446665099541
625667,32868240042874
625712,22457182082273
625761,25304447238394
625774,14988564889642
625825,27110355003688
625827,29662657787789
625873,18583318048782
625926,15087635115683
625955,8939431197206
625957,2989596402065
625961,871241205190
625977,10545549885491
625983,6731067637842
625993,13175169303001
626007,30845329332040
626008,15781654733870
626037,19406240560671
626074,3902639455259
626092,16869370134272
626127,8808643729576
626130,28816649814974
626152,2590685081538
626154,24142630969468
626216,1176681608323
626225,18442034073507
626238,20079583591140
626263,23803320002416
626292,24294589765408
626309,33119831578925
626321,5748950949479
626331,26259557367921
626398,25165930824824
626418,23557600330302
626442,7592906297025
626453,7496057985053
626474,12099592528133
626503,29877545867005
626576,12951411322762
626592,20525694049897
626603,16096901977543
626613,26776878588302
626617,8496412280028
626669,20406253012739
626696,28314041830944
626716,22411358433119
626787,28247968672618
626809,6869884093153
626825,11570421734589
626882,19525526845107
626889,33213440813743
626894,12551461935568
626926,6428663174682
626931,8858644236116
626939,20949166761171
626956,534918395968
626988,21714848637813
627012,31938011493905
627013,1063538527509
627025,14216161901979
627140,29953710105315
627171,22018294102880
627185,24579965427345
627271,28011921258602
627297,27446458725008
627302,11758014081449
627312,29279147682257
627351,30898984450821
627370,15785952635742
627377,3051606809552
627386,27759905665050
627445,3610715757551
627462,6645388766389
627492,6889864914364
627526,9451950217429
627531,18423973372060
627548,31566435824532
627586,20565921845684
627629,16373920898094
627647,19270943998909
627719,5703449266950
627754,5738676798034
627802,8817680908516
627886,33275768901756
627910,16860791489281
627952,28586513474945
627960,24590836154240
627962,9058964360619
628035,25095420223331
628094,9356866470808
628139,22546948040982
628164,22583791112698
628178,10771167849122
628220,14245996398642
628275,30750309256930
628279,17287993371448
628291,29144792232821
628334,16436992068453
628347,4908659818442
628362,1108127836321
628442,14992554775363
628455,11972058680169
628459,10530365263826
628479,28452063840027
628491,5493686143063
628495,25851317266543
628540,33540641996933
628548,4416825458649
628566,6885682111905
628568,10449012262042
628602,30693294982737
628604,3359673259995
628612,15380089494836
628624,1560266702976
628649,25743049700819
628678,23354022846390
628714,31593097021542
628719,10999110851238
628750,26963180314917
628781,17881728707817
628782,25354251319231
628858,6393525275077
628898,28527145176786
628956,26489748356096
628966,22719207189653
629005,17628861705167
629030,23345811640591
629092,22508352462885
629099,7703491119857
629101,12295449846551
629171,9271439983754
629278,28978868623809
629327,14586400273135
629339,31429495143334
629390,28057649970880
629396,14598873806288
629397,2076685145456
629408,13473884201427
629410,8627840134274
629411,5994706543733
629439,24071479948740
629446,128578238415
629497,31067580592296
629518,4804870436469
629519,18627451060426
629600,15044930974292
629654,32512619936470
629740,22911648509332
629764,17002318183002
629766,2780358860457
629796,7622372229448
629801,6314011584652
629840,17555922011424
629870,3725567173868
629873,20374093415888
629878,10736757425421
629881,19307543467355
629926,6374233367337
629945,3461842508928
629970,5629214881756
629995,11576737676942
630008,1558138919153
630011,25031955490045
630030,23237800362789
630040,668875630046
630055,6535136718767
630059,20003449507480
630069,25529133051395
630130,2306143255917
630140,34096883810943
630148,17592111618734
630153,32168919989234
630174,13648897750798
630198,19114486067544
630209,15797763992482
630212,13668629058411
630217,3788828407130
630296,24256190556479
630321,6439418229096
630324,17483213801697
630341,6152865943881
630381,6569084496100
630398,30443085312364
630406,6716022628425
630433,20905138235473
630508,20922294249500
630522,4386270740659
630619,33837155814476
630625,884034922302
630653,2134891064516
630654,27444975806560
630694,2177404510162
630722,18818516084021
630728,32617881451111
630741,25282909143903
630750,19309578576084
630761,16464443606809
630763,27332391846621
630800,4956424346503
630803,10637389228214
630865,31988677234487
630873,5698426864754
630877,27108824548223
630949,22204131664800
630997,25509090169432
630998,25286532831231
631009,1954786647576
631023,13077778592928
631030,18706773463635
631056,23833536019647
631071,26894335762212
631100,19099449340177
631145,27478797015447
631169,9624866749312
631212,26089884606412
631255,23950774734904
631274,24147864341080
631279,12628175979426
631280,33961924168206
631297,32192288296675
631298,5922938860259
631305,26494171677532
631322,11807320606669
631333,18514832515639
631338,4352522811787
631366,16900064198245
631415,21533505118691
631431,28134058939417
631483,9018269846099
631492,12129805457718
631550,13614071218393
631565,14915532482185
631617,20757294152445
631656,21203104247726
631663,25602632391239
631665,15313716884449
631678,24282380017615
631707,17889733583800
631721,25182921469561
631723,1654691845548
631743,12031297266818
631767,14054976637604
631771,203792756040
631806,29631913201667
631840,10068908789122
631871,24709740807317
631877,16541722814764
631878,32403685417002
631888,15881134893080
631889,19761607956994
631895,30233008316728
631906,2824866659971
631921,10881365010848
631988,1010964482033
632005,15309322280366
632055,1150931609444
632069,1075108655439
632117,26695406424914
632174,12329175847743
632181,1462901209574
632195,18674262505660
632251,12547593734693
632283,18551273838007
632284,23396229836446
632311,15962611684223
632333,33407069987861
632409,23651712989338
632426,33648180994949
632427,17525647991820
632460,7911350634249
632477,15120983639016
632496,13701189229989
632552,28288787229131
632554,768641783380
632602,11526262710675
632629,19644609480389
632636,18616540324249
632650,1664691523726
632683,9846947002725
632712,9333137090183
632771,27519498296338
632785,14352806281347
632791,9346448287992
632793,15184265186008
632820,2828235530960
632923,13472355003806
632933,32556290676728
632999,9623884314087
633016,1326902293080
633075,22607311180113
633078,13964506687604
633171,24225752314708
633179,18455515172246
633184,34256453035273
633194,5839561299880
633240,24927561923594
633307,14401007738944
633332,33707108239708
633344,18705894289505
633400,6367749012766
633414,17289514409405
633440,21257996213874
633450,12976835826421
633459,21531941489927
633475,2185715112959
633501,17448698008826
633524,6145257769336
633563,9806370419242
633602,11611784961139
633624,32037037620456
633629,14801907877744
633652,1409603921109
633656,26567786602719
633724,14435985948179
633737,31080705049952
633750,13422607194581
633755,29198605093221
633756,15161607933147
633758,9480227469243
633798,30054500320008
633850,19791011153305
633874,10106812078255
633876,8577175118753
633910,7651686389587
634027,5098378201678
634040,25667840796622
634049,18314673427476
634088,9638174485940
634155,31687013789524
634167,693181198470
634196,22997288499085
634201,12116764876439
634205,28911158697784
634238,11081803098956
634270,34054044158160
634305,24033747624712
634330,15434061154817
634368,17376310968065
634394,33320353575276
634446,13553494257053
634458,23806791194292
634460,2542135490104
634478,27830111188116
634498,34005430698349
634510,7606932616133
634514,3611644354836
634517,24056413916059
634599,20403127151949
634624,4149430058957
634686,18916284006054
634716,27385603990173
634728,6304058542768
634747,21803764709455
634771,4753451593387
634787,30552729994296
634792,18490068639735
634794,6841311689582
634879,21819353462253
634883,29536503606260
634889,12350336866196
634892,9946300537254
634914,31955362131047
634975,25319115093452
634982,12522584433518
635050,23445983296343
635053,2918772944590
635085,11301757848804
635088,25624495055446
635130,31658040610416
635148,17478253618400
635188,13753636483529
635246,1708081412223
635261,4895018374469
635262,335668071983
635263,7876077127122
635342,13652304574770
635489,14458565855530
635551,22031750412309
635591,17089170220487
635602,22427700362351
635610,8425160172604
635612,6290822026434
635618,14332392655416
635636,5022749311301
635647,3066536948841
635649,9229895004044
635660,27759644936227
635680,6222844192632
635688,9029748418700
635698,404635729586
635700,8940086659116
635704,18105530555252
635743,3647038113953
635761,24539745455926
635788,31761050609168
635797,15150601355589
635809,25772216418977
635815,33448459593590
635826,23551520568413
635832,30677606540902
635854,21635512871595
635855,15831177700433
635862,623385757898
635869,32991400687626
635871,13093204719901
635875,16042372028702
635887,31963444635475
635899,14954400702280
635900,6449266001702
635907,33816283941943
635947,16611942454898
635961,4646139555013
635976,9700729306853
635978,921628089220
635991,2337998626660
635994,19882902493284
635999,33811545147187
636000,29390009743499
636010,428874152643
636029,3355160153213
636030,30542077811476
636033,31099116676482
636034,209942273747
636044,15450705490423
636062,26279050692505
636071,27894553493198
636086,6771483329006
636100,17194068829527
636134,18019343161840
636143,10271549459646
636153,2867681766205
636156,19326004482593
636161,20893562332904
636164,17215099328988
636176,8043246250642
636184,32547287618999
636224,21869933507031
636229,15741725478502
636267,21219476422520
636274,32605650291227
636287,7410833699325
636309,3752477952134
636310,33731382717922
636314,28451806604266
636317,25180766377194
636319,32838579556122
636320,30478253048664
636332,23710848698785
636339,5810083718085
636348,20958914604018
636369,21260592409441
636402,26697074160929
636411,29436608398407
636436,20404263045125
636440,29979304086471
636454,13347412917695
636455,29760916494519
636477,2084218974311
636484,15935644037375
636488,3628607386759
636525,12701537503184
636536,33738227959339
636541,460382874751
636577,18596515438093
636596,23785356522730
636613,15581931274140
636621,29938703719355
636637,15295935907461
636647,8448245678403
636660,8902849539432
636666,19469880866859
636679,22670668337086
636712,2806310083983
636724,6033943530043
636740,15615769417578
636753,8803688636993
636754,32803264730035
636757,24342953369903
636758,1212170055605
636762,5016572943400
636769,21966778959640
636770,12577549276038
636783,3421992003109
636788,7474289273744
636807,29017171630635
636821,11601110788515
636829,10547415732700
636850,4697824944764
636859,30806955779248
636862,15810518231156
636911,29803115534569
636913,16135721193257
636914,7068885782647
636946,34088346299100
636953,30752858217506
636956,6820441129477
636958,17382069000147
636965,18298757237820
636979,18965323983569
636997,17948100019138
636999,9683077525640
637014,5825276123666
637057,23017559347600
637082,4138402871966
637098,9175505580180
637122,21828001546305
637170,31045453056012
637187,27796520754479
637208,5219334701288
637209,14199962266147
637223,28741411306377
637226,18171527060451
637230,869909882812
637235,29995379933744
637240,25875624402493
637296,14285683686274
637327,18878300034423
637342,17154466482687
637369,13804310677083
637387,6568086114622
637413,6469988317040
637436,3926003861236
637452,25628015388404
637470,5947050399926
637471,22880005180635
637472,7399403950086
637479,34222950527207
637502,5505913763781
637532,32726907411846
637538,14709277605719
637564,32708541504270
637575,14664506561613
637612,17522276924662
637692,8679159394620
637698,5512780405564
637714,20276553520604
637717,14898747984510
637731,9437957606452
637751,29991731244620
637772,32787439405301
637793,18224429997792
637843,11415140486140
637854,18704504882452
637876,9150250339182
637901,19681828678352
637906,3451296140051
637907,6977724478061
637927,4497476963954
637934,11171239093048
637982,14950217854204
637983,21486126170418
637991,10794685389346
637995,18930406596622
638002,14557267764943
638010,246676872444
638024,7072375658438
638055,3112115314956
638062,26646553789977
638070,9244887956358
638078,21030741657648
638105,17746502013950
638121,7617608379323
638135,12494000266496
638152,9901317378062
638160,23496083507954
638163,33381919282556
638192,29353362611699
638205,9094875634360
638227,30826148370796
638252,6234717633496
638259,24727444532725
638267,18067634829959
638276,22504399760586
638279,21410412092378
638306,31443356193463
638309,15514943773033
638312,7156512950063
638321,24463891937463
638351,25571284515707
638353,28594236233506
638354,12764858195982
638378,8282714277448
638408,29183766510517
638410,13375315914844
638438,53070754775
638441,7510516956128
638443,26199646156676
638455,9729534550869
638492,20492897162122
638494,8309657008716
638517,8609081224662
638543,10767784398620
638552,20226570493846
638581,9989502081752
638583,29177119101634
638607,4397866314905
638660,25645686517139
638684,9908531643022
638691,24201629746484
638730,32586658242308
638734,21349532286447
638785,1081217271776
638813,28763496658841
638856,20393313823280
638876,32926491377970
638886,29287880694076
638898,25267671770344
638900,500695891097
638916,17915422686502
638930,15649865259721
638936,29353899086225
638965,27355601442719
638977,29593480470646
638997,12179528859819
639019,29599837150249
639031,25618006417028
639096,26432391648108
639115,14031385122378
639122,12942662075293
639124,20933783195398
639187,22037524690817
639223,18999469536288
639276,13859487079437
639341,34308156306826
639463,12024026527930
639527,7921185526310
639537,12476604562506
639611,17614480248945
639782,30609909987364
639806,25477741502805
639814,33653623274548
639950,28048343112045
640259,25431559496063
640495,30744873686766
640513,8165589318388
640561,6784669938696
640565,23126636829491
640601,34016386261722
640617,9170907805697
640715,12991128910134
640787,7771177894363
640810,15304614199190
640836,14401111392062
640861,1603294522078
640868,34021322159507
640894,30045705680099
640906,14664893864333
640907,28484274012948
640934,2218563352803
640955,12444932003257
640964,16707810319852
640970,19831244906539
640985,10129500227914
641008,30790705170048
641035,10603332798863
641046,6943224788935
641048,15220463976274
641050,19233861031610
641092,509435439672
641119,32606813955462
641120,16585661223457
641155,10835330107521
641182,10201972113867
641237,733881612127
641260,25593793909441
641286,878238911133
641287,27206791319879
641297,32610119108049
641302,18080580411345
641303,8940405689514
641306,20244054146344
641313,14065855014952
641319,13534961951050
641326,860887438243
641349,30787856237253
641373,16702488774346
641436,14011897789418
641442,11746525660460
641453,18935712012158
641495,23568453295433
641852,19291075193449
646527,8981503626796
648229,28275372646657
651929,29050793795867
652112,2131316071435
653369,1436504748957
657298,25868588630606
657468,34113163090400
659530,11228467976052
663081,22038668477015
664622,21916896534101
664880,4460415718033
669224,11258212167930
669402,22794119092189
669975,25051781155494
670677,6512546765038
671947,33749486286093
673577,15010861407046
675540,12724062684363
677801,441808678380
678084,22079870161217
679373,16113019579621
679732,30025159486890
681482,2057218435494
681748,4891475363789
687525,27236092040205
688370,11411082938015
688376,23938765992230
689345,9848748421512
689626,8007184538457
689645,33022730901291
689872,14768979981574
690047,32789954243075
690146,28922668310647
690534,30992712990218
691285,28755226661037
691292,19330283306089
691428,31440281341831
691430,25524105777611
691475,26950080417126
691525,6231457408222
691600,9847330459458
691610,27343153479459
691685,28850090798578
691783,16641610206751
691786,23096500503297
691834,26202380268901
691866,19329375726729
691930,20777435161605
691946,23449606178697
692009,23525216653058
692057,12383616332135
692123,4511466258361
692134,22601033659340
692157,4968315030432
692170,6196759162150
692241,12031289853063
692258,29628854160516
692271,21022307744494
692306,22945227778186
692310,8882679391481
692320,8032645478788
692336,17562406566990
692343,3205320518227
692347,8926537238411
692353,13865168950698
692383,4314315636474
692416,15685843780793
692445,16216676440279
692447,8851822884877
692478,5834144885181
692507,5403614649709
692565,12739446469342
692618,21185256876399
692622,20912021153843
692686,16896984344848
692716,13893010467158
692790,1018614569104
692796,5966597356881
692802,7120602502557
692837,30607313613347
692845,31603680364056
692859,11664975168457
692870,29025287863481
692882,25003604426713
692889,30508296269250
692908,31007970803179
692922,26838982181272
692931,25526960335138
692936,18113865591213
692974,25344166254765
692980,18986740368557
692984,18209416280238
693005,3537504904245
693046,14483766950959
693048,17939967354700
693051,108812481691
693075,5633455844035
693122,19052270741162
693155,18682905871581
693172,28209982774595
693179,24948074946680
693185,14887097639540
693208,11087890449395
693239,24157601277466
693285,25493712497783
693325,10689662552683
693327,30754165518746
693388,33442306963492
693395,4135647528575
693420,19983765575147
693430,9232477192220
693499,19196087949825
693505,31529979116589
693520,26677153258456
693533,6360459943719
693535,4652492983927
693566,21394998133825
693578,15449014945838
693600,27217181852718
693617,23405691556592
693628,5458376518407
693638,26785524837932
693647,24693652374099
693648,1370651224759
693652,16554510906822
693674,19021728595655
693686,32747624744433
693697,29951128822365
693735,11438093124032
693740,21510689913185
693752,16858055600381
693753,17483848536294
693778,21804990348666
693782,21835764051787
693791,7583010771140
693800,24683386926351
693826,2951444622273
693834,3732083396289
693885,31253657107005
693889,9648304426634
693904,5046708157385
693951,33293929694302
693972,34015745110740
693987,23433525952370
694056,29237384866822
694066,12687049662907
694083,23295968520994
694084,809503544350
694099,31053642974298
694135,23379964132626
694149,22003138276188
694195,427440641126
694214,30644813622763
694226,24551756098221
694241,8787829947763
694253,21626364872976
694259,16518876623375
694263,13496673310942
694314,23810542946414
694317,21928789699194
694357,3089995700870
694363,9619458902683
694407,14135838516733
694413,22464291077196
694438,5463079460904
694460,25893032547310
694485,868063283301
694541,12438560431572
694545,26344115406513
694554,30167525159957
694599,27854943830197
694633,15193669811467
694644,15962396564876
694652,27777155634166
694666,18490292184073
694693,19853331745606
694705,11515240696960
694707,15973112860865
694746,22684997627794
694751,32999483847251
694764,27053201994678
694775,3022972362790
694789,27964826915875
694852,9940458260635
694868,11665358429251
694874,16717220113923
694910,28075546860341
694962,33432211779085
694991,29998692122183
695012,17522877642301
695016,25635443748797
695018,29482343252008
695078,10609635425423
695126,3310581466363
695132,32675336736083
695207,11872111436067
695254,12144470735827
695355,33649741309730
695574,12038526664395
695599,705637027169
695653,17464626327967
695681,12227633633600
695725,26448243327331
695731,2048150848072
696052,1321347914745
696114,18788055421257
696138,11257688628499
696215,469850768916
696347,4701258843790
696689,7821215842795
696877,24282748236747
697234,29631618196247
697357,31290738614772
697363,7885578606209
697397,30414017308840
697479,968250207066
697531,16055516940931
697577,18862519874418
697606,24434693324751
697972,11886344243122
698003,9856315636674
698099,24784175001859
698463,13564749176653
698707,16100203541485
698729,3840008551503
699258,1519992431455
699371,8182875426741
699422,21741003015339
699781,14990186130578
700145,20797612104150
700264,18812138366284
700949,1719916221260
701032,7479813990967
701123,33203208675585
701141,3847852271859
701626,2294021939886
701847,708517479505
702080,13209372110566
702408,15852605251872
702441,24415842733625
702575,4891585251937
702687,27669523407918
702701,12296989972894
703141,9927747933520
703167,25921237020154
703408,7478604685346
703839,32704104879204
703880,21426750091196
704051,19261635269938
704192,25655250598491
704223,7634762707118
704284,29863426467722
704363,10982074908210
704477,20481325832454
704587,31163469922420
704733,29551508599517
704817,16458651597639
704822,3178681803358
704851,9541192747790
704961,17553863570784
705059,18715830891298
705086,18242488445682
705289,28228008708412
705354,28028169548007
705397,29545904839789
705455,26759320772934
705472,7474418428094
705653,19956489038667
705945,10653283379934
706018,17503961496268
706024,12701940995696
706093,395404739604
706257,11797861421996
706261,21063543456831
706494,26407105942973
706579,18934552402093
706800,2811718165489
706886,32440732008746
706929,6574318507267
706938,13750991932549
707031,33483256817599
707153,31715011737076
707192,19953203420071
707259,33212595600336
707285,19938064289543
707307,1498438753237
707378,27632687802230
707578,26694946877956
707632,5971550543764
707751,9963450745904
707759,12314769302638
707797,9071032304687
707816,32952699131917
707843,13961442641595
708092,29253741276613
708139,16076652489807
708156,29149830012839
708252,4016253955389
708272,6547402581628
708359,8594175965988
708389,19375368735629
708437,34084868337528
708457,1587792064195
708484,32171714031263
708489,21090121878457
708501,20603362168998
708573,22552790368883
708583,32551161472541
708648,22541576599565
708867,21449312006165
708952,6422728727533
708958,19209537995065
709093,31940948041165
709160,29789695993429
709173,255114853169
709201,16269328287815
709216,17647080711879
709308,24998169961413
709330,4027398028672
709392,15052798947618
709417,28254662746671
709446,15738033518119
709526,21414820873213
709545,5549554192198
709979,29882475190070
710220,18197139496485
710263,32566053041603
710343,15601821115571
710409,299046101431
710433,21431548333330
710501,9067262615099
710570,25167557668116
711031,13684441015472
711042,27318399449739
711131,27434426908803
711282,6499885903463
711285,27468451815182
711334,4309129915445
711471,31280354418222
711555,33274383422998
711633,25255005899979
711999,22173246142746
712057,17392599513786
712074,22090674841260
712669,27733293528621
712787,862641242513
712894,11039132758071
712900,30740320540050
713529,15184885287968
713688,17524391378084
713735,9803059720941
713987,8114920254802
714220,4727014632722
714288,13442442857735
714330,33352983812160
714651,32919856616732
714666,22741457513666
714745,7072390856319
714763,18864688804249
714803,34302627013073
714807,31974365906586
714820,24445636309979
714879,961720090673
715042,23575923545105
715061,17152786275539
715087,33265692314567
715122,16720997354384
715130,4356995838989
715139,22395161854973
715142,607024743291
715144,23629666062751
715166,18055719775172
715260,34260158533510
715271,33589919167356
715274,14674670446218
715277,20749266561251
715287,26738490460343
715309,15527569648822
715346,33515556391352
715351,22440275750931
715367,3586561768757
715369,33407663036813
715387,28576862086886
715448,28343150044930
715466,18973748396040
715485,14352716185419
715515,18515431286119
715606,11667783480147
715620,14690369194072
715635,14225326965558
715675,27049109964783
715692,20376888523358
715698,26300006868206
715705,6188792457900
715707,19571306635775
715785,27834154826093
715802,24839491946957
715854,29718201986214
715874,18535933882515
715907,20332763142060
715921,8424835056547
715988,14734663658255
715998,34090623318393
716007,25897625820524
716044,22840208398817
716085,31342075529727
716090,10484809971811
716236,14232329211371
716267,9254825868321
716496,26044771634955
716534,24623367169138
716554,27807361731536
716587,18333371283729
716631,1766755512859
716661,12547618462530
716720,30973807942657
716745,22192525875603
716750,7544354898541
716763,24404570086995
716956,19343252455706
716959,32143263824847
717046,23239809280231
717066,17941888693318
717139,21931400257088
717219,17419954397312
717241,22586567857653
717272,27862608542748
717359,15956910410196
717375,7854721116219
717430,20943529335966
717558,29113724288026
717568,11023608175544
717569,2017403372340
717572,18975491989074
717675,27721521280404
717708,17547605059742
717711,23058173665773
717769,1841196396819
717828,10190577604201
717873,26098903496463
717874,4224107681198
717902,32236766176
717963,13472940401651
717984,29344128727633
718026,20613355409586
718027,10568067256252
718088,10669055810198
718095,7394321648221
718166,8892082122133
718261,13126141434190
718316,22911760535241
718351,11392488474850
718353,9899139548132
718397,4619148826091
718440,32174516082743
718441,24048684748679
718520,29756427032747
718534,15990765908890
718551,4255233829417
718579,8460299870068
718615,24445808850373
718631,502206832366
718668,12930932178771
718691,17453660703036
718726,2354336139809
718837,12723679421570
718847,25652684769444
718849,12259310113501
718879,10979847920010
719003,19578261458984
719096,3266138640411
719135,4419848375613
719177,4358968156701
719211,128233972160
719244,13522145156638
719327,24680316268273
719415,13614042955290
719463,5053658709037
719487,23436261476616
719512,23444517153302
719566,10322879331882
719628,17127342860451
719685,2378141777715
719700,19887533795421
719713,4639367619003
719725,14460545333101
719744,14856589161473
719780,6349936194408
719950,15210238323851
720229,29972411586074
720278,16990975528513
720349,950635103993
720433,26142820613700
720663,30401246548280
720666,16150515570237
720721,18207821037317
720818,2920788729718
720835,30199630979828
720859,20658731572081
720868,7191769235032
720883,15796853327253
720884,31773372357595
721008,14963805936564
721034,15605841381618
721105,18268145444821
721124,23996475350046
721169,16054839252570
721238,1387249068191
721330,17850324920567
721572,30590384581419
721692,27910863403963
721711,20946476770180
721743,14418760012860
721865,26327463511293
721902,15662804604727
721922,4684557918312
721940,5688748714039
721947,33511054817966
722000,6724981214844
722093,12647419953595
722112,2936284485368
722247,33373040833186
722258,3306752309221
722303,18932383768003
722315,25419885797470
722374,9257371821979
722536,15016782245784
722537,1409136997957
722557,23446250333168
722565,33351810389189
722815,16073213518815
722848,25806025022763
722891,6608149827386
722906,30688722719497
722945,1206716870707
722951,16511331509338
722953,27206552794502
722997,19396118083756
723089,20906708700303
723104,18457156985429
723118,15157904504949
723174,26388270221223
723181,26388010580931
723320,1044052187430
723473,19927503289594
723576,22158650226558
723649,27335348471692
723663,29272206501003
723692,12539863546850
723702,19872454172749
723781,29772120973192
723796,5525068916572
723903,9487972966215
723945,3935295546741
723988,36299871721
724080,1036098635252
724117,25428405757016
724195,30441557399153
724380,9428292105420
724425,19917272591475
724440,26826696197255
724611,26118526003342
724616,8787360767756
724623,25667839672742
724682,32731073311290
724800,28219176018036
724862,31835938501557
724979,31914603368956
725003,17988605316492
725012,222101933091
725303,34220537859070
725407,19394957229661
725517,19599943933358
725551,9282509770091
725599,10543058926897
725689,8261853872320
725767,30485968396671
725837,31018334781975
725859,2844876534765
725880,21267722440215
726107,18513872330066
726251,22195570031586
726453,31598234660204
727325,21159874540745
727340,25355565112214
727607,21319291873308
727807,10397503712819
727890,13768725946724
727980,33311390412919
728057,10868662488752
728386,16185585782078
728559,13235625846499
729725,3085299459832
730159,9899402193272
730254,27549548215109
730472,24860899487062
730481,2712425943187
730495,17632868562666
730673,19660773094320
730762,30445877328960
731100,33296447776525
731240,19073836747978
731373,26553537169166
731418,14195427401596
731436,4337504567014
731544,14781123823021
731555,33110856299120
731649,3006431950034
731686,14404103904558
731726,27347251917925
731766,13834777116372
731851,3360763340279
731878,2729487352460
731944,616116309670
732031,9464471391310
732059,17821035579419
732064,22731768225526
732086,25764540292143
732194,31156103086128
732477,34201817376360
732581,23732629281359
732826,22614594463635
732865,20623506028371
732920,17105157679244
732941,7524456281457
733014,3902134624091
733024,7985727039731
733079,27844201836845
733114,3184083368239
733237,30259634370397
733275,23378943204269
733421,10702734946918
733506,15229852640549
733508,27832148217448
733555,16527141324218
733801,8971752995331
734010,8217929100063
734053,6014816455645
734185,1151861427817
734221,991674644007
734322,4761745245045
734439,19468093144010
734484,27250574054614
734578,14336141632982
734648,32152868185493
734670,28506961883030
734760,16452317537152
734788,28327447233634
735011,18183408939604
735304,24555422126480
735536,27189921772551
735537,10033757323041
735616,32780414094365
735782,33765989839763
735867,8844936473632
735959,3925661891555
735994,13711718030696
736112,20670284174925
736235,25202386873768
736370,30413862031159
736459,341404370299
736549,16342265927845
736622,12162251093996
736705,19344556637657
736771,622205551180
736826,12512116270270
736851,16007642733091
736863,3133053081565
736894,3541099641504
736957,4429882564981
736970,4081472466027
736975,2747225351240
736990,2213300474446
737051,31734586496655
737147,23402840558887
737216,8439295918434
737219,691851577404
737232,9071777050905
737251,31244292837311
737308,24329312414532
737379,25009640062982
737387,5287789168437
737514,32444208979210
737526,14493993120278
737531,24219387506067
737558,23690842876730
737559,17516077538589
737563,14894255015741
737589,18349551961528
737597,7691012228013
737636,33102857608288
737793,785559224098
737812,6490235265253
737857,13458846233269
737889,19725733292799
737966,28864347125779
737972,22343178766134
738003,397759874887
738097,33033173455571
738177,28182620745264
738178,3525200542973
738244,33898694759654
738249,28827000306718
738275,5243993094030
738278,1208813859958
738323,6799952299892
738326,15719678351146
738362,31198461147298
738371,23932689733372
738393,9826737667224
738431,4399550792476
738448,8839452568745
738460,32659369159212
738472,31054544499048
738479,163843420860
738487,3251410518292
738581,11393843125699
738587,11322635946291
738630,32078278915628
738632,33317876354910
738658,28335806191337
738677,2735214308358
738709,32944580215932
738754,32756257071506
738813,27318502693141
738838,33315488701953
738914,7003425627430
738931,22573075308402
738940,4753864367214
738948,17157145234411
739014,1639145800601
739069,5434837505047
739098,10260582958209
739118,17344430150644
739233,13018039103814
739257,6033322936373
739267,4805532461
739299,11664776853418
739354,9076198882880
739368,32934947740117
739369,12127412130006
739377,28096762826952
739381,29665531420863
739437,9293041640382
739443,8205926283490
739455,2326508542879
739462,4462251254105
739534,9171191655864
739553,15331693897126
739565,8385247409391
739578,11983703102726
739585,6255060326892
739610,10148913083228
739641,26098758880841
739728,23758390219697
739774,13970371980820
739823,32903962457708
739876,31955286310494
739910,14422112649851
739973,10833641810649
739985,27006313766410
740036,32457537150973
740053,26286263602618
740138,17854833115356
740154,27249411361713
740178,30763919330088
740183,25327037327917
740200,29994738415323
740202,29679053258788
740272,23946376603050
740344,33490466172738
740416,14266624611673
740469,6678108367502
740617,32046023355069
740681,9385097890508
740687,19787423971793
740706,17124981928232
740847,24997107858075
740991,17894353926464
741006,30189469538685
741025,31173434267125
741049,4428977118575
741100,15394125559074
741126,33156870771454
741136,13234472378032
741140,25466688919093
741153,16885355262670
741158,23485021383897
741192,8734062265333
741196,34242742642819
741238,28676424850783
741269,32490611205971
741295,10074359249858
741349,5717854606290
741399,19202025180263
741538,31653549439929
741573,26197257918012
741592,17723191424499
741620,24410916657235
741713,973495666002
741740,19557254762326
741748,15653090602106
741790,3855506648453
741864,2494835461807
741874,2230453022487
741950,6818637898230
741998,7580050689232
742067,3680090511846
742071,27782253811776
742074,5929154770852
742078,1477603429717
742114,9222287202094
742139,24781488076814
742174,14098767480716
742222,2754412755349
742278,7379870823278
742281,16800012774586
742403,12783704308768
742407,27939945085071
742459,12757600317097
742474,4373274763799
742556,18985769763400
742593,34146704861014
742597,27009707034721
742602,10680193449949
742609,11429422157277
742615,28086588802353
742618,7861645009427
742645,34297492280161
742650,9861300974243
742757,1535125151903
742902,9771933011779
743168,25513975720627
743210,397867594023
743372,24069943800622
743663,34339308264882
743946,8397767749447
744053,6663448145042
744126,25645752146025
744241,7354735889555
744260,20428766999906
744334,1102762981439
744371,24785115874451
744413,65676832953
744597,27150239421054
744714,21273842813088
744902,32296765677764
744942,17154289724168
744984,23698875256776
745117,10405375020944
745165,30129939006038
745207,7493026438548
745245,21870852400219
745276,13400496336623
745448,29780721469065
745912,10743690387745
746035,27163994476085
746080,27815966353565
746151,12939116465116
746163,3491050227125
746237,19370716131188
746289,15581614527394
746379,15086405962818
746403,17016409990259
746505,10329415676856
746748,22755524835789
746836,25422446009045
746934,32049460899422
746989,30282645646094
747052,21583989788492
747104,21174167358336
747309,27378573545751
747465,2421060071317
747570,11748526833853
747593,30638867990247
747646,30860325308949
747724,18630680308567
747773,8893239297553
747910,13582839555333
747967,15029564805559
747999,24195445434796
748060,26956719813579
748101,19002801283200
748107,28632937091181
748143,22266256030837
748146,27258838667915
748242,30379667919765
748360,33546587271277
748384,31116510266992
748495,4207365194643
748681,2653240832513
748850,16058832825448
748882,3721205190457
748936,34339456224798
749116,21543939783069
749210,31599791188207
749655,4401810813805
749663,1528517300575
749751,4417061269144
749888,30353211728434
749909,13332659382981
749974,33569757918089
750051,19906888908053
750093,15147985126680
750161,31514141033748
750228,19904596445535
750233,8388031922248
750261,4439607546331
750302,15192700501443
750349,24161781496360
750366,33873195746620
750385,2824485289554
750588,14873549755560
750682,25107462491577
750905,28181844518670
750989,28495342246972
751325,24607358311888
751385,13468845833867
751760,27258700243994
751805,7374735998035
751829,22840068872362
751897,9131769747313
752747,4780838696634
753174,9692015293506
753232,26754805812858
753243,25819773108086
753278,18597573603878
753300,25172820713687
753365,206977781001
753371,22826306008912
753459,6270645759351
753677,18107043429172
753696,22484966132292
753733,29856527801
753835,33207909616754
753885,32460851209498
753915,24550153909921
754165,11855318996990
754241,24719580417478
754291,33342975179454
754294,29724768705202
754695,24385794191185
754878,31909997243078
754882,617155957662
755766,6892971703621
756140,17452370522587
756456,7737200263374
756519,26862549527354
756666,5792661721637
756744,20946443997773
756781,23119135149632
756813,30115120085284
756868,13701285636150
756948,12511748857880
757020,7751405623412
757041,10219685233647
757205,20294074397081
757218,12293065898345
757355,24487232859874
757364,10555891890338
757412,7731189811477
757428,5742077059424
757453,12938755804966
757548,21699486384179
757592,25162017715007
757696,25396309239311
757889,19790093233512
758031,14315060809982
758128,18725609628601
758306,14321921000617
758355,11039919596506
758508,32192972192448
758645,27548190056227
758672,7088868821890
758739,14768297622696
758785,9513814379523
758839,10136574805325
758854,13335531437385
758884,21992841552589
758912,21984960164392
758922,10312470299365
758981,29827299665502
758999,27487331097389
759004,6415574378046
759049,20784877071687
759316,18128970347962
759342,14456031855740
759414,31005067149965
759445,19522519119199
759500,14074572819951
759528,6672761891290
759583,7544628057174
759601,24253669266821
759727,17982350988751
759739,30713764185462
759790,9296988658848
760009,2644603978073
760112,13183912497769
760165,31182848245254
760170,5088479634027
760222,25236483928295
760251,31651345691745
760478,373810863776
760479,33520591605198
760522,30955783193382
760639,26594987750949
760728,31897826382956
760829,10325803236057
760979,21193364551000
761058,8202573050261
761068,17165826939914
761090,10198531466364
761144,3650591750973
761185,10464888839591
761401,2401267841304
761640,2461763700223
761743,31918713617824
761753,16810836828806
761851,25376257451977
762385,30217296588904
762446,29362670247568
762485,1164671344646
762561,10723024080157
762578,29916827555261
762581,30161808444955
762588,30960287348160
762613,4447092252121
762661,10202107747675
762669,30951137882366
762722,27907088484862
762729,26286500928892
762753,6338765098964
762759,4759309753775
762786,28794718783334
762799,21464745209859
762812,20489858512320
762839,16057464711201
762887,21983729406605
763064,13558752057735
763092,12765113670350
763113,18826780906633
763119,30460077029926
763153,13499145910674
763199,4870598372511
763217,34176608352020
763246,5865335443346
763284,17672116464484
763297,12885164833285
763317,27309662184633
763355,19318141392755
763356,21345109850284
763366,6051958519503
763367,27366907685659
763427,24026031758528
763480,27136275705993
763528,7214808826768
763533,8410509872772
763540,27699925040815
763578,23633457561515
763649,27662839031566
763683,21080501470820
763756,276843084987
763766,10355334012667
763792,18762590040421
763843,2214939734967
763847,15582845629811
763872,26734265188511
763906,18666301512795
763988,24988820026006
764044,10191187369416
764141,28826035738308
764161,6466171268580
764208,18784636246300
764210,28137488984656
764233,18273057829487
764320,23722175349099
764343,9805007725696
764348,6770616172581
764367,21249597444751
764378,16349384198572
764380,28125843143849
764409,24052643174410
764474,1997395849602
764476,6301192643099
764504,941671309386
764506,4436554136073
764514,32758203747971
764537,2608500665184
764543,10634651925325
764620,3431255404685
764732,23470680637983
764744,11886702382269
764747,7040292952259
764756,31541635512037
764783,33970853564266
764788,15234732037581
764796,2876075296583
764860,15312282697944
764937,16874573529561
764958,16935296203769
765003,7870615315738
765016,17371413887522
765025,18285757058415
765043,11090908640350
765125,16268475551894
765220,9154382051943
765245,25327316921514
765301,11972040120496
765326,24307766159094
765348,9860576628576
765378,8914773817551
765398,20863116274129
765415,5287891064735
765419,6349234028252
765434,15297769767071
765474,17547326627523
765512,12861441997271
765556,2730983647473
765628,15762323584060
765687,25283415651986
765703,23953112595382
765736,9050506058512
765766,1814101087098
765899,21582405624417
765905,8559440150569
765912,30427517550554
765942,31347373610894
765953,3154725173965
765960,10098128638768
765970,6515655697560
766066,13024253165319
766080,28130019931315
766112,32408409843836
766153,24077135431597
766161,27877519955293
766166,21711720637030
766223,6513629058161
766261,27146184376722
766271,24979539939126
766289,17622177019115
766303,28212808782101
766397,3702393715861
766418,26951667678142
766488,30832546993506
766497,11235746578892
766510,9261775419275
766561,14555480569773
766588,32038306428168
766601,25019532896546
766613,4613733048123
766672,4437461565828
766678,30997535470245
766710,22900842402840
766833,19534290682785
766893,32423077213536
766909,6644118275418
766950,4379896601467
767117,11945996398534
767128,656164795627
767192,17075638719101
767202,19878502330754
767224,17941991310612
767320,10541153102160
767348,11706759761522
767429,30118584893483
767441,18218947219957
767500,14379609980029
767523,2264558572642
767554,11045333030333
767592,32757162181242
767612,20351222534006
767646,26840484479675
767647,9409197482111
767651,5063335551973
767655,31872008124205
767685,7107328986617
767714,11636603415480
767745,21567812714030
767765,31550035077768
767816,30567315025674
767826,34052017790374
767848,31921742018624
767866,29335977946078
767916,4634886330685
767930,28367219859047
767949,3934082343728
767956,6217200041646
768036,23810653419484
768058,7746914507225
768081,1742549429152
768105,4168776757065
768210,1035381726546
768215,2768052661080
768229,2472227436141
768230,13247412052980
768232,21939242531557
768293,29009950365962
768303,15330346751733
768351,21651131758255
768365,8749218838682
768384,9040143877419
768401,6158696473926
768412,13897290021499
768430,19162457594047
768479,20764122063476
768496,26063265921320
768509,16850671136780
768535,2198155503294
768559,7770849383936
768609,28159022894736
768640,23753292818620
768688,13113338629257
768792,24980406883167
768814,26080953319915
768821,12669213561992
768835,33733929713841
768895,14733493942383
768915,7990939418421
768967,21737830206686
769073,9190413103570
769075,32386140449152
769126,17760478136399
769192,22130567658708
769206,10735700122763
769240,28916771518110
769291,4541132325215
769304,27597525570158
769323,5580042083011
769482,33239163624421
769483,19113293368117
769493,20973486524780
769578,27936280344763
769676,24439644503421
769677,16371097642856
769727,7220198154710
769781,10240823590446
769798,712677199675
769926,25338233978718
769949,16601788392910
769990,7930235634409
770013,33980217906771
770018,21903777610322
770050,29943362748352
770130,21087621857831
770136,2682429149452
770166,732369885779
770167,33716770625600
770169,5975316377737
770273,2627154381306
770357,5642127963889
770444,26308752345694
770499,7853284883760
770529,8070222601126
770738,21578962254911
770740,15213165932163
770748,21741153409118
770778,7456123415740
770821,18873211117342
770837,25845288955417
770849,11798146465215
770852,538504253297
770875,26476022165878
770913,1597637430210
771022,4931897808915
771162,14424703077810
771230,19527275839310
771292,18594806520124
771314,28505795941116
771438,22623111941309
771545,33577803387915
771566,24688998305096
771573,24132879226215
771579,11060370422378
771580,16598143046425
771581,10297715872798
771596,16471006059306
771604,32680675305819
771615,4690061419199
771635,10381629908020
771775,14353651491049
771799,19789758687434
771818,9781660105270
771839,30474540610750
771931,34254566113634
771935,4815035466733
771947,8035978843853
771978,1194124204419
772040,24959283514902
772075,21446895672804
772088,7234119318255
772311,11311151836658
772346,17372852340554
772361,22022940484493
772363,28306596207270
772466,7693951262839
772480,7899378447573
772488,18551978028455
772577,14081994838638
772619,12403428776266
772748,14066465728653
772760,32101205167550
772845,20891386841526
772947,22948505010580
773007,4040664784246
773088,32255199167801
773100,11682203199831
773197,17021383892884
773217,29369034640227
773287,31227721687812
773337,5571876217529
773401,25684417348019
773412,12515686144381
773464,4406691571108
773513,13168329817282
773525,19078449615541
773528,15507025771687
773562,3318821828544
773621,23758986635768
773653,13096849418227
773677,14050381892823
773795,14753127188507
773885,13022412192180
773934,22777076358243
773957,26738255537799
774357,22306885527603
774376,6285162830414
774481,12468485647797
774743,20477664694573
774796,15706780999776
774955,29434253734421
774985,7535928197875
774989,12269584207283
775185,12842747546342
775235,404380700858
775313,17697596136614
775404,24376427512608
775406,5152115689262
775407,18756117328908
775454,21031291102427
775506,26355359593448
775569,4990547576898
775608,14064626311704
775611,30208586400430
775619,20987725991379
775691,27290970771659
775709,5856260598366
775728,8367027129329
775792,31476272205901
775798,1146057680241
775827,7886973721107
775887,24967453410804
775973,16557059361109
776101,12339008598056
776126,32095740329831
776178,28236315123865
776197,13004532758639
776215,31430829973488
776225,2099396271738
776290,14655976471579
776307,28102406622275
776368,8838565565881
776403,27987419032000
776424,28009303192713
776472,13630625101092
776496,5343758784079
776544,10833500336172
776569,6696891642058
776627,14605351417059
776643,23036054924115
776651,15508731908841
776659,10902400512708
776674,34342007079929
776692,25093426505283
776801,866614003954
776974,4667116780120
777010,31763724091694
777064,8967373581039
777117,8324064686812
777336,24698079641451
777386,6286525943633
777393,15017983199117
777427,27592112541665
777502,25591362163586
777511,6194163379902
777655,25410000436351
777662,4541533102460
777676,16686926289343
777768,17080631469528
777912,17556695357559
777953,20056463374901
777962,16831595707217
778029,22984528221488
778171,4050737307551
778296,30255759513623
778367,17675514994492
778390,827049188793
778467,4801968192469
778479,8234557654457
778509,20335003113900
778584,7835853955462
778592,18163400901105
778652,32638196775683
778663,18449820963556
778693,18339171690564
778772,29942971101931
778787,1158394712760
778806,28833102217281
778838,20445179401250
778863,11041019301009
778871,29295944071928
778878,28255995870042
778905,10401246761097
779147,28781732741578
779215,20999824307235
779288,6579359111057
779305,30759670880495
779377,2230965466106
779380,2037180295201
779407,22744586253816
779408,22217847547352
779424,12104227269108
779579,12310901576758
779652,6203641779038
779682,27033712016599
779722,7718820998081
779757,11782249990029
779800,33722072077111
779849,21827942008398
779904,33528052026976
779914,11750592348474
779950,29487848798526
779953,22451807252621
780091,32353115381528
780133,19563777423325
780218,5818853899896
780222,7869207893840
780244,6512176460605
780277,783505128845
780312,15050996038673
780394,18199275981274
780411,13527321196754
780427,30702247271111
780527,5177274954531
780553,25734961722871
780564,7801964315104
780622,9495696777678
780655,22934142296857
780796,10079410053481
780798,21825286335010
780832,8396010305089
780842,7180366629725
780854,2002017151778
780930,7166020583222
780961,16326854516467
780981,6183939940478
781018,4374158059208
781056,13781917102503
781100,22242534819770
781111,4737483134803
781193,15516287721926
781267,20191166129797
781313,700309618815
781455,28849606074597
781493,17014594030194
781513,31586570925813
781558,3851889788568
781568,31559488377167
781587,2657710211387
781606,25813085384218
781620,29230316860490
781720,33487246618748
781728,20197244033023
781773,7773624292921
781805,18878493386095
781832,23714839028193
781905,7044814603146
782006,22312747477710
782033,964419541638
782057,3877015511093
782072,12317478340697
782074,25305974424847
782080,22246520562413
782109,5883907890860
782188,31600116064366
782238,1234226016926
782301,27132645575123
782429,12093569916470
782436,29987284252098
782450,16966214370042
782456,22002356567936
782460,11975884211490
782461,29898412564959
782811,17731123799042
782859,13707623040199
782909,15326921193460
782967,3215832179888
782999,27919851516500
783047,2045590860340
783196,24466081373919
783222,2794092618909
783234,33688441141976
783277,22049626600475
783294,33986595217539
783319,6302078599212
783325,22398706293790
783384,7627002888298
783484,7901429689366
783564,33854188763263
783625,11631993593733
783646,30562525330188
783662,18575471871273
783679,33913291253197
783841,12525024443715
783884,13315512330069
783889,9698895322858
783913,13633166837419
783969,29456172664276
784026,618670950700
784112,4100339058201
784119,788550473021
784186,16774403189398
784245,26921410849564
784328,20668389429761
784428,12171791881384
784455,18339035103614
784496,4981738995516
784549,32562844890476
784556,2884199771403
784565,8886216147918
784614,34273583013250
784629,14374966749603
784650,25254586704854
784666,14426880735574
784778,5493678196068
784814,22849560328262
784816,15149729402541
784869,20608487951857
784914,14420405795921
784927,14706024961106
784957,26302925670543
785027,14944678263094
785031,33644050655571
785042,31721513105347
785154,520258173262
785165,7784911430952
785175,6084816328883
785225,3646646365178
785227,25317328355256
785310,11969440470820
785326,18246949860961
785379,14237550155256
785398,20119163252929
785437,14896154757151
785489,15938006903877
785510,20905132253261
785639,3940939450260
785660,25452128696933
785713,26364253520273
785722,17692254216304
785755,21957271596507
785763,4180629150206
785836,9600256577241
785938,11555823632488
785983,14812791892877
785999,25287387805736
786035,28416853488115
786037,7022642612308
786045,10522293200377
786067,20637660447553
786087,8681420161065
786127,18738344633696
786131,15692161235802
786157,21313624865963
786188,31336894180165
786200,11659853205715
786215,18651645511890
786218,18876951597103
786226,25951472255015
786283,13241050951349
786302,21982945454315
786314,23771961499165
786320,2404027857532
786329,5950143969986
786344,18520889749278
786348,5085374397479
786355,25702495645804
786384,653813857309
786407,30480637321485
786442,34067676197864
786493,16415036405991
786520,10452150722507
786523,9773521034201
786533,11846496612148
786558,15445766177686
786589,32506197001238
786598,26831626044728
786637,1967372545951
786641,28520582923106
786692,4522906371278
786719,27539181744261
786759,10814179537326
786785,29139396533976
786802,15766064343539
786897,253692151592
786904,12753522037230
786919,25095513870702
786930,25047442014740
786939,12767829430556
787010,24579196618877
787042,24501699301325
787141,6070038913446
787144,14606264867190
787184,27811254770813
787212,7345023200488
787224,20487585759592
787236,27151934894646
787267,4221212206872
787271,7503924362953
787273,28857448785868
787324,28139750983600
787340,13833836253293
787377,20991301031984
787408,5714075277641
787419,19974360407136
787462,1495594269185
787472,32702937640532
787483,11304069947391
787498,5904649720002
787518,28098693850429
787524,12594602088511
787571,29535990609157
787572,27721295708138
787586,12416213282927
787610,818599508787
787656,28969385545733
787735,25099007159910
787796,14179026437920
787797,5138496114479
787801,1509470479897
787811,27242017897598
787819,3813929349425
787828,21711290149414
787841,26102450100468
787842,8558649763168
787863,17576875192125
787900,28552455538619
787956,20589770133856
787972,11934759970372
787979,27614106512533
788066,899710482401
788104,32453575026563
788108,21509336948118
788123,3591047149518
788140,14284245977307
788179,30058046306119
788185,20695106318401
788230,27492544646512
788287,33943480494028
788341,14739570766785
788358,5017708597343
788363,15871981710818
788367,14725504867771
788372,33520835919427
788378,32754393201776
788391,10143166849185
788409,26536228484532
788491,26293863307722
788531,1325070765105
788552,5199221376654
788595,29751774738405
788606,647872735660
788627,2236983067527
788664,9461815540499
788701,30629475161343
788705,13397580413429
788709,15952828587471
788710,20908543730256
788718,8558101284771
788726,15292126764562
788733,16589014060096
788748,9015470299209
788761,15767557421136
788818,30440617495527
788871,14917416125649
788904,19968073198794
788915,156770816311
788945,11579811746717
788993,7239420886458
788994,1802208853984
789038,21693210265969
789047,15430326355563
789061,1810486315501
789067,3990986756913
789070,17410439844200
789077,11105044143752
789079,22223031001235
789124,8019674911737
789269,13395300847822
789270,23258598324003
789290,14449729091207
789292,11003307489362
789311,15096181101235
789316,22477424335186
789322,16931748591320
789348,3019638091921
789411,26194033532452
789426,8273398345129
789431,204034014193
789442,24225872083819
789446,11307441187
789460,31556693978408
789471,6373524067545
789495,16115592072882
789510,27180792679860
789604,16040742580606
789622,30385559211452
789624,21893012361883
789635,350395545589
789718,24858416098059
789725,31909627657195
789747,15111158873302
789752,23381469096222
789753,17912384362112
789812,33555074134976
789884,24966550701106
789900,15025556167708
789916,833616548082
789920,11354819479353
789935,18755114167509
790014,24043214436900
790035,12604496986920
790055,17646174755254
790088,28373728821475
790096,25692417519712
790097,12169253899424
790101,11572372845664
790153,32966467621032
790196,21376925708584
790201,11082966669649
790293,33674510091439
790333,31682609183384
790344,26898891520887
790361,616461768482
790378,9419128404821
790384,9057769372367
790406,20936695018981
790422,29115259192497
790429,34299548299613
790520,2431034111625
790540,26058556873283
790549,10720821249781
790599,26363931366567
790618,16539477508418
790622,11820096412576
790636,12431096775398
790751,12486855855846
790778,31256508409995
790810,28736087431120
790845,19204673975691
790899,30804330230647
790912,30591601439607
790919,9689540010991
790935,14836912138999
790980,33911525936968
791001,29029602763362
791011,26814851446296
791052,22406262304670
791056,6953778218802
791121,21491198858454
791234,15473041517599
791260,3096953213437
791270,18077815107901
791316,10553699955554
791379,2578526132575
791453,4818259536959
791514,29018246192156
791633,26721235846998
791714,15633528280847
791760,32096905664314
791772,5186570320837
791789,31116727013588
791837,22054335737301
791860,24332285469301
791910,13473269862603
791944,22929946179034
791964,20486906376767
791985,5670615416748
791992,2223857708308
791994,25853980489798
792026,1189288254880
792077,24475936724575
792084,10304527634383
792086,12271862238911
792113,1091819953064
792162,8986320930754
792219,30372985365634
792277,28641372478839
792286,30727386630441
792410,28826444327796
792412,28128515987022
792474,1618652123058
792490,21076420960696
792522,28055584111054
792553,4834216865119
792574,15062870002054
792586,25011532652444
792654,16851398862870
792723,11280915686307
792787,19525393213586
792792,10799524191754
792816,19288838611457
792838,4449760429108
792841,5832793984915
792913,28954558435265
792953,200668510735
792980,7895455908520
793010,31580037238347
793107,32224331594045
793125,13998715847310
793140,25259371561926
793174,25201371333228
793190,30626696988971
793197,18886502274628
793220,25605928980071
793286,4451189289764
793290,25639380516734
793302,11261670451142
793312,25970048720603
793321,21012206679873
793356,9149745007044
793366,3949173581490
793379,32062600341752
793383,139925415546
793385,3941381441853
793395,11354316635049
793471,14813735487005
793482,17304494934047
793486,19830236143938
793516,5737702123690
793535,21129648258264
793543,32862295226290
793557,7097097120340
793580,4074765204195
793598,31831332480160
793616,19401856662473
793623,20865545920252
793672,22294810178040
793701,4994874071107
793718,27072232698077
793738,6985386692771
793741,7741223495542
793783,14160819469342
793785,12685641583327
793787,24886632786231
793844,14178559315699
793953,7332725163973
793961,3938519703394
794021,29384729065775
794029,21956507012964
794058,4649213057079
794072,723198238776
794092,15271082565912
794136,16989638586278
794159,8067198787570
794231,24798765804312
794248,27366432964490
794255,19387512742881
794358,21784181483564
794363,18904233217496
794366,3441001742650
794368,23511169921594
794407,18479477792233
794439,17214039025423
794464,9685718946621
794481,4924463910430
794518,17280398474889
794552,9216851311034
794653,2450635692103
794691,19197187939568
794697,2047277414190
794828,33066593161519
794836,16020619190209
794901,8353925900002
795013,31623078238540
795034,8612030146379
795190,19147815009517
795236,20993118118059
795238,25780152725174
795335,22211160207449
795352,17147992515397
795365,15870545584669
795370,4885970860200
795382,1310109362585
795384,32405056235294
795389,3676707356916
795457,18926019460830
795478,15924087301162
795537,17240027146494
795726,5692916786846
795731,23347692622699
795736,22962850830669
795776,33435633702943
795831,3090828416953
795870,616707764312
795874,17873746645009
796026,30003410082114
796046,32469533979393
796076,28280767858657
796216,23910975567644
796256,6634198400774
796257,28200434450853
796282,33451442512458
796287,24586809975622
796359,11532162427474
796361,20020980448828
796400,21556206886069
796406,25052351211485
796412,13941231271741
796425,8911001851618
796462,25429882191017
796484,12303701381073
796518,24394786904533
796520,26838847660487
796594,27069259397585
796595,7612731177449
796633,3557964367862
796634,20084064167908
796657,26083732376908
796668,5400966622998
796723,33797921160943
796753,26126225421389
796833,5073188912674
796842,33369564510891
796847,3378364340227
796858,14515666805752
796877,21142842132783
796935,11873793382822
796985,19438634237229
797123,7603362152972
797212,31677240679747
797219,33203607780036
797294,19444701813207
797362,30660848213819
797377,7080086093002
797402,15980297186159
797410,9768599441232
797425,26568801090982
797513,21480023827595
797522,34296246050739
797536,28716070818506
797623,15132981687249
797645,19934633441029
797705,16129081436607
797724,13298794717925
797735,17603816337011
797754,31959826901370
797772,14628588362502
797804,12073250904743
797814,19826876886497
797866,31757823217061
797909,9332319421326
798006,5279247369069
798011,19544701871709
798054,9176497177591
798057,34018493452719
798063,4037337814512
798079,19120316554158
798080,5263125265507
798082,9021508820927
798134,33941874491897
798141,3834469762589
798151,3749417111563
798299,2832373775448
798358,28582899057655
798370,29982577842113
798413,30077194164455
798449,20592994594353
798607,15860928330343
798640,24625858010428
798721,21362503305956
798792,14285455337199
798862,26278205488032
798939,33469635381935
799002,4183542954337
799095,30560348774502
799230,15086047192965
799340,7229488421868
799375,20901859756271
799386,21221234208015
799417,25396629328590
799423,6817183994764
799430,18407196157018
799477,838770271301
799503,19637505613142
799536,30270916814318
799560,11317201687514
799644,21060088037395
799778,30541523992252
799796,16403529018921
799860,3638980677285
799865,17394772211321
799921,8629433967504
800051,4390013199340
800058,10059388239810
800115,17535569795268
800120,331632057064
800122,10930733493077
800154,6755257524106
800156,12645608665305
800284,7329359161230
800318,8134039567446
800408,22718695903456
800445,17745672547902
800562,34138169069351
800662,17689296692195
800704,2312092769342
800809,22533721196241
800825,7612242909052
800829,9901226408046
801007,6592625629394
801016,18856934025776
801040,8625908876683
801053,7502207804881
801091,5557683051645
801149,17119163351481
801154,9369212393518
801163,33358490360016
801232,18945994272605
801414,16425049003979
801526,31613301304701
801546,24540242956635
801558,26806771553312
801561,27698439186848
801568,9373296661975
801574,22220244800798
801592,17161575347287
801601,3907894339280
801695,30024824864972
801718,30565952268514
801753,28815198579755
801767,2037760205364
801773,33636200636969
801834,24392723143037
801917,20625700732909
801963,19840552694164
801991,29722823676199
802006,33936325998703
802055,15353185154314
802074,18584458778024
802105,19289545082267
802128,13546366212868
802150,11475667526223
802162,5536171354468
802307,14483261534327
802323,9661250931776
802360,25435092265504
802384,27957219599614
802390,10117642442515
802459,27189049557461
802645,28168187833033
802665,8697684530257
802674,2979279777628
802787,25680012854942
802803,21561889620213
802865,5469948520353
802891,21575990052161
802912,21429752936319
803025,25738632897569
803035,17351663343696
803167,19467621767911
803332,28999749785525
803404,6936802993072
803446,29928674545263
803520,5301970214296
803537,30570420957451
803600,1122029814609
803649,32803146897963
803756,30174259502639
803766,14012065561636
803813,5743344635802
803847,24609330075480
803885,23320476131827
803975,20247222944435
803980,21753893021191
804051,6194204236416
804170,12300627052294
804254,6600704557877
804392,33313214531829
804414,6548476035205
804439,13201145225980
804527,26322900494605
804631,9965676587141
804642,29526939216233
804643,2784675515661
804660,28276791806722
804684,34010627918565
804718,24586685057324
804730,10228606340017
804809,33236468852383
804969,3521413877064
805121,27523381338375
805171,34305603255839
805247,10266482270645
805265,21671732935409
805289,33158788478146
805290,5352402369402
805322,25198445138418
805337,11916363344612
805360,30781892768192
805382,7357793718714
805384,24612025154564
805411,1181162120893
805487,1513952328318
805570,11618659852459
805675,4004439060797
805736,18848828358120
805762,9067770214260
805799,5195185153346
805809,23168105289683
805885,27831566381942
805907,8959711942683
805941,32716860416905
805952,31269709691027
806031,17044214063964
806052,19993579746967
806158,972831201844
806169,22037792404772
806170,18861948527604
806177,25869835985728
806185,18302532872081
806186,28767266440229
806249,10205002597515
806322,27406262327470
806408,28338181308192
806488,7644389822816
806490,23299637766196
806534,24330059897906
806559,23959755921147
806563,14975305387514
806612,10917302128126
806639,17480878554244
806645,13740167508188
806698,32819993075212
806748,743898542820
806808,18841280698091
806957,1222574365084
807012,12223054658438
807040,17325038961710
807057,34266511305509
807095,30339992075842
807199,27193647795492
807332,3647396583185
807545,19994132639323
807564,11767630845985
807658,28908318556372
807678,13869219002161
807708,26873926205967
807732,4641144463413
807749,6009890124915
807902,18366971680559
807917,13009492354173
807928,22257343821241
808158,9010440860365
808204,13981328489586
808269,33618757728681
808387,12618666776702
808451,9261392250416
808486,31884261136155
808488,450305210696
808576,26964467577392
808658,27034466540140
808727,13879366438270
808809,6617636088544
808814,33707305804273
808915,30350181937649
809118,15318474513594
809167,17168971794750
809256,20645114849501
809281,6791360212613
809284,21659680316667
809356,25400752649791
809381,12642991728331
809387,15963802448923
809409,15372886859278
809461,33184597623670
809684,24254244860974
809747,32414868830910
809836,17840783492413
809837,34057279737502
809868,24009638595961
809897,27295082883396
810057,29022477740922
810076,21117011456732
810088,19217566021067
810120,19953998858956
810137,33675387562362
810315,25268780355488
810373,475773439802
810482,21480070450250
810490,1665394131122
810555,5028975248266
810720,3105290086651
810771,20714904138531
810985,16483300501514
811005,32993449138504
811025,1739954514806
811156,33400457379020
811219,32532735035484
811455,14171570341315
811474,4317113038522
811553,4081962366370
811584,691667530761
812007,8010318686372
812030,32263158163615
812054,6851744775107
812141,8847563260482
812261,249024265419
812262,886582080740
812304,16026578194132
812400,4401939262170
812455,15786772284131
812479,15625828254602
812498,24010649266267
812554,24354536568672
812621,5974011556038
812638,9237762901754
812679,22900045208418
812702,5592131032437
812737,28231119183215
812753,22385514557281
812781,4576115435067
812830,11909633780738
812858,24352170919814
812899,20990391854241
812981,21763818546196
813023,31166592027441
813088,26280492505945
813184,9237566243676
813244,26340807053046
813369,6165539137491
813392,5995468946740
813423,345853136461
813504,8256176063694
813509,30893155332294
813520,16680584295069
813574,27943129739749
813653,1975056981072
813659,33710370057550
813675,24174598135011
813681,31994700055570
813696,12033843377261
813699,13823706031897
813736,13378012553827
813785,19170482026410
813789,30409739232745
813897,23035016340600
813901,30069850680077
813903,26585528744001
813919,10207803804387
813920,255067599006
813962,31868456776571
814021,19519645039156
814045,29120409986326
814087,11719338539194
814160,9552169894926
814248,13304162898383
814285,13446045373223
814286,13365931787612
814348,23906334139636
814615,798473412340
814617,7205608755746
814727,14367816485047
814861,22663658296392
814911,11037142074109
815109,29848755955639
815115,20594110003000
815257,15503189864161
815327,4319027510384
815412,16748803658311
815419,13508841644759
815480,31317567597121
815522,14331659846614
815686,34322998741760
815688,34143787927224
815784,23614913774550
815798,1231132484541
815805,19459581469320
815954,25683028240958
816132,31203062368450
816138,33556592449471
816239,27900175701895
816314,29399091542459
816335,6899426043271
816372,9983019837511
816482,19623833964562
816573,11591795709904
816587,15137597857978
816622,20740127328965
816634,24216880795644
816729,20264000716383
816974,12340799033485
817323,1782410584252
817724,32983491579413
817849,21889310433874
818027,2240616303760
818094,5147442799602
818218,4329675709753
818566,9608332505794
818865,25461716684393
819090,11712531646493
819180,23174539140069
819225,17963641107855
819486,28963491081190
819519,11532599080862
819721,25452977685762
819786,4157361091844
819900,5737872345548
820158,23298023168527
820237,13715105161732
820292,7002247093897
820330,9351810276658
820622,12837237966143
821181,12049334357006
821423,24582312936902
821520,6922063287344
821536,21125274348557
821567,6087513015862
821866,4093969368764
821928,28616585308575
822185,17928819714459
822483,2506739857719
822978,24747692026554
823023,33785335403723
823249,4504648812686
823398,25642043709600
823811,18238131471461
823813,30583034647453
823965,28261504515992
824144,17042381519141
824281,17079569245780
824343,2617779835327
824372,5626058549196
824540,14218819272145
824595,11164754210475
824809,5046707954558
824826,31273612556699
824856,18989730491657
824930,22849991844126
825029,2563657931943
825124,178359683853
825134,3340089044890
825277,31795164700273
825294,27380037035751
825389,3651744882167
825462,3721282009322
825464,16781443016486
825478,2258614168156
825492,27829667555314
825646,13652650837609
825648,22467768763192
825689,12621006260298
825712,27406802456298
825770,1951737947372
825856,18494686841856
825969,31611433974352
826009,14425568181902
826020,20861346069163
826113,27817571442866
826164,831099217676
826203,18780584369255
826224,1780506346161
826280,7432308308745
826314,17847268203630
826337,9043237883897
826356,6240953442533
826384,24121704316848
826391,21295187066587
826416,4880275056368
826444,13238283903588
826458,7464707906175
826573,30089988181071
826833,20940466152855
826904,4588423456318
826916,24975419530317
826934,8674667463931
827025,1358893358028
827031,8869106135772
827087,33740497866242
827136,21122032731410
827162,13922065422906
827182,7827495856370
827233,2956446771608
827254,27599601170836
827267,12058861048053
827273,3788875141412
827277,9181081496156
827321,33901670460049
827332,20286970825142
827548,6139249104506
827553,19385212586133
827640,26782800552702
827660,9141066720186
827724,28294167092375
827755,11379342027399
827796,21929546711251
827847,14399532517411
827851,8277171591344
827916,26098191243625
827979,12602530223545
828069,5711030672468
828141,25068260599502
828159,12033421263306
828181,29773340141785
828227,10800712184841
828321,4652171497105
828364,15781610786384
828429,1574063080012
828582,5821308173651
828584,28223225406022
828642,23726577208798
828695,26024704913809
828726,27115138800208
828735,10555325709663
828749,23594407973473
828791,11750528192852
828975,22935221159969
829006,24393150977528
829047,9896978481926
829050,15042311894094
829104,20906850308787
829166,15259814192555
829195,8680293721467
829198,11734470506757
829242,2892325327297
829265,23123294151972
829323,15033790487508
829377,21072065525044
829422,28559340510303
829469,10319144754126
829479,28083257739175
829495,3252334168119
829503,7182355185563
829567,15151939549972
829570,12703071926974
829751,19639134820403
829771,25067711276685
829789,28624063403024
829813,7688114978254
829816,7163950413592
829821,31704330292721
829887,16158697752190
829910,12223357021649
829976,27890872847718
829998,18583868818576
830012,31616935245233
830079,19323430555870
830096,33671324578291
830106,24538312217692
830183,28152935972130
830190,1384713872045
830215,24327469423963
830326,33441135259743
830394,3394400992749
830397,25698323541798
830403,20333607298726
830420,21440911752676
830423,17277214029925
830440,18083481838386
830526,4508593785334
830643,21075242055521
830651,5240760562667
830685,23491732303394
830745,6904581190056
830777,27230802921161
830848,17056314181211
830869,25219124385533
830893,6745125682224
830906,1475362804049
830915,23601031687966
830935,17673807423355
830949,32572943420318
830986,29702027798127
830999,10704675400812
831033,5892474561158
831101,6999346106861
831124,20548422714048
831138,12149584067780
831145,34172289295896
831158,9218843454715
831161,957426944844
831180,2982717184251
831205,25243320087073
831246,11074070995613
831266,34279911841673
831321,21916905459307
831324,7551140997569
831336,27674340693773
831488,33236550152358
831489,7926894259743
831530,270815390157
831598,24428068382911
831602,4200059473094
831621,12454254699178
831688,21135523770473
831715,18703055920226
831748,17337193137218
831759,18060667415726
831827,31759513999352
831841,11299925754288
831873,23211094320417
831927,23675384402418
831938,12455879837570
832003,21939641131497
832049,10224146421406
832054,7875750380039
832249,15628460335290
832251,14867837323134
832281,2519908742172
832293,683584266560
832313,9642733701686
832335,27698203765168
832366,8336753068225
832387,28580733080359
832391,17816922901174
832432,2384378441790
832450,28522467471274
832482,11260512383661
832483,4551602252656
832497,30406407673155
832524,25576389415967
832574,24458251296893
832608,24811839161493
832666,24605503125371
832706,2087872015539
832743,28943112202655
832769,29812472620753
832776,10284260797767
832777,30307375864526
832814,21052704837608
832826,9936373018821
832834,18282100317009
832858,29075953643847
832898,19960572503767
832928,20619269038421
832934,23148128414024
832939,5824972525541
832997,22253295007835
833028,9167718784475
833059,612563505776
833115,3388378835808
833116,13733718767048
833151,31141486281170
833152,24575786551992
833199,25327143812225
833237,3512839220778
833262,30449165747032
833290,25346287070454
833305,1933981312552
833328,6509181551194
833336,31556328713847
833346,23850568310466
833356,1067170773099
833376,13631726750426
833399,27849610816532
833400,14125648725540
833403,8804107203970
833422,8631371490385
833428,25186319224612
833451,8906916667681
833501,24354692043290
833530,30151689397961
833599,31874173622032
833635,27109226508671
833673,17767183689782
833686,31371103038573
833689,16265151110964
833701,6027045899966
833736,27987784159336
833763,15670504335307
833807,8048995690712
833830,22139903192943
833851,22714377406860
833855,13261237588572
833884,32297086180136
833992,4646860226684
834002,539040685890
834010,13812380785780
834024,14311134178057
834093,31677933986138
834098,6630436242413
834140,7602327895103
834174,7451017349710
834179,24736126475453
834197,18897382908300
834220,15677602561108
834251,22139761096118
834263,9315992484440
834273,17215204629686
834311,24280839984821
834419,22854388304443
834445,2762570645858
834457,19678307113315
834467,21805965299237
834480,192016938710
834534,6219962422586
834607,17487505930998
834628,11659881859684
834734,2494144831838
834741,24166200290261
834753,33191925038848
834762,11277008036975
834771,6828448293004
834790,33322136180102
834825,22814225759129
834835,13231432889316
834845,12595412277099
834850,25441281255277
834857,25301091340064
834885,5801836657493
834903,20274625393284
834920,22369220738533
834949,24237380250394
834955,22056847525627
835032,11441349017484
835038,19505201359267
835041,21682090216876
835055,15346540808019
835067,5679005677937
835147,19646998754442
835158,6070541251646
835169,23946778515589
835188,21279001229237
835250,15733359232220
835252,13372873391181
835306,3220365469514
835359,32344202059660
835426,3408717721023
835439,32982747854802
835458,19413144311908
835475,23770876365949
835599,16050480559963
835617,7061727331446
835679,33073103895513
835695,16052733320888
835717,1434067537108
835776,29444253054407
835780,34095465885669
835786,5092907826221
835838,15099408444208
835985,31218252848850
835988,6085910571161
835996,14128330998682
836003,23195415530168
836014,10336339963979
836162,10114742212796
836270,13769235304950
836275,3241635358693
836295,5998076334192
836315,34137315349690
836380,26831948540291
836400,12280271894844
836417,14534727200787
836459,471243914402
836511,22083487084940
836587,18798049903432
836648,21724212554744
836662,31211879447908
836675,14138097880415
836679,32442387126259
836707,12044488438629
836808,10847367547501
836842,31358749863648
836858,31848218761103
836923,11154141837999
836928,24861337424042
836956,20062039737425
837108,22371554458044
837203,23521149767694
837397,31206131985376
837538,29767974214725
837614,31803572499136
837622,32350420296581
837723,27273710467845
837772,28878745867646
837867,12427374057556
837900,22716362996226
837939,15281754646136
838116,28079359121094
838127,27128936322631
838202,44960837125
838243,8713728318599
838261,29201449274950
838287,26675268046987
838303,29604713951047
838490,17386022789788
838533,13958699606016
838545,24821878034797
838675,33094135009346
838812,9403961245520
838862,27337047302655
838886,16546474847962
838927,24752471085698
838940,10690601606091
838947,15429828076293
839040,21202044809018
839115,26996908498166
839138,137624617364
839213,12225374996149
839214,16253589929468
839215,13659922564959
839217,18420220561659
839262,14771319809888
839263,15380098574455
839264,17804762393819
839265,7908255059468
839266,31529236475672
839267,28431977875608
839270,28428160481446
839570,29621804671728
839666,9368857953153
839709,15842887556616
839836,10333695260875
839880,26448198609442
839989,826096807655
840034,31872856000781
840203,32911306483130
840205,7485417532941
840370,4011919946814
840844,3718337658465
840864,5108881818485
841521,32163088612458
841573,16305875572602
841711,17808845717546
842025,12613174369486
842049,30229880581837
842246,20811774237215
842993,31239527355723
843077,18095332279914
843128,12619322280036
843212,25215995076809
843569,15805496663282
843648,33032213867619
843716,12254548565352
843916,9434675635895
844103,11251924703407
844106,25550889689667
844162,28950343590718
844357,985605493360
844632,30337438347436
844822,19053648010004
844901,2035094647770
845048,3213280090251
845132,16179969441731
845234,4524963872453
845604,15639970885414
845643,16543081130219
845783,11278843134207
846002,22804186916455
846191,7488864247338
846275,1134511625390
846327,29017422974766
846336,16889393200250
846640,8146972613185
846697,26709558687050
846953,11182200351376
846975,13807821159515
847215,18813322646909
847320,20560073878400
847358,20825889912805
847397,20982348858803
847553,33909477312913
847939,2298467672456
848660,19911541183649
848687,7643208719915
848969,820137453299
849098,29220003943009
849935,28486925068955
851436,33807705976439
851629,10231791692104
851733,16924332781919
851743,5350768194013
851802,9554910125981
851985,11994485539591
851996,17648469070592
852176,7083935174426
852345,18242248892379
852412,16753879955210
852586,11422053819117
852938,32563150558761
853143,27233808130214
853160,23050404766244
853193,6898490587395
853401,11659845308442
853571,19953309048117
853601,22777074698183
853627,16312263630004
853699,10203724390972
853706,7464468251404
853988,22413995791805
854124,8733434266096
854391,32497465160720
854678,22250809111009
854843,11297936401589
855400,2646030339320
855744,6095245011623
855825,22335285824650
856042,1567115450562
856387,4160138297085
856853,25944822171308
857064,4093293352337
857643,5778364906523
857672,16616175390190
857768,15649580139001
857818,6769693189876
857869,21551693394686
857870,18410935691378
857890,14720073798099
857911,25670793886788
857935,30012883423820
857966,25486614380748
858018,26939134235015
858058,11859859401712
858106,28577890982124
858107,21792309840231
858119,8108188855770
858170,30744321598764
858224,2100387613741
858295,12330643068526
858305,2272954536846
858314,2227589925920
858426,13616794773683
858542,24303806289385
858543,32505585527736
858554,29023470180981
858598,6781434867513
858690,12539962789646
858707,9376156652231
858714,3607575826942
858740,7317949617036
858793,5636859225091
858839,31786657767197
858859,1769289008905
858865,11738145193846
858921,11475342262170
858972,21845180793976
858990,9093746908015
859010,32659525220968
859050,8080427385232
859137,25472281745954
859175,23098956773225
859200,14885123097890
859230,7705008602749
859242,29727865731459
859433,6050459961181
859484,27521200920800
859491,14569443237598
859521,1008097254407
859532,23530720925225
859575,12278926265637
859688,27962766041912
859697,11691319846929
859776,31253869548570
859841,31434216962772
859937,22564628865037
859993,16805761094587
860003,25219241576247
860107,25733730780800
860159,19545082798669
860192,24240097543881
860198,10162164912233
860214,2863095405772
860227,22616108359514
860244,1608023278136
860308,2117981576913
860320,21737074500520
860378,5039164716811
860394,26004378088526
860405,13913082766874
860418,5881631946824
860424,29102552970247
860465,6226173517704
860467,1641235427737
860485,6501070631721
860555,25415454282326
860612,33068233472462
860644,26906228845395
860651,33718954784558
860666,19424421557314
860762,24429899866663
860785,18515736958798
860831,24395462797921
860838,27297140724086
860858,19743356094037
860875,290294086752
860885,20831956396139
860930,33084439026508
860947,22154332352109
860949,26508224906616
860972,32483094100357
861001,22471893955297
861021,16482175258425
861032,6438649874983
861046,21069343535328
861116,7130865665266
861121,6713545777947
861140,21825090284746
861150,12315575980574
861171,20835157566549
861177,25531775663219
861208,2962461966088
861273,4804901155879
861286,20756180426348
861294,5809938993035
861359,18124392779921
861433,29402907563276
861507,13973514642697
861597,23834956810837
861609,13926602574884
861630,25278585135695
861633,29396932946260
861701,16738758184782
861731,18367113914972
861771,24828753322475
861815,4573398767964
861869,11658315340247
861900,33636905341771
861916,28472127746828
861917,12586646904387
861992,22995470898827
862018,22221507378447
862070,23661174318840
862088,767938479925
862108,18987877953034
862159,33056974888474
862185,425398523560
862301,29067472373401
862324,27637005786048
862340,26820375268843
862424,15282211534758
862432,24926268520555
862435,31455394092007
862440,6886937232413
862480,5410803606329
862484,26895431412982
862493,32791820994056
862502,13400773755204
862540,23523540573690
862545,4694239861128
862699,9572895235231
862714,17084410579719
862728,25503924487183
862736,4722321980296
862758,5915191244376
862810,12590824600699
862890,30576897981530
862922,34123419823338
862967,25729513014853
863006,26997940048573
863016,13386581448071
863040,5829012367288
863138,13520965128637
863192,13853429109879
863215,2723157095675
863222,21922913617489
863257,8248266303805
863283,984601312977
863344,5191143309859
863396,11476635398671
863399,2660946702808
863431,5667614220813
863470,18768769831671
863546,408130901468
863647,22836534974274
863735,1180528041449
863743,19621081113694
863774,30550748660631
863776,18803423917880
863792,8838310451278
863804,11749211033242
863824,1664763327403
863904,26031318292260
863957,26038183531637
864135,33204502118967
864220,11179700297632
864237,20223709527046
864256,8844213228774
864272,24903837095390
864296,15284990078400
864361,32795112215778
864392,25153369762969
864395,33453847553255
864434,9820858033097
864453,14827639127119
864471,6439013215215
864655,34247442868007
864673,23017467728844
864675,3768297421302
864686,23051093593054
864687,10766573407309
864690,14276072664113
864828,16736513249826
865010,31558908407787
865136,9007975430934
865177,17716845929180
865202,20971522592741
865226,5125041464790
865300,6638990117671
865301,20742928922125
865461,4053874314853
865469,11321843125325
865525,26669683099795
865551,16840786253240
865557,32560590280595
865576,34323688424311
865669,8363691777189
865670,12615363042623
865737,27600946944511
865780,28981287352273
865819,21761310375344
865855,10090447634188
865856,12388474013866
865888,22248973555259
865904,26940736886309
865905,26867357302227
865930,31689825551414
866002,4997435471813
866020,2517193329413
866025,2772669246033
866081,1394369356223
866104,184069067306
866180,13105804265967
866215,14949333932616
866270,9384968081760
866297,18395477989831
866359,889077878932
866452,17902537221566
866492,1728017641912
866564,11455622577019
866569,13059928308081
866581,9854937677040
866615,18215090129539
866620,11419936124337
866624,4359566177728
866675,28246510128414
866717,16135279692491
866800,28102886918523
866883,10096348392880
867394,13986765175955
867406,26670976662743
867615,14132710824563
867645,11019612650338
867660,3049688162722
867730,1575160084205
867781,26799260994497
867821,421398422871
867879,6281773109057
867957,11957596427667
867987,18963940046338
868027,32394305607057
868151,11718227125064
868184,20815334318732
868224,17827718839170
868272,6066788337689
868336,13584786240863
868389,9250201993129
868502,17330388965318
868514,18123390558173
868654,14496934560555
868669,1280112716015
868675,14554389548256
868765,19204137111132
868773,31255635952944
868787,4607076649875
868793,30279376651112
868830,15922638133806
868941,27576812392592
869035,21330365426134
869137,5124918896415
869178,26077683749125
869295,25005840890352
869390,17318706534187
869393,23577348666742
869394,1916123804868
869523,2040254919947
869876,33983356164871
869880,18877131445924
869882,5582653510231
869926,6740361457559
869958,25864769040832
870046,21561000862956
870049,27463026237238
870121,24560793402069
870156,13820819451650
870219,24453254248038
870248,11429442484062
870306,20710203216114
870386,16403148883820
870418,15687483510820
870450,10308906633436
870459,19140038443458
870546,21900170738499
870556,31128806457148
870607,12182727964614
870693,4278373171844
870752,13395184224003
870817,13924796085636
870892,5144495026042
870935,6050837194828
871058,5627127456554
871299,381396239951
871383,20096612771172
871408,8763784025185
871702,31883932181549
872043,12902955709129
872048,24508900199485
872537,34072880444593
872550,33355160831319
872830,21752462150694
872888,17552730439485
873029,28462707593963
873051,18208636911153
873134,27380837892082
873335,5041868848176
873550,21200507771420
873655,12922641271299
873819,11141841304945
873850,4260810654077
873852,1960647797907
873956,27546306067181
874371,6502784454531
874406,2798956203626
874433,3449305602483
874479,13235664501106
874493,26697034628756
874571,34190326820935
874579,1764904466746
874635,20749097514175
874644,1493278179359
874652,7059863822026
874666,22988204394921
874692,18817571435443
874702,34123640626523
874713,6045846443820
874718,10847804980896
874742,33589444213222
874760,8918118251980
874764,19748518740205
874780,22267249974202
874824,4467715303755
874831,24776303455312
874858,16052383692151
874865,11031267128939
874891,30576727235940
874910,5970862740278
874925,9347217310952
874980,29056455129069
874996,31228244185279
875060,2408331447638
875117,13725063692174
875119,7602787570786
875121,5046704734899
875147,6669946195823
875155,27981637786118
875161,15411801761507
875162,6481986234279
875204,29286026140687
875212,28798787679277
875241,22572900155047
875275,15730384078861
875281,2041288499420
875299,5217940683203
875308,3906058583825
875314,28237650690150
875315,12800341161068
875322,15315422305838
875331,1821477660265
875357,27772940125707
875402,8942590568710
875506,24582505476230
875558,6604176288195
875600,29675213459846
875620,19252799835881
875666,29537830549588
875692,15904570689955
875738,17248472050955
875771,3298802212409
875773,28930723920134
875780,29217560777998
875787,29284253369351
875838,14132522984935
875848,2960236083481
875897,9113679992693
875951,6273906087365
875958,15658004626005
875964,28599400872097
875974,22145751723286
875975,6120913562095
875989,27740530826017
876054,23986844124348
876059,850013325150
876084,18263264404556
876132,33768261179643
876139,17313916075020
876168,19018075511725
876212,17677124670107
876280,6675363468661
876315,27322012110425
876354,29360484892275
876427,20875948879583
876443,7377923396064
876452,14052587296359
876511,8880507768576
876583,11764898976168
876613,26340426075325
876637,11023578025274
876653,11272634038816
876674,6632014579659
876684,19197803351499
876686,31569675320192
876687,25109556841886
876722,33186656206913
876727,19190094119029
876748,26684206592038
876777,14170616037099
876825,30120129368496
876847,278649739338
876850,23604622776113
876909,20464022908642
876962,19500694651454
876988,833272140954
876989,29132122097540
877068,17546803781612
877089,1227075293084
877203,33901047106712
877220,29878547469531
877238,23300796447023
877254,7310631416267
877258,10082963821360
877302,28520834647664
877307,16011096585162
877330,31254418278356
877352,30883592045465
877377,9755078041375
877379,21389227794907
877401,10162415011395
877418,19531740287992
877468,20387066383765
877478,20928551875184
877495,22200066617607
877506,10740189005594
877525,10172001733022
877541,27398134027578
877554,31811849340115
877629,17521652357720
877644,10867983911225
877649,12054543100676
877662,18068750818903
877731,7678878880001
877733,9100345152070
877736,32916652242603
877744,18677122422509
877824,20567676069835
877828,12570173634253
877841,10770241715142
877854,24257492180378
877866,28759956412349
877939,33836323692637
877981,21644206008632
877998,27345903019849
878008,33900774631909
878033,10045926398765
878045,7213973208859
878061,28417836352425
878111,26127777616043
878118,25090317171305
878138,18072151215650
878202,33082175087345
878203,11333834678303
878206,16339119257081
878225,31519889361816
878245,30145980530494
878310,21639783312847
878347,25418817132853
878402,19870009720104
878408,3651237850316
878431,12273986686448
878522,32473861819525
878561,25255115626801
878575,13605336850658
878610,19126931135331
878673,1527605997960
878702,14777853769026
878707,9328358661927
878718,11037381549504
878767,17132451076605
878774,28078751059133
878789,33253334271101
878829,23179784416602
878831,6397455182226
878898,6079668906828
878910,10073612581519
879041,18380123972416
879069,32123125576853
879071,27338959262173
879148,1567771427275
879165,29926942729131
879206,11236149654080
879207,31932356594169
879232,4123327476920
879248,29312949762450
879285,9800173404522
879289,4521921308974
879299,20875027979586
879462,32544224071807
879500,1226186347902
879542,32271303612654
879609,20675494741950
879639,25833201693388
879655,11640493227726
879664,8291507421128
879676,33563459331464
879701,33259332842409
879780,26924589861515
879834,23864965157544
879838,5910162223634
879881,29782284718035
879886,23361520144920
879923,9333629635803
879933,32064638705531
879960,29347328734334
880021,11001985136099
880045,29652525431532
880051,21642545337617
881033,33902528202374
881444,29874188838840
881535,23963993524274
882159,29833477413252
882400,30023410783933
882438,26759300567240
882478,29283150448388
882546,18938595256174
882651,6964928770838
882831,19063382824155
882851,19916905371508
882914,5657283517042
882961,26531343011868
883086,2939092038279
883207,8046721693124
883215,9780701722360
883233,15717639449849
883236,7037198005968
883301,21970995815665
883323,16494182538469
883486,32587380409021
883493,913312562271
883591,17371704338814
883723,12993099483267
883781,9398954058741
883889,15604989359949
883893,13884924626275
884244,25451765431237
884264,27758713567513
884287,31534740396212
884439,15347449443394
884557,29870736291075
884694,23226598451507
884696,14784263426809
884785,10869157028808
884863,20455495746553
885142,587584393759
885168,29742384494996
885415,18942076376186
885419,19751471839871
885481,28730071154509
885487,28042686678294
885775,31325527327995
885776,4324581274672
885805,31785828914641
885813,17361316350168
885814,20266869703650
885850,28315348705786
885934,5368243683918
886021,28378346397711
886065,25100785706818
886078,25918688913384
886154,3320571620298
886166,8617152871534
886201,2432046115329
886270,1114220215953
886323,8642715837952
886336,8995927614730
886478,25118060635784
886479,32712382844367
886636,4181477315148
886791,26008791036151
886835,16800719212622
886854,3848982915062
886967,9825644848291
886982,13319786264770
887017,33093847841663
887352,19208091769588
887409,29799766547795
887434,20420008105508
887521,24430493067934
887581,4392546210148
887591,31962418184034
887656,18118474788171
887688,10860864354408
887800,17978263839303
887850,25398521718480
887885,4456698042455
887903,2754365777905
887992,936729242402
887999,19508906769903
888002,1587678617991
888073,16472944881333
888101,20013558523900
888148,34360786309231
888153,28073173497838
888187,2569082572963
888190,15930266302925
888218,4743239958740
888243,14105029636862
888251,1263563518246
888274,31750111849543
888305,28972389188221
888333,17132927646951
888338,9730814800074
888381,24248927354263
888412,22122077477273
888480,1224553276159
888587,21795515125596
888598,15653729185280
888630,24200308355769
888646,13575000739117
888706,30943724315001
888740,27006757893732
888767,9884503848110
888802,9485719353613
888806,24139899529121
888819,33267785427366
888838,1282798040557
888871,8194734278111
888945,25800091395335
888993,15968257362529
889119,4498848879828
889128,25309473925986
889151,32241762350682
889177,20084314606960
889195,24676323331012
889377,19573018275557
890144,6405260061282
890236,21156755558278
890358,29149260905506
890431,13591613075907
890457,9041391303818
890845,9200679303139
890917,18563899466168
891186,10724401602690
891354,1022148606130
891372,9083805903430
891397,12803013265235
891675,29212478136518
891729,33062695934561
892100,1923596895380
892259,2587612348029
892300,1290898995583
892334,25570430405331
892425,20650199945155
892429,33205174918906
892459,32508881080406
892558,5411106168032
892562,12666400135041
892581,4988874684795
892592,26522204711313
892628,13586976890790
892683,9995675499074
892748,13921717520755
892804,26075775443752
892819,9561240455284
892861,11228509044339
892954,18148854391503
892987,28715685242754
893009,29649821541636
893024,26423647449304
893029,17856886010829
893044,21141052723762
893107,21003777800993
893132,6128117120680
893176,3441954466174
893210,9294565313442
893221,9349515614172
893224,24257629809994
893245,13210241116816
893290,32831666587415
893398,17252234164493
893402,30456867916195
893404,6839490067696
893430,6224526227284
893439,9233280438281
893449,11825808218724
893458,7504374997989
893476,8738859548264
893496,23519020401687
893512,29206358100486
893529,28296030250387
893562,10639606376193
893656,22377957359488
893691,4248374599818
893704,6762891962088
893725,24837376502591
893727,31965694492284
893732,14805597406006
893816,23344168727177
893833,32218663833419
893840,11792350862486
893844,27247801322610
893845,4005868656431
893942,10332479310194
894014,8345099081242
894052,5484517566250
894066,27838053293528
894142,26951858347161
894171,8121388829524
894173,33223937952249
894175,9129496848954
894184,26821451803288
894203,26828134435623
894220,18928021813011
894226,6582089373037
894232,32075096413982
894242,2347116421440
894271,21159611376905
894352,10962546685144
894377,15672701119317
894386,24885695034014
894407,33746971443950
894422,7304494498386
894439,30803028133037
894474,20692984387666
894481,1155992787871
894483,18241157090133
894488,31420877281894
894492,16102579170510
894532,11116833743984
894544,13629165710987
894593,28219257147353
894595,31966183998920
894611,13810714738307
894613,6366458017447
894615,12439668706054
894631,29486676007048
894634,30262158497199
894649,24763343939871
894682,22483074963653
894722,4825847232642
894745,12016687165819
894754,2756302530049
894762,28062733951440
894815,15509606451920
894826,8156374904958
894840,14979278884843
894855,16441833031461
894911,30741757583525
894914,9529058065404
894960,33077053924117
894965,33890641002418
894971,28036479967999
894994,11570340519964
894995,28553098875953
895000,22392221794895
895009,19269795785551
895014,31947314205823
895037,32326773914532
895048,32816834141456
895057,630212033160
895070,2558284389984
895096,7226001479738
895099,17888321707516
895123,28720206022933
895150,1300245236504
895192,22828491167100
895223,23230544898995
895260,18498881599137
895269,28420395307125
895280,22999637869726
895319,11025215701822
895342,30616804647714
895361,19430302369053
895367,21445460666561
895395,28320325992793
895398,19570326387951
895407,23632786758796
895448,10372227979757
895458,20574821455516
895482,7675838323372
895498,1623922495929
895519,23100524996542
895526,16886087034197
895543,14526880850552
895547,14466324445611
895554,11371392151628
895577,18164145958459
895586,6606768591305
895617,24783015873326
895684,27088949808989
895698,11802441418361
895700,595385268999
895732,2782458152461
895761,4523450301480
895778,23732157102401
895802,29926446243480
895825,26108606376670
895828,1224128572701
895841,7392226092131
895864,2473174039365
895903,6913473661510
895971,33412646450861
895973,1573019299242
896000,9811791418007
896030,21878628310859
896059,27251188739921
896080,7280787385351
896081,16520799674999
896088,27950852808244
896128,27877592912805
896129,14148605772649
896145,14864880026772
896225,23463017541429
896228,9811630135944
896248,24762069820399
896272,5413936652020
896280,4818618162201
896307,7303185567628
896317,15785500582937
896322,32057322795696
896331,13916259120845
896343,26166862666351
896354,29675933756345
896356,812303122345
896366,2692226814043
896375,16656998260264
896427,598500799008
896433,21590718096239
896463,17626600768209
896469,1381922185143
896481,20894977657137
896485,26676461033444
896495,17247518142734
896533,28426186153464
896566,6333042298152
896584,28688658117876
896587,32490488551956
896588,26392597547351
896622,24061823141279
896634,5310074483136
896637,22618951969147
896641,10490185038074
896667,607387503743
896681,20716927364402
896697,17793157621366
896733,14486843337942
896765,14362653263679
896801,980229132619
896824,5148230747150
896873,22650540634507
896877,27172825719597
896966,1180471830696
897004,7528706189344
897036,25644184882594
897039,24467404843761
897153,6150453906192
897181,6744260115984
897254,25124999906034
897328,11517046902724
897369,30194667873101
897390,26818612868216
897404,11198335507618
897425,31582360512836
897429,10360793283437
897492,583036776401
897505,28256302856127
897527,20850010767416
897529,31075752840938
897568,2520042991170
897612,21237552851604
897650,30280477432044
897720,23270026666388
897722,20749454811720
897757,25860846244210
897803,3627829395426
897852,17278490489313
897903,8130578990551
897933,16001950342552
897959,26247221152891
897983,26497339803458
897988,8127526202392
898043,14205414078222
898049,20452831434397
898138,32834336505062
898164,6835401800847
898194,9176188552000
898219,4244843312510
898294,5547647242980
898362,19865481930000
898396,16413506211401
898426,21067473283896
898450,10836308264261
898476,30534142262703
898499,16782997202227
898507,15819958581471
898523,6811322766004
898534,3132246621006
898565,22546741907979
898566,26076262761524
898570,9318121175802
898573,7736049645125
898579,3812928592721
898603,13915652985673
898692,25750380796026
898711,12071366406213
898790,30801575678679
898812,23740607878986
898931,11975808498893
898961,21023228546680
899030,25929317786826
899035,30207634805888
899048,18530898543305
899291,13795789398854
899319,24129675178620
899408,22798223905061
899421,13287615994522
899432,18251074192587
899470,6043609828140
899569,22484207075041
899639,27244805715733
899727,31933718351834
899829,9735765843854
899851,743321164007
899956,16721055571748
900011,7740329771875
900043,2016824064029
900046,12506564186150
900080,13648710590422
900094,22330555832307
900126,22954689174851
900178,22908322158979
900180,16661939999306
900187,19690023102396
900233,29219437288271
900239,30153446700901
900278,31854784299640
900337,14908605996037
900369,2262076674823
900442,1092102034458
900464,23653478663761
900591,28277103972535
900600,6799433898120
900612,19417147749454
900614,24705672145459
900777,13802369627482
900799,34203092267091
900903,19409485502458
900943,15106074703824
901071,24933100212585
901089,8926300484867
901145,1227247381587
901212,3266114150986
901387,14129596454935
901402,33344415552738
901421,25000315799692
901440,1635376963547
901456,2560446363016
901470,25203402918397
901509,7347200302698
901545,442958785606
901579,27958292171348
901595,7016073187315
901636,12127809621856
901637,22652178803743
901701,20146006422750
901754,24646676779966
901789,28878769442471
901805,15542381783349
901816,30939804193444
901848,25033519092265
901850,4509557246142
901858,8907888587603
901925,25758490272609
901934,5443920851850
902020,33761544908047
902054,32342971832797
902087,18806338956968
902159,2387952221068
902182,29697073378364
902186,4730207190474
902189,31608948650422
902253,12588429574098
902409,24770646501548
902458,25301501938617
902474,313556190154
902504,28652804371019
902549,33887215239265
902555,15240088586250
902583,22024668951855
902591,17920154471668
902606,723778706511
902619,16967101221465
902683,19349161206761
902712,32217413234208
902742,20433520825293
902899,19751578127885
902921,14047214410910
902955,3161633457613
903040,24371816037645
903079,25036543591718
903100,17464273685467
903104,12647575054187
903120,317284039165
903166,20705491858604
903175,27712691985526
903185,939225867283
903197,8074289453939
903213,995497444464
903224,11233684793164
903267,21943580285408
903274,8177064191209
903369,21984285057906
903378,75848189400
903396,29018973736371
903405,6296992174648
903459,21651089662955
903479,21737797614767
903494,31383067637224
903595,10056373189806
903611,27012894663922
903681,8854005968964
903701,10152508531182
903812,3389983900404
903831,24946867601721
903850,14977185610693
903904,10928508821467
903973,17331309477730
904036,31342459420564
904039,22354190705144
904067,29200870926573
904107,19912054889087
904120,24538840495358
904147,21988955309580
904162,2495261610797
904165,18259473524140
904196,2681493177307
904209,3862068564322
904227,1363078265906
904282,2529270957394
904322,32195889409777
904354,10691913505305
904372,21320643476404
904394,9229050879935
904449,20029358191351
904466,34077070334002
904502,19542966528263
904552,24068872838907
904576,32255584007236
904625,16341304002702
904627,11245678597169
904630,11094701867049
904637,6877659920719
904676,17935162399751
904715,22986610348942
904881,24083302186206
904892,13158206409447
904925,22147734201463
905053,22309280175450
905114,13321687931417
905136,32789018458338
905154,19834024140780
905173,8216479005787
905203,23631366042111
905234,9166171207116
905239,4757807460788
905277,454705966657
905304,23085087009526
905315,29546309421500
905354,10190213897935
905355,17826340400895
905360,33328698528144
905410,29330136206828
905412,2573080608280
905475,7591411835930
905481,8905198441824
905488,33336813757202
905545,32382591275807
905578,33623488091845
905585,20140244202189
905625,7443557548324
905652,17375853006094
905677,15555325189810
905688,11115450029270
905695,31291815838174
905701,30210429049755
905702,5297538683200
905745,18687762006842
905754,6346959211264
905796,27353343940836
905800,29506409126894
905875,11276140841554
905890,17953393014612
905906,2391365612245
905950,3434881304981
905960,552870431497
905987,20122017854034
905988,20966087290052
905997,24228624872573
906017,22458967087294
906038,794696206032
906041,32594406730914
906096,10570933299263
906097,26784179976325
906131,4047485541821
906173,24855833192990
906187,27466248217677
906211,27696352272180
906236,31567870246833
906265,5624680438857
906350,32163067080636
906360,29086562901159
906386,16053571936950
906476,21915300610711
906500,13099097974204
906538,31276324234917
906540,8569642392890
906544,16618675194548
906566,28624763993916
906572,30613946471985
906576,20264030352101
906586,15481936229691
906596,2646108369276
906597,21338391340831
906629,14757192154022
906669,21886805744339
906731,76732711295
906770,30746736144661
906773,16514926731792
906784,8826588762093
906793,9339605653879
906808,3384294365198
906815,18864094235167
906837,10412631435521
906848,1868777911491
906856,26836103318362
906863,10108591074284
906883,17766683765097
906913,31624232766229
906973,24420601992491
906977,28117765550567
906984,2325600393914
907009,19033634629678
907031,9357082378643
907052,14568010760434
907120,10878405895002
907160,2375719530541
907197,25296321174107
907212,25664947067818
907214,33564966904746
907273,25922841908900
907327,29163376987874
907330,32020613464718
907404,13705443048980
907492,7074856656205
907521,22544019562196
907537,798672353103
907570,32305423025067
907603,31829386946345
907611,33726086510093
907633,23232890297969
907691,19733136600291
907714,10764364186450
907741,10535075471813
907788,30184826769963
907818,14660760017415
907861,17956317131916
907881,31880825822639
907992,17064071700560
908033,25526452712768
908053,206420578155
908063,99454181663
908088,11885985110173
908140,9297581229856
908179,1415786113136
908201,25941768590737
908276,25903744238495
908302,32029979413396
908465,29803218205969
908474,25419554558555
908535,27282107799822
908578,31157777574937
908601,18462942356728
908622,27785305243886
908675,3736779892286
908677,22183273544398
908738,522154378770
908775,20316136089102
908795,19892637906085
908836,4433776331270
908837,6033145460059
908900,805275114228
908957,1007230503453
909111,22734191549628
909129,23540774301852
909160,7044129869486
909201,6391488523927
909303,12778998834110
909378,28189217436690
909400,33657534667924
909405,30339986229893
909461,3096256248293
909554,11648505127162
909616,11049774357650
909782,30375206687118
909788,24708348705657
909802,22905129740211
909817,26943424640191
910007,10813662093013
910130,33940172179269
910197,20395609247559
910215,14323216250071
910256,1448410630358
910324,21804504681041
910343,34266617960917
910497,11751473112099
910526,2714694482226
910639,25866246066905
910652,2428927246751
910703,10094775063047
910708,5543324224223
910757,32413107853010
910805,1553023368852
910856,20394736317620
910921,3403551533852
910933,9544089061219
911043,34262319982072
911101,26823037362863
911151,4324862983548
911231,6910984828683
911289,17874670642091
911296,5441334123835
911482,4027145085712
911543,13388446464923
911597,17568911354613
911688,33572662992529
911738,1740117470668
911756,10973498563877
911762,13529697979398
911780,23198962039009
911797,21547736163639
911831,20339555963440
911857,26334800768188
911951,18192459996569
912037,29661541810163
912041,26161751937643
912157,12232813860366
912222,16075741377654
912325,428037094401
912326,31471581332927
912540,12690518965975
912565,11647603727674
912584,16703194542901
912650,17693087929737
912761,25183548899395
912779,28310560450711
912802,14335796496948
912829,12705377264689
912864,22108121188421
912891,5514009385481
912923,18877663804309
912945,17502975291235
912977,12943531830109
913103,29877972395864
913116,30642618572377
913291,3297391822356
913293,27923639515704
913296,3111776617115
913436,253561381131
913536,21164166602322
913558,31913149043537
913561,29404020862280
913612,4601365932093
913617,13705471944019
913635,33899283910225
913654,21296346653734
913671,19714823678315
913758,9118752426452
913892,18839338677932
913922,13637803248164
913963,19405014370049
913982,15805083391232
914034,24648924324984
914086,20250047654309
914111,1924437832082
914121,16359501147891
914131,13984579295043
914148,27329876292504
914156,26884597984632
914207,33227217215834
914263,26215057781671
914333,27502611494960
914355,2214428302474
914412,33036867502669
914424,23330898201450
914505,14969064000534
914619,30126996263394
914633,2341269517556
914682,7984141980051
914708,28747421193268
914717,1326931066263
914720,27782894141693
914893,22048358670750
915017,19219133352730
915055,26894408594436
915143,26557632299676
915152,33390127073902
915163,13501653689363
915170,19468723400492
915270,1593656196856
915336,720366537919
915366,8385563394842
915480,4112674482410
915485,30908200541904
915524,9389663859457
915543,3254905488047
915747,6682514696318
915802,14047037561415
915804,24429634045819
916023,29774644575897
916085,12295810612217
916154,15186367982196
916163,9118821819310
916165,31497252289744
916175,18161395728052
916227,7706115432000
916298,19528529766214
916303,34060179990717
916353,23164634027395
916668,20293888211133
916674,33304350405626
916740,8496993603757
916742,10806856100595
916784,5763867749426
916822,17130990902224
916834,31738763531391
916886,7027844836503
916959,24523148292546
917105,20512586812494
917213,30964549084095
917232,26847053080036
917257,32448412745882
917289,1910214542684
917371,2355764305260
917404,29531628191697
917554,33024414099217
917609,23988311120166
917732,20926533304716
917745,22866766998395
917748,19185104193148
917759,30742839218037
917773,2009450241407
917845,11544924367265
917864,19173094705817
917872,30087127560227
917959,29811721189900
918045,3900217631027
918054,26595023525365
918144,8422336863334
918185,3706594281291
918232,15798401953399
918255,21546592575087
918335,30076176783482
918354,7446297943313
918358,19218268847184
918360,24319248023185
918383,11491655549075
918447,14628924352009
918478,1364333321608
918492,21386566222562
918520,17794759394566
918570,3220495274001
918594,13117729440895
918668,9447198213675
918774,16298395569119
918839,23124371578398
918846,11356620231430
918869,27731050390950
918970,33664335181055
919049,25549643151538
919100,32607885728158
919128,1587506949053
919202,24686065473264
919209,25151278474145
919221,8861139944031
919282,24472007886451
919294,26089426712859
919319,12107538741928
919325,1880012849700
919352,17233791860546
919358,11598187005226
919382,1196874988048
919463,15869163961895
919499,24322908885755
919543,33746152738738
919549,34116989572171
919620,7195112047489
919649,17816287972880
919687,20365253435600
919715,4404627970386
919727,33833342866514
919729,9360582308531
919734,8086763876248
919776,25347304405068
919905,16980078633520
919942,21204408978258
919997,15671730147727
920100,7313526499792
920126,17452110971922
920135,31933177805407
920158,16743644236599
920266,10344936883249
920332,33174443308938
920355,4128053374722
920389,30192513574750
920480,27012334818936
920647,172851255034
920727,6457224569788
920740,17504436420242
920860,17547511883072
920965,935620759542
921041,23392445537972
921133,3245462145271
921180,13600036947843
921182,23508731615650
921495,30338394796245
922381,18140811329844
922388,6163689310837
922402,25890523092820
922437,24035758033886
922443,10492570422618
922450,18668018397328
922516,14836493808596
922539,15633427462560
922570,26693263043983
922589,18929381500451
922590,27174814142237
922597,34232714518679
922664,30280136670104
922665,11782066091188
922680,32620329188357
922696,25297379674049
922719,8407643132383
922769,14867272228413
922796,26041510694481
922924,6222443629275
922959,14891994520944
922983,25067335954359
923036,8016563365766
923075,12548383855903
923120,19504080444204
923144,4255396868190
923147,33021668429432
923157,14608224472922
923160,16487697768829
923206,4560850933202
923211,17534309163473
923235,25061576229272
923247,482028617817
923264,13576038473765
923267,3964424679686
923283,8547351190624
923295,20290449298824
923311,15479097322829
923347,1308579987908
923354,11249229147859
923423,29248936398723
923556,18047792887544
923608,4309615070164
923615,15777658204427
923626,19979599653420
923643,28798048536576
923741,19199662666689
923775,5134286836228
923830,30388451596255
923869,12210905260561
923921,24009828098693
923996,960530471550
924030,29732848687091
924055,23694365078629
924065,7555783950372
924082,6999645508707
924083,32072024611379
924098,9840699477360
924167,13068608425099
924263,2031371552443
924305,29941078690488
924373,20065001840922
924450,13470002360932
924600,31061564712335
924615,15815641421613
924642,7291450132187
924677,33631100199076
924757,8389071815693
924796,33539010405577
924836,9291332286095
924884,14374516700959
924955,25563372952604
924991,19146548797944
925001,4222032804925
925124,11032234410894
925173,27377379460180
925184,25418002409863
925192,14294357729769
925222,7612409630696
925296,4053353935961
925310,24482130888152
925319,23363460006417
925321,15286671950349
925333,24195953578808
925354,3578705205797
925370,18056062011982
925372,1946076865803
925392,25367917483741
925469,23650161661234
925471,19394296086450
925475,12221167115538
925476,24919945532348
925608,24631420990387
925684,15935583432975
925701,10683566442090
925728,33143877334905
925735,30522022147821
925751,27803297125053
925788,24084259155869
925825,20050428124979
925826,31735495460353
925860,27384031627710
925876,24245651911862
925879,9796209165766
925902,29269788780688
926028,2472085043608
926077,12812308961593
926112,7010767835716
926130,33328501039958
926185,2961854525879
926238,3326216083887
926239,7243452195194
926269,5965711170158
926282,17420927110839
926283,11332177869585
926315,8983890195934
926443,25362571197560
926464,12294634568480
926499,3494952419954
926532,17560014776904
926690,25942201190611
926716,1972885886166
926722,18336155661612
926853,31390501571331
926958,32449137493594
926966,28105593784053
926974,26137231266291
926982,26255822781397
927011,281568050158
927028,4739753394710
927094,28248027633325
927111,15620267879439
927119,8757470168376
927126,3545049137166
927139,16715785463443
927230,21924289538999
927237,8734397675240
927242,18319376640882
927266,19411533267537
927350,29745169222181
927464,19725426254379
927465,31939939125124
927500,7347462122039
927538,19720731440478
927561,5634017050276
927584,27940542023476
927598,11297420701674
927601,10447756915723
927679,16522773020730
927740,24861383879485
927747,16012529756355
927758,13500380686514
927834,11944197320941
927841,34016740470033
927851,23050112813209
927882,3027586899229
927893,6963153561589
927911,4542423534076
927956,23297740903924
928030,931684656526
928086,5689527095373
928089,18812051256746
928114,16561165033966
928160,9222827975390
928209,31611999355248
928224,9090505359722
928292,14328535546303
928361,24229581322688
928413,27320776230300
928454,25777710492249
928474,24179329215536
928530,14950723584765
928610,13204126641982
928652,29258117377306
928659,1276550301279
928671,30908051010075
928702,16877114703233
928749,16929410420336
928776,9533909985715
928795,24031097479046
928808,2800784860722
928814,23789179129087
928815,9119147750455
928817,16432361771690
928951,30171872791838
928968,24255741621056
929018,313285146497
929034,5901009254071
929050,4658838060823
929057,21230755221601
929134,18305613621655
929184,25230386229253
929188,705391729695
929191,30024791894296
929233,26886686307878
929257,31781640754685
929275,19074455360523
929335,27410661487074
929349,29599389560810
929362,31361867473959
929391,31409875169371
929394,10510179289633
929398,22399989777906
929419,17934391378189
929437,9556374252790
929438,13340431328638
929478,1415093854045
929499,16452497104286
929572,20443085748908
929619,32906887288066
929623,25413088523158
929626,11936844896386
929650,14192118536008
929675,22591137248097
929820,13832577764514
929837,23744219811754
929843,10311178310833
929844,28588584356192
929874,27096509600321
929895,27277407995843
929927,13801356798600
930016,21031596376338
930053,210974020028
930060,7972128627329
930107,9157994847989
930147,17797153178739
930197,31368045985371
930258,22084920468371
930274,20046398222433
930319,31751285503035
930411,31527407734993
930421,11331506773279
930430,22928102785839
930446,11062024557444
930447,32726967849763
930466,23449662032182
930481,6890068798506
930532,20021330822940
930547,19302636516980
930561,15256305426897
930573,25673556813180
930577,13085440789717
930580,2529066040085
930583,25243405303544
930589,16449983499051
930656,10501249405420
930687,24822201097797
930708,10272965893657
930736,22806972275530
930796,13360029020919
930854,9891883679272
930894,21062337392707
930895,8811272911668
930962,22726669306580
930985,12853929148770
931001,33043541348714
931044,28807897312011
931053,29874830791049
931114,21250930859414
931116,10577979245031
931170,27164290306744
931198,1276202808528
931209,30588403267424
931223,10355932091343
931246,22811367150735
931249,11720399110093
931313,16717733067773
931318,21767693375749
931321,20997803703260
931426,6945299288263
931455,5511737176976
931502,25372266404492
931512,22066356809082
931525,6378233408188
931549,12326390366088
931554,24817000912238
931575,13753357856479
931620,34251327766033
931664,20976230847247
931681,10486159024831
931745,13558781630384
931763,4447582015520
931785,32826255397420
931786,7680772078530
931815,2626347672469
931833,113795983144
931902,32384365162765
931947,4207668908613
931984,8407274846555
932026,6678161685155
932136,18815509800348
932149,30762689059311
932163,31785839189469
932205,15956144184245
932273,20152614581499
932289,8058970590311
932293,14784606351977
932300,1223399245499
932325,20643003569712
932326,22435388940373
932330,9858821573896
932364,14433345224051
932407,32285383685508
932424,25007969095307
932450,2418187194650
932453,20698042749517
932485,27405834071877
932565,2249552364846
932566,26076643623058
932570,9501745960783
932597,17309125691411
932636,8994754533950
932654,5217799528054
932669,25066205897390
932768,14880212505094
932793,5992585457610
932811,33971851182543
932845,31429939013787
932848,18709981366256
932863,15704074285762
932895,26526864806334
932913,19654364973785
932915,9301809203177
932922,3147330639404
932943,10089872297068
932957,25473483637374
933036,12081722141711
933066,10147881594702
933080,11687269559336
933137,16833182192653
933138,5492552797827
933140,4206659924098
933155,6924639663048
933243,23756849680381
933291,17787849876562
933330,25430476300699
933388,23955857367416
933394,32792363865910
933465,22687647926352
933630,26521240721267
933641,3144442222855
933746,5059277102075
933874,2140601961961
933915,16490770883786
934012,22792374160807
934062,1427596285705
934096,32035372375049
934097,19094869953707
934143,30518048243705
934154,13933109399189
934167,18081865085604
934198,4219394974129
934234,20675293170285
934265,9109432701192
934306,12273800301764
934318,26106485714406
934555,8623258552134
934590,25013185690609
934988,3403761166864
935117,5317772438913
935852,19499662471486
935885,1350476299375
935890,18240753180080
935908,21946178298646
935963,29577224923211
936230,540812015125
936285,29404226880122
936291,1683512282605
936418,6389679612861
936458,5469545723669
936504,24759627591662
936632,32728885589492
936931,7755383094555
936938,4552437572438
937121,2665185178859
937143,21529931185925
937206,31247939288507
937257,696198501782
937265,29101213537649
937382,29478805073211
937483,5142586846281
937516,1422222374430
937543,10357527458403
937636,20684951811272
937641,29734330014375
937688,80040912991
937740,1902307129511
937755,24170770162857
937850,1299766359017
938002,16209358027793
938042,26000181275794
938266,14677828691243
938311,33117771132186
938333,19648560271453
938605,17708384084311
938677,18455033317519
939052,20740009423496
939317,9960883471346
939352,17390692745879
939355,32231614834252
939575,28123646348625
939993,29672635175731
940297,3881157357069
940590,17449891363987
940620,28621330257429
940695,88342558659
940754,29336972662793
940772,29254936776713
940773,786045983665
940793,8706594825712
940810,14229344449763
940817,9745799396995
940826,34183379126634
940838,32560159990702
940839,33410013342550
940855,1229155866576
940859,10166765697978
940861,16352235288173
940863,19358323065669
940874,8470615199674
940882,11772003252439
940884,29344642139252
940904,29885093049600
940915,10591179675402
940938,17021773587184
940950,26268392216681
940956,11894047112004
940965,26596628261163
940975,5704698249299
940984,20128635235984
940994,16354321274339
941002,9660147193788
941003,16231503372763
941008,24229994993723
941019,30732253072368
941038,736818013530
941043,21554771428755
941047,15976353210126
941097,16129721547228
941098,2571750094037
941108,4580069787405
941114,1157032941960
941126,4224195465232
941132,25917076035478
941134,256491074540
941145,9537810657862
941148,25824785992006
941159,11224290850493
941164,23806562374107
941175,5892107010469
941178,30097986874423
941189,15734018455874
941191,14837789528270
941215,30146994906027
941221,24130893315117
941248,10595657549861
941254,252740289434
941257,18150780766609
941259,2058422073641
941264,20114116465551
941278,31112585735835
941280,33302420889502
941281,26975045916790
941311,3991769419673
941321,8110331331844
941326,21129517854160
941338,9983892064574
941340,19205611689130
941348,29507583937076
941352,15681062735670
941366,23857375079964
941375,25560977052433
941379,5135534186614
941384,7430206545182
941387,10076931599150
941418,5142034595199
941421,6794804807993
941434,29522673913144
941461,25498261528495
941468,29202119986422
941488,29853815625898
941497,13479969656424
941499,2545512251666
941518,12305482271756
941524,30579249019393
941525,10164786334607
941542,5405989682629
941557,17624555834408
941558,22926400495304
941564,31016985651703
941569,32079220922400
941574,17138059097239
941578,7624000486422
941583,29494910222569
941585,14167914745379
941588,1949285793598
941594,15533676050704
941595,29542768624046
941598,7317385649727
941600,10414167493280
941607,15417768919375
941609,18867072807798
941611,21722520667486
941612,21357679228983
941613,2187610568668
941622,14888071277376
941623,8871254937338
941648,270761475269
941650,29466355390487
941656,17941190332805
941660,9516103172830
941668,14018035479916
941678,2168273558794
941682,17905356065148
941685,5604849436869
941687,13456140260554
941688,33863466747299
941689,5125191421324
941690,20670472173217
941735,33359877841508
941747,2408930142491
941759,22632463705896
941764,2598715051870
941767,15475300834980
941782,32533701144656
941796,18521072203408
941801,10578563730742
941807,16981987830816
941809,3735933236369
941812,16843319925768
941826,21332062813824
941834,3391003958904
941844,8025521318634
941853,4221267720059
941857,22218377820118
941865,30985185087739
941878,7194212800116
941906,12023617311563
941912,12687336896101
941943,7386964575073
941950,21219679213089
941962,33912354188262
941965,30826122676899
941970,19954648044882
941975,12394964300172
941982,26531934186881
941989,31300278565305
942019,21752537911165
942025,9689497027864
942031,20436234979061
942041,5151627204277
942042,32997974878807
942050,29030889785938
942053,20325480410901
942074,28865387023638
942108,15020796442199
942121,1911002571623
942129,24711147964372
942147,23412589925104
942159,7120635925600
942160,4619163478714
942162,27467511546384
942163,13345881403037
942165,13671153155349
942171,16425764060143
942175,22271666301343
942178,29542789059391
942182,19425505158100
942186,17626642630037
942193,13930597318625
942201,8109949827772
942204,34335542978819
942209,12393832431969
942216,32636127492424
942219,13882071064347
942264,13693094533908
942269,33121423284858
942300,21332391338735
942303,9928549211662
942308,34162990549734
942318,14668415818823
942319,25277992881393
942338,10567461970597
942356,13664870066125
942359,3067032988566
942360,26357879808502
942391,19563811622251
942397,23132298651474
942401,8699437350987
942403,6261456199660
942404,17855592600764
942407,13469503870961
942420,31603966816698
942425,29721629175220
942428,20433632669054
942431,26099117058792
942434,24170421488932
942440,9107099424450
942448,28567574090653
942454,8576692127884
942464,13415453200453
942478,9101819806489
942480,5524166436388
942486,22492092279952
942514,29556756287670
942522,27027373046762
942524,32928098207491
942528,1667593257443
942535,3080027977774
942542,14415830387462
942557,31186188907698
942559,1127205150579
942570,19934406888933
942573,396877564048
942575,4131463442320
942586,4604032527166
942589,2260932523039
942594,3329845969563
942598,29819748349975
942609,509997357533
942617,11514619692000
942620,29328648899160
942630,22813398376969
942631,31836493261697
942665,30420582113911
942666,4770667410060
942670,26760508033291
942674,30054777119580
942676,15797365803990
942678,33537410131539
942688,23151435734236
942701,19783119121520
942705,22164546571995
942714,12045443144599
942715,734236079975
942716,16662764735096
942717,21636916730687
942729,20859658135950
942736,17787473618419
942746,15188813861629
942747,22773741944059
942751,7849912719315
942758,27010572076120
942768,17288276633813
942772,30222332274119
942776,25613405585451
942789,33372881349910
942790,19065976931983
942792,28144489161283
942806,25887945551143
942811,31693505784150
942830,30316404387541
942834,2198422892310
942840,26193425475405
942846,9704926459091
942852,14434207756268
942860,13310328067833
942868,584071298247
942887,4739771084184
942896,33979503608515
942902,33139656329882
942907,23652702966810
942909,18380746246440
942922,5498432031887
942924,9499892541544
942946,23335844283923
942947,20916105308445
942963,13314371437437
942970,32152262601138
942971,16334175573028
942984,19217458214900
942996,9815458419989
943002,5195877638502
943009,11448111716560
943012,15593493334999
943014,31267247763376
943018,32868548442564
943037,20771847338403
943052,31516850764828
943078,31637786003398
943132,30402459682428
943133,2550667971348
943137,17749683677408
943139,1926673367965
943141,25168902392521
943149,2344324516993
943161,27101959366645
943176,20380000250711
943182,31777102454874
943187,6820788955831
943193,11668171479248
943211,26749468392678
943221,18159065476884
943224,24338376606603
943231,20329922559716
943238,12779684110512
943253,14119902276832
943264,31130076889798
943271,32943698094949
943272,13837000544750
943275,121178252474
943296,2404575244847
943319,18237089837244
943324,30522374879892
943331,10298940896358
943333,23516415604434
943343,20123248605882
943353,15146821310528
943360,28069787738080
943374,23344177796328
943381,33914166908097
943393,14943280473645
943395,29896511311360
943406,8157235050307
943415,19446035862008
943419,10164262615032
943425,17450317595215
943429,30828371116699
943432,24699061076785
943446,29310365853517
943465,29385115005889
943483,3651135942065
943485,16741575648155
943487,4006927751133
943501,26589109215486
943502,32725120419328
943510,11214819930389
943522,27779480523137
943528,25563565407808
943539,27926542722706
943543,27698802900120
943556,26107105377085
943557,13035346039704
943564,30099697326520
943576,26529585680740
943579,21063015747949
943585,12548894975302
943588,14147357550608
943592,12995509041066
943593,32634451515202
943599,31832011584948
943603,20114157234079
943611,31495290368576
943612,5429590229910
943646,11160860309652
943658,27444003734241
943671,29174534009433
943694,25118922670919
943700,11381370153219
943721,32943647260181
943733,7816980347678
943738,26702294202130
943749,16500896713159
943760,11021603180021
943765,3664102231958
943774,21447085883609
943778,18051691504834
943782,15701399142143
943803,22565086637628
943807,31828233679137
943811,612838212555
943815,20578203837339
943818,10863916776600
943825,7617408113429
943832,8822796389836
943833,12717151255962
943835,6689318226838
943862,30835985896229
943863,19875450085733
943876,159942383080
943877,18867615629443
943884,18734890898293
943885,9951091108253
943894,7602329588913
943898,7820112102257
943903,15796381388638
943904,9861331179155
943905,10576389382078
943911,28331359967620
943916,30703712090454
943949,16324461206644
943956,10565763473044
943971,13673495813416
943981,30195296026527
943982,15098282821737
943985,10980377515105
943987,19008442545706
943991,18672180344063
943992,2543064257170
943994,11000664351265
943996,14568033249119
943997,14597429507955
943998,212497269635
944000,12667056920164
944012,7266720317429
944067,24623441634838
944076,32990025270272
944077,24494655990631
944078,21599131536081
944081,4107609388412
944085,21154100385165
944098,362486949755
944132,3810443916808
944219,12238751827910
944231,32366222186546
944242,32521477962259
944247,12338252242728
944260,5972880859151
944277,11930881204441
944283,29759930600638
944286,7617455105073
944287,4518708828832
944297,532642397402
944306,31030808428968
944308,5294196202508
944319,15933672754843
944324,14826040262659
944326,608298088044
944335,10105851887949
944342,5732846780681
944343,24030379167100
944354,33533244128331
944367,18849747718639
944372,27900952061940
944374,16615435567207
944387,9767544487563
944393,11607774424911
944396,16454100582662
944410,8101875848848
944441,27201920730411
944474,11401717489241
944506,27434310950607
944523,14984163813769
944546,23456125678705
944564,1526993987757
944566,21817594665222
944577,18119917273393
944579,24748680699612
944584,15320868195882
944585,1443713173737
944591,17864974278875
944596,30636483117963
944610,13071177304939
944611,32368260039794
944615,4436949410394
944618,12186129704140
944627,29764183695684
944634,25057861794296
944653,26590181891094
944654,34012129615118
944665,31241329792767
944669,14097686542169
944673,20027452251388
944682,10135158397919
944686,16495910520549
944706,14477235904210
944713,13519218406450
944720,16164990250406
944724,815581532767
944736,15669872830698
944738,23887455950784
944742,31366794439414
944744,20076748058710
944772,5580743699323
944773,5553385933454
944780,14467587015062
944789,29524795773079
944812,19686454811504
944818,18628168048025
944821,4101301459307
944853,17999372465259
944865,31442426597009
944870,16977846558364
944893,27985496106143
944897,3872778500735
944905,4481790379423
944907,26470235158765
944910,24184700843996
944914,17355343301322
944915,30739102807282
944921,6504450357998
944954,10086926262194
944963,12949969848516
944995,31545571383053
944997,6017040628261
945002,22096130005421
945011,24245908997225
945017,12512207993415
945024,25363943347968
945026,14320700099582
945035,30270445864613
945054,22580550612192
945074,33628795059102
945081,28027091221122
945090,8688511314618
945097,17897730804849
945100,24009193088545
945101,27950948491709
945108,1802908476023
945118,24267603788651
945122,497412167514
945147,28383828752228
945171,11165546727492
945176,19807895338165
945192,3349410425542
945199,8632514882280
945205,2366115424831
945212,13941681538675
945214,26515574485805
945219,1293623112342
945234,5537504670235
945251,16157266143420
945262,20787625539253
945284,12256203414854
945439,30225427275863
945610,4172133614280
945671,3718766583004
945794,17605945336492
945891,13413752258746
945957,17227322555188
946069,33104345149032
946122,20993443854557
946180,22642007967835
946222,1925899400580
946253,20039197935331
946257,1783305925143
946409,4014118707846
946457,8221661187444
946504,25061890634332
946562,21026283278456
946637,25408746650924
946662,16274653073813
946678,23777475242295
946679,16259896780188
946683,6115673577203
946707,27146649468961
946811,21177779234651
947004,13516362123109
947135,29267128468905
947193,24343043907513
947194,10768965286546
947263,11235515807505
947350,1066279199131
947376,21734629271023
947443,29142335543340
947582,30300549876655
947599,710961222310
947640,18269362744906
947669,20627022211270
947790,33493886028004
947815,18390222464589
947835,16825742309781
947942,33797956158376
947964,17339850088663
947984,22938535300058
948023,5511551738032
948087,20265587464542
948632,28993111026540
948650,16496491465545
948741,16129250519501
948783,28736768836322
948873,247349636797
948878,9446531638572
948883,5785965614140
949080,12794220547112
949081,10085608642949
949085,10223754129024
949206,996669240360
949226,2745953836326
949263,20753195912631
949279,30053265273469
949288,3695508421554
949301,26702401391782
949306,12556921496382
949315,6258812062181
949316,9025938059871
949352,4051334531133
949399,5172127257270
949440,19643027933308
949459,15019643420139
949469,14442523320833
949629,33903661137504
949630,16368329208865
949642,34105143453180
949658,3509708161094
949660,14663302503421
949663,27544074975952
949709,34016806795976
949721,19861057172176
949750,15453308172340
949757,30628707981501
949778,16642905342636
949780,1615044135467
949798,27162688440687
949802,8708192023662
949811,4875736253904
949825,24816589832861
949829,18067569103076
949836,10756802487298
949850,19364858847569
949876,15652239273529
949887,20146204921919
949899,27538866907665
949902,29317914360935
949907,25731353947079
949935,12990485436755
949941,3685156216673
949961,21975775070131
950047,19186682445242
950120,4362952442993
950167,25166852236718
950170,30600264641448
950181,27727481816270
950201,15071466477972
950240,9796437279572
950257,23714273528545
950281,24388288046920
950296,29759090142693
950314,31092504232989
950332,9790594246507
950334,24458055009715
950368,11053332683086
950385,7634787218626
950387,33417878364718
950422,9831181876970
950460,24444397914966
950463,24758651867488
950475,15985520447092
950503,8378931493077
950520,17065848846031
950523,3356753320441
950537,25207180462553
950605,16050226150189
950608,13366514864606
950676,26927152708755
950732,25883106110973
950751,23969884996809
950771,32742390700758
950817,25343230676134
951031,25454644752388
951165,11369159964542
951334,10532350110515
951344,23843461206046
951575,24235367117963
951681,18076557343656
952211,29167624041966
952537,25111126646507
952542,15108973358464
952665,15548506451905
952714,4261741958454
952780,1962800626139
952840,2008970766075
952842,24459606205324
952857,31999359634140
952910,27212401081617
953137,11874811219110
953169,8647915116094
953205,31299995136912
953222,22781126530461
953271,751561757410
953302,31744178879052
953305,24293679123631
953402,9711215707453
953404,9419223901631
953602,4164088870540
953619,17242562174338
953673,30243526142311
953761,29074903425432
953810,34073372752877
953811,15490230830416
953833,33742240156587
954004,11296597696921
954112,21527820151455
954142,26322879926460
954187,8689811593913
954217,613136927032
954263,322824069859
954268,12996923218995
954439,10769132013789
954504,18640281116731
954543,3948854799044
954547,22347470520098
954579,32898597479798
954625,2535534063459
954632,2695418396218
954657,27840692698490
954818,8950670518054
954829,3504603480928
954930,25137188874615
954937,24905567081700
954950,7096129083135
955004,6512379310445
955063,28555608881802
955089,5024362901670
955112,30419100128095
955125,30865635410804
955130,2512889204420
955132,10291483972224
955140,29093951678253
955159,12627876420586
955170,4345366166408
955217,11407252055524
955219,14086582594309
955225,3844983218910
955257,8726487726757
955278,11157417453014
955280,11954365089394
955286,4322164743656
955287,32861483411963
955292,5505555533360
955297,2157063478396
955312,8622947514312
955323,4677342215662
955343,26033454693389
955353,3755235966587
955372,5774230989906
955378,501527198088
955380,8531005962232
955382,9482445331926
955403,30510589116090
955412,32096717874170
955418,14453331598990
955420,23467303854199
955422,9451272099657
955425,18615506602370
955426,24658188162086
955431,23105819941496
955441,29663073006987
955452,18348456727644
955455,19904662723324
955465,33682786870690
955469,9983335942682
955474,10510260022150
955482,9013696242150
955517,24490525190009
955525,10499935406263
955534,34285933989169
955537,17121932376555
955539,25696682412691
955553,10388173451617
955557,27841897389361
955571,4674215937563
955574,7396346074685
955576,941184387306
955584,5452938397214
955587,15605918096670
955590,6076049387898
955592,30980511440667
955594,30837183589396
955600,2177952672122
955602,22711129078264
955605,16995493516333
955608,22804248958812
955614,12737461971484
955621,647273151557
955642,27816760217804
955651,26994516687733
955657,25753708602117
955669,21187001900697
955670,22378327949717
955679,3485439554746
955705,17354205899282
955707,7102771527785
955734,10695447085702
955746,28623557784105
955763,6503943177190
955765,33936252572682
955781,21727268263966
955783,3329163569976
955793,33666387730256
955805,5496886470296
955806,22354717417463
955824,916346296407
955845,26611330316173
955847,8492722747027
955848,32096027229022
955853,25229803879516
955865,22515343318516
955874,32414896919236
955883,895732875098
955884,8675877863603
955888,16496099831572
955890,32006234482275
955901,17085230230508
955907,16685823755791
955930,19440042838201
955932,32567936592903
955933,31790286310167
955937,16039228391030
955948,2282998263413
955949,10623510472221
955952,25485036328931
955960,19915526627763
955984,11842349061588
955987,23824678099132
955988,25661675025062
955993,27296571433627
955995,14328488869133
956013,31053481887958
956038,19795762278681
956055,6758984485103
956074,19427173774722
956088,3339734807264
956096,32598710528303
956104,8235145493656
956110,22609896556302
956114,17812533936089
956120,12037613177241
956121,15260937502040
956140,17182285454501
956142,19285794170533
956165,6085345337481
956177,10944459012303
956185,818648917733
956189,11837463299263
956190,15600652648660
956216,7968825673948
956230,1447356163804
956264,23970811133058
956271,14260872262293
956275,5022270238173
956279,13885628603256
956280,16222759911878
956288,27406113378664
956303,15824612010312
956317,30866694251952
956323,3666101893984
956327,21202883502589
956331,18730765814895
956338,11950992199039
956345,9137972911663
956350,28797477574183
956368,29375924354122
956373,21190747754841
956374,19860114990104
956375,6780997242154
956382,14066712596116
956391,1906211374429
956393,8515633405823
956411,2235643571642
956451,31935289937285
956484,8442978077246
956486,8007095295672
956523,10166044266693
956530,2497292820241
956540,21525468462908
956563,264470214121
956593,16951232503020
956603,6509202618185
956674,18169214017287
956778,27471029027211
956848,29333502400813
956888,31775966745385
956905,11677099596226
956921,1754771246372
956960,34342806610465
956974,26952684754239
957017,19862147758216
957063,21976587997078
957074,21190231690861
957081,19665759825317
957154,2380134199688
957155,29808321120078
957167,13780004114811
957171,27551401554296
957275,1711839166943
957521,15725949678894
957542,33225459731650
957892,18135987100543
957901,27770925468356
957905,12585654903273
957987,30233775849820
958171,18736718427967
958194,9860822812551
958376,4067730765050
958415,1279251280231
958435,12310009054465
958473,9221335408140
958536,5504727305288
958630,2514590677207
958676,25222739664485
958710,28877036839236
958726,22375206421192
958788,7544735980345
958847,29268695253001
959075,16572745658613
959337,13238625789066
959532,13218984353104
959608,10595253326396
959693,31661968772495
959803,30298903913747
959861,34209443745108
959869,26905886827924
959896,23182165055640
959957,26184018317112
960070,18475072280047
960078,6785782849725
960111,23162932508019
960119,33209680197010
960142,27507720359414
960170,26230130348546
960180,31058252832516
960217,21557494281967
960222,17155717507615
960228,4006136589195
960288,11387379692945
960291,33808063872353
960344,8976945049227
960362,16668782348997
960363,12283567016819
960376,21379494520352
960385,9851464412726
960451,29724801437998
960458,33245008395558
960486,9012639289432
960493,30757325959507
960509,18715573069127
960532,12852188838748
960554,11817047826262
960566,34192903765067
960577,893602630812
960622,30570067815566
960642,2219390400040
960711,20984964836037
960744,25081773042261
960850,32106952675296
960854,997575047194
960882,29421108669503
960904,25114173762030
960939,196609281188
960961,24436160874839
960999,1754847069749
961001,11440025593907
961036,1960129634594
961120,15149369927339
961148,8355839934643
961153,3828245093303
961165,9832247493607
961182,4665653761610
961206,28230187113721
961260,14157763789289
961271,32874032038167
961279,6080522845104
961345,28847569515878
961369,23130869335167
961389,15558892301299
961403,32257849574197
961423,3602855966691
961444,32278107032265
961462,22546199573857
961487,28203683836798
961503,30495664083510
961514,793901859802
961599,6689156312695
961624,7646618001963
961627,34298865088787
961659,29374277959181
961695,10901378275157
961714,21771980985610
961722,7767371118620
961727,18980568400259
961759,14675499626346
961787,33152265892466
961802,11933148122314
961803,33798185654278
961804,16268937200760
961807,21364968739490
961875,33086954742554
961880,1361663523854
961887,5283064281534
961915,8937282722421
961957,20673777690810
961999,28955933250890
962010,7817941649723
962030,14830838351190
962056,12916850585912
962083,2599710461273
962091,17580772164442
962106,3341594012009
962115,4411800996576
962124,34313394745877
962165,18236758594966
962172,32686498088454
962197,33080100812017
962204,2208332642003
962209,19538903248828
962211,27303736771918
962236,22486831910097
962253,6964477358090
962280,19763742607374
962327,10622761597733
962350,3740985809443
962360,14260730258116
962392,31185052017510
962393,11466047591251
962419,26563735939645
962544,24748075279689
962549,7935423953677
962558,23948011880131
962593,19101349099999
962610,27867593468414
962621,30821701015800
962633,30627778564253
962678,10772663571310
962750,19501160046542
962765,16408303003166
962784,16547442193680
962792,27587200253737
962811,22087123655508
962847,19379076947912
962850,1726964637227
962854,3581560083609
962861,3338551901568
962873,13756415487670
962896,3244856876177
962897,828053476493
962902,24424667609248
962904,8437780333927
962949,32175038071513
962984,30531635191788
962987,25262359482859
962991,28308850460125
963011,6012319947221
963109,28634843874863
963116,24654558238289
963118,32897073866192
963203,1144653662758
963301,31530857462346
963709,19773399283636
963741,28592856127006
963773,22685759844714
963842,9372982475640
963900,24776999243093
963915,15545553474294
964001,13660848045653
964002,33727375823678
964147,9344556636396
964188,31411118373747
964201,31691739393924
964218,12306113554747
964282,17999891501699
964308,28506745697843
964378,22906270945297
964413,31793004345911
964414,12130103330737
964452,717382065942
964468,5793968904037
964490,10833125800070
964500,26348689999302
964696,26618346040234
964715,10744256168156
964788,34089706227958
964806,7687757601467
964886,17543665368667
964898,27684108609240
964927,18079152273207
964987,33483154451927
965001,15773966977619
965014,8510704017761
965137,7335592490953
965170,28046209867383
965172,2522173674839
965209,11098313651899
965280,20632661782778
965282,14704872139603
965297,26531736184702
965304,1644738738885
965392,4015038359106
965430,11099995500132
965435,18425688542988
965464,2383017924048
965483,16035891196198
965558,19064540340264
965604,236433743228
965617,27658343536050
965636,9759044339702
965695,33302026759125
965697,21978283739959
965818,18292617130837
965909,15037813723716
965932,23526941611942
965971,1749591925297
965980,10007240641611
966027,17283017716942
966051,17000799043357
966105,2590518863506
966133,31156595541877
966245,3586682672475
966304,29560307218385
966322,6547504386013
966324,33775598019661
966335,21297395529650
966365,2856161683428
966423,15652997268421
966449,2236703299003
966452,9209304647591
966470,12744543244527
966480,27819340284342
966482,5904071202703
966488,19992725873308
966504,17679286895313
966524,18078317209513
966527,30283721382629
966567,15144167522321
966574,4437294842888
966578,18894655111296
966617,9779199497362
966621,4903735309633
966646,19091874966237
966671,2811731079408
966673,6696700550886
966687,34125440267240
966703,23265793355170
966719,32721966768962
966760,10743157055453
966801,23067332935676
966828,29874245108206
966904,8135008423569
966935,16395297011486
967017,13813723508686
967072,33350838109892
967086,16642829053111
967121,670703478947
967151,9435907409157
967165,11010591259999
967196,11781991791910
967211,6778592061494
967261,26005080494310
967311,26740914559715
967330,153053967231
967332,31334378128362
967348,13257539124985
967363,2372633233488
967383,644333023202
967389,13190331902569
967451,7412081387085
967556,25594045780454
967605,20286918943952
967615,8858593291753
967660,30291625616538
967694,16931819842293
967717,12592633861212
967719,6060520765510
967731,17669873281492
967735,11305194449166
967736,26107012006794
967738,9418297578472
967747,18312559156119
967757,19854931643305
967765,15108460478384
967779,2633433454995
967781,15474336624239
967801,11294594600742
967817,28757447682345
967833,23083124619957
967851,27267791130743
967869,12444117456984
967871,4634634499125
967885,1535060251363
967894,10443168744092
967896,8652081185522
967914,28518082417465
967947,33455228916970
967967,34269619064574
967990,11865770801734
967999,27873597349174
968003,16368500455491
968008,30500870417217
968010,12209294232132
968014,23937894484427
968029,29478657839823
968041,22755215330217
968054,23912250457116
968055,15044039634505
968071,1309652450134
968079,9140244964657
968102,18676044157242
968103,32040684937774
968109,30336880527753
968133,30449902702729
968134,7520201801564
968150,9179751536535
968153,6020155916775
968155,3499519769994
968171,3583449582153
968185,19245397968184
968195,33305759302558
968199,19744603933899
968212,23400087792399
968216,25043783736081
968218,11424452459701
968221,4412877583392
968240,18616576141371
968255,96406406552
968266,24153021464303
968273,2522075821907
968294,27169799404144
968316,13216683547385
968317,14200844348917
968330,11240878287332
968333,2658183330240
968347,2039739139670
968351,29440717682112
968356,13883720129
968374,17233227155179
968377,21217362956509
968398,2101033374258
968415,28482081649653
968435,1969594423530
968456,6327293786366
968461,22212621458111
968462,7742827645565
968471,14482861054195
968475,12855738818371
968484,27588695449455
968485,4344562792733
968504,23308969775557
968528,4766619040307
968550,30315477463192
968568,5912021927066
968573,5103691084667
968580,2202736890426
968596,24416575076218
968608,11645430333381
968609,30061554765653
968619,13690597384149
968622,34148591859905
968638,1958361870115
968641,801107474058
968642,25935382145684
968662,5031812012652
968670,34127775295566
968675,19584215940314
968680,28096415526449
968710,124482758263
968719,9583030002062
968740,2252353476361
968754,3513600221014
968764,991637819005
968796,17037108070930
968814,8793802420391
968815,5036748134762
968826,13822399524127
968828,33472370314574
968836,10528214381165
968837,6895371967638
968844,28192737943527
968848,14383119861824
968862,31676433930819
968867,26671331735590
968888,6961841161416
968892,16065794895736
968898,13015046887770
968899,8939893365039
968903,28937195842931
968908,14184775888997
968919,20945357472806
968941,24541356047375
968945,805875398729
968948,24581084059612
968981,12307113752610
968984,26323333583193
968996,24014597148005
969029,28208515846275
969036,19898968656211
969037,25025535530903
969054,31489979912500
969057,14716949954110
969093,2002519307731
969120,17735342513901
969269,20838862149397
969294,9104793996861
969414,12276730927060
969460,28022885072073
969498,17518233455542
969614,5394648610971
969627,4921177933437
969754,32738518437969
969773,13078608811674
969854,32224442020519
969867,12324334427284
969881,5485375430017
970022,23933409692442
970091,17658360398907
970093,22606546810504
970226,18919544130652
970256,8439443181232
970260,26558276024393
970546,20437958942553
970561,33432971218105
970570,29219494533288
970661,28678536296487
970679,7504892375546
970922,15113130165843
970930,16133559869339
970962,22298751456076
971147,15422276774998
971160,16774676791109
971182,33660841792270
971211,7483110069485
971400,12356501026133
971426,24969957157697
971452,22590755875987
971460,1839807058430
971558,25417098108134
971582,17353107504634
971600,24177264477787
971650,25475848250314
971672,9935067169301
971731,22529395509093
971733,10812080336025
971747,2261858166157
971758,33214825610268
971778,32027810657019
971779,25587214612270
971823,22116862645558
971842,34005717271419
971844,10033613033666
971912,29004413629354
971914,18380783838078
971965,10019830026295
971980,1480733413245
972089,31057119784765
972116,1539804862769
972129,29198356991110
972169,28454819105589
972177,27415261129562
972200,9867139100557
972286,33181509988095
972348,33252414839832
972530,5382556480841
972535,11662861141711
972555,31012982709753
972582,13542241535730
972622,34154093303981
972657,4226936816658
972741,11769900954589
972760,30587041686592
972805,3246698023002
972874,6412415062826
972913,24280328023429
972924,8918997949087
972972,29857976009532
972975,10277304538103
972982,23603721757498
973004,21077860823281
973035,28155077556766
973041,28974502408782
973104,17543543933766
973106,10224309927439
973113,1417230108591
973136,26054359444272
973236,17427996855667
973300,1637941203079
973337,26409237931791
973378,721712429515
973381,19838492926195
973437,5532630720139
973520,7743322210577
973560,21159471292598
973566,7255136032090
973645,33886803204285
973704,2826057506489
973705,6176648774093
973735,29469572796975
973741,26488177380817
973746,30318390781519
973750,31079844534540
973758,25329739370502
973774,634987008492
973796,23071761752811
973804,16928169507384
973811,33922284118499
973821,32243826714495
973826,18255852075838
973852,27793586993542
973860,9224279829455
973866,4665944606815
973867,24989411446098
973883,17993999291165
973892,19766121480757
973906,8973498037438
973924,4735549944769
973939,24871484703244
973942,19643188629783
973960,9703048045337
973973,2574905638528
973979,15020486867035
974003,17085762124209
974005,20156974175913
974007,10378714656449
974027,22634492828001
974034,26289914984959
974035,17878485915200
974089,18588400345318
974097,6866378934441
974112,26085671187283
974123,24475778531115
974131,17217532069750
974134,1015969079326
974171,25311931095993
974177,23425667068395
974187,23939897645172
974191,9322741068029
974192,31349635996919
974194,11822019140538
974238,2295391689830
974255,24468800223028
974256,19042845265250
974278,1152948889624
974285,20009762948034
974293,18117653954310
974305,12409095334254
974322,20429712789458
974324,13784236923045
974331,30048156856337
974349,11139797078519
974418,31365319933936
974419,1657195733632
974421,1685853156384
974426,18813094970677
974431,23444455906135
974445,27374170951274
974451,18730903600594
974465,27071962537814
974467,6980375235400
974475,11718216224639
974488,32186055464589
974489,14886788284618
974506,1033308123614
974539,17579090410226
974553,28476879244797
974573,16922140763864
974574,32948018121770
974577,30630430492059
974586,33382685936702
974591,22550624583316
974613,15974130413254
974615,4517583420111
974623,13706567313643
974626,4776790587380
974635,23607458423654
974637,50578395168
974648,2185613835809
974653,760203600476
974655,14975042538945
974698,30934544701289
974702,25309845525512
974750,27824351003414
974754,30411981400553
974756,4206123376276
974766,3484872227018
974784,16914549531241
974785,15242413061546
974793,30770355816190
974795,6202994814824
974801,32429343878763
974807,28429767555875
974830,26412769187773
974832,1157256022117
974844,18574874119731
974858,13451407795925
974859,1832350481020
974860,21170203891109
974870,13338542702478
974877,3918381144617
974878,13426437082392
974881,9966158011695
974883,9417911491710
974915,32763890848783
974918,4362063397879
974922,5597562447950
974943,30792542646991
974948,31932760461517
975107,28749697942533
975329,19528399645770
975481,16214665540828
975868,24074738209122
975943,10223207275027
976052,4017776609667
976060,33298061578978
976078,31592430921130
976079,20680584654672
976204,5303266619239
976236,31185554882606
976250,31812384501120
976252,14708520384297
976278,4102489145664
976310,6086558630977
976367,760985547925
976376,31874752849433
976382,17641340918020
976407,27860707731741
976420,30439207661649
976436,22318646083140
976473,802616476329
976489,27768638040935
976499,1280860575858
976528,16742225053028
976590,30175945776956
976629,18176356265174
976645,19589207595935
976660,25335546796458
976664,2897624048268
976677,33942100695791
976690,24003596214363
976712,7733408696941
976732,16091602410762
976756,4865994487521
976811,27784528336554
976815,18356827489628
976837,20296946364248
976872,32445170220501
976885,10120745826973
977001,26808651104479
977030,7495429987410
977068,31988425616006
977075,29373143855593
977144,12042158418403
977224,27728929577724
977252,9813495272553
977261,12670449873543
977327,34358855862110
977352,16841592285485
977363,30575427868565
977377,30767177227558
977392,30784605276435
977521,17633998837301
977555,31328699336369
977564,984436425334
977576,33613609395495
977604,29379322079625
977666,4136201205332
977671,8441667433163
977696,27749333245147
977697,3441028860575
977713,22646984087334
977779,18295889568117
977826,9033590957542
977839,12710452869825
977842,1018409946967
977880,16912467329378
977942,5975002990998
977952,15483998138658
977968,32381642316368
977989,13645923050619
978011,14225666051134
978053,9054663290808
978105,32536310279429
978128,12175984804038
978206,22044480581847
978245,33820699499967
978257,18910640308394
978264,4147273102081
978341,27670123529651
978357,33556216460940
978373,32879068700638
978466,6697644499669
978536,29114547423666
978652,17360629177039
978653,4306000891017
978683,25435400404510
978722,25889308284665
978738,16980558481396
978856,14920428406108
978872,9207522734122
978900,5238675145236
978904,10131407169148
978953,16319205029231
978964,29989197308494
979001,21888271806025
979021,578599356722
979023,4893372001254
979031,823576655044
979061,5686060363134
979083,24388749560989
979108,24303696982526
979126,9456966214951
979139,5360574599544
979163,25425252394048
979188,34155181008824
979211,19733321192686
979234,15131038166258
979245,21476607842008
979248,22752767906983
979262,3647665180745
979326,15729387854475
979452,14851431500284
979487,34116319199786
979498,11558332975230
979732,30675083399931
979787,31269658570968
979824,29862012417160
979900,17348089045995
979940,6349160867114
979989,20740009227063
980001,28575419479735
980118,30149583062041
980121,16012377811688
980254,13089178071209
980362,15059545919979
980490,13409410300163
980542,21812635161647
980654,18639527587410
980857,29513883074330
980918,2317770894393
981153,24933783917455
981247,13479222677545
981349,2354285263218
981455,17590814623599
981490,6148193174187
981724,6947068802150
982423,11121710595509
982510,30301493891205
982655,25072535346035
983300,2791869705677
983820,27599337164570
983861,8926757022011
984042,31266545558081
984248,15527136152189
984257,10118762092790
984888,9981602134733
985078,24268439033593
985090,3343097983312
985099,22365987732443
985118,13749377887181
985136,17063766769378
985146,2006092936997
985147,23790967310482
985168,22027921958218
985180,28919129080156
985222,32841684986781
985258,26924598927732
985261,22475788190717
985263,3111966073241
985287,28312418763287
985293,19556626944287
985318,19363079252719
985327,9863573937111
985340,14509277390125
985344,7649221760609
985375,23126781190728
985409,13837662854989
985414,32278406354083
985415,15590147033912
985428,7223188960907
985429,26514762153974
985431,15896105871335
985435,4968945259827
985484,1392991687322
985510,13157565353593
985526,25772234212278
985533,5732924751002
985544,17550871610375
985549,13848522049306
985552,6380612127987
985561,6596327088592
985570,31620973518357
985584,29617451373736
985615,22130474065688
985635,9427875953746
985750,28980334922582
985755,927632799045
985763,25814504746328
985766,15102688339316
985803,5942672151481
985825,23238020575665
985832,18575188483573
985849,12988225502432
985856,202880070937
985884,22597955447235
985894,29256192419388
985901,15437752992922
985909,17822199852745
985922,19581507661019
985923,29185497260782
985930,18413403789073
985933,8322224965254
985960,3360537222619
985969,13762013939000
985979,25727497016668
985984,31570523194086
985996,9111580685941
986033,317476318960
986120,25026777961894
986142,3558284045270
986152,16373213583625
986161,16748187049658
986237,16754095504196
986281,8679921949590
986285,33875083694171
986286,24820483955242
986310,25717420681518
986321,34021692629466
986344,9504714897251
986352,17775046390610
986365,25909496977291
986369,19694976123414
986374,5713160189304
986386,1125905768655
986425,10584429941655
986431,9186340055808
986481,15212871365351
986487,27484586222710
986514,10002195280260
986530,9790087225528
986531,14222674880735
986541,20935533910159
986545,31454298645308
986628,14379247316799
986651,6805796714019
986688,21496428175683
986732,14263699776722
986784,6262291214904
986790,16702987608103
986791,31919802917085
986795,5506941660255
986801,33755784217279
986802,24986223523205
986827,9199583768835
986836,33892496881052
986849,9697776048536
986854,25698464466542
986870,17906073634614
986888,31581854493680
986896,665801556870
986974,7559234406299
987009,12496205914876
987014,13110183305965
987239,5044024816222
987271,27525000147545
987300,19738462506213
987529,17114091156650
987611,24596119932879
987629,25943726127400
987635,22203024526914
987653,13365697605808
987668,25174225219317
987677,33676599325536
987703,7643159551061
987844,16960403777433
987869,16663221517467
987983,7119140966857
988048,973156211213
988246,29924655555308
988366,1915270165254
988426,6841792203566
988462,20128562640722
988473,18663030634551
988499,27864519540392
988575,5614030891602
988609,23128175082554
988635,3590325669653
988685,9338311916981
988738,27018114331341
988770,1008796827806
988796,3923980854
988797,32855638305107
988803,15828518772722
988851,7259939700334
988852,22897899579220
988855,10698298856918
988878,18719518849145
988975,17004800848362
989018,25693897281060
989032,9172759995077
989052,13832228942471
989063,2087868111424
989088,21681110404411
989096,31620000007295
989173,30548619766030
989191,10402234563093
989215,26221940037592
989335,14212421953275
989375,4633287733417
989385,18031871086458
989395,26367077201344
989416,4026711770254
989420,511188024176
989443,30486061166242
989488,27974642997054
989503,25896635807430
989518,6239854416414
989598,28806293964482
989605,29449435221509
989621,18650063162424
989697,2727256656753
989701,7236059017871
989720,25398713005400
989748,17383215762345
989772,3942071453079
989780,2939997751752
989790,12850087007437
989818,15859182182181
989853,33589016869025
989857,33959014657484
989858,33500799257253
989863,992474694299
989911,18659323686689
989978,9375019722822
989993,12845829651393
990008,33782563918386
990017,25090730212404
990034,10693289120337
990063,1401692959370
990149,24208493922660
990168,23555688739292
990197,24582588237552
990240,12413088136207
990248,25371276947599
990249,15456968712138
990260,16778691875560
990279,17651971387445
990281,5465986088870
990359,24340620792643
990364,30413546941938
990374,23251155193208
990390,14730811870455
990414,13359015087589
990464,19608651323197
990533,23164771925644
990536,19692342063989
990564,26328419189826
990608,9096159090052
990649,28372199921984
990652,2094826987257
990664,31674214532311
990698,30450130036430
990702,2018293998054
990748,23886177309493
990769,24100414423269
990781,26152155447821
990841,6797608103834
990849,15848753550583
990858,1997018735597
990875,27329989984481
990901,22974713949995
990917,7688407011684
990922,6819870930266
990943,17328726241591
990962,29024807050039
991014,1076154954319
991034,7398292989605
991098,7037147666705
991137,29926927402268
991156,27655889585482
991169,1355290408340
991184,2726739916188
991190,18193597166688
991324,3293536385620
991352,7418505055892
991365,17809167102541
991371,34129790713087
991399,27232177803012
991441,11644874615750
991478,29037698053866
991526,22116652534521
991544,21182171002173
991565,3704498926392
991613,23593622916542
991677,5496546269325
991684,7247246351280
991740,5991204283103
991770,10300902757261
991788,21171967850552
991815,31079910803994
991932,22761457450487
991946,24113506496530
992031,4077516473700
992194,941005893028
992557,6371395598241
992620,3561150627769
992869,16353349305601
993094,910815771792
993112,443277802604
993576,6258486119735
993579,18293467179589
993580,26435791925261
993584,18099185705446
993624,1062427523864
993660,6612494735617
993746,15371408530234
993762,18814246546180
993794,15008619261037
993831,4190746981917
993851,19009440041885
993853,22104626613960
993888,13293808732672
993934,13003603632512
993962,28122992299083
993979,15956303451815
994031,23790821233786
994037,6958183328971
994044,32544538307494
994053,32027021425269
994055,14714268646340
994076,33457295988324
994112,14740187621460
994130,11217197302261
994155,8295250213915
994172,13528875666582
994242,11509543468732
994243,958557639939
994252,15666547097969
994253,9753120911506
994259,2371600564131
994262,8228861485196
994290,3548269543524
994547,29464162586361
997439,617844517019
998864,26183714021622
998967,15074759998367
998973,27917152937978
998982,34288955824396
999081,32281426826410
999114,24639822006251
999281,20979138101730
999349,805596518894
999509,15794237204941
999515,28453069171027
999614,1691733146825
999804,7467807631764
999895,20055246437286
999930,25934038440612
999993,837985850181
1000049,31297211958
1000051,31520348102998
1000139,24216598691978
1000150,34365594207505
1000157,15560591492388
1000191,16576329332207
1000229,21606854238615
1000236,13784020974918
1000249,2793077653859
1000286,31244958039542
1000367,9934924763523
1000444,33550586563810
1000458,33470970816003
1000508,9376555524643
1000557,7586838873889
1000589,23207945460723
1000608,5691116247634
1000630,26032086796817
1000764,31539888760538
1000766,7841290611315
1000768,9048283096600
1000784,19892894830769
1000813,25149600374401
1000950,5244112400443
1000986,8996240302978
1001027,20469826654379
1001073,28261701049933
1001091,20672276861840
1001094,11335236289759
1001250,15805826654062
1001257,6575103146527
1001276,31556684937929
1001281,4682755237703
1001309,21004573955692
1001318,21349656844729
1001349,18453481758052
1001379,25406755679463
1001390,11934950888684
1001396,12917887213396
1001508,6914872940688
1001541,12312645962206
1001553,12492105678890
1001653,2746358410679
1001696,16504489146776
1001718,12012237603009
1001724,18916877827765
1001741,10876813381411
1001745,24575911639261
1001746,11696878524249
1001759,27834547449440
1001766,12277073986522
1001769,14296474979282
1001773,28498876103730
1001781,16920712959243
1001786,25538442174122
1001813,10513732906441
1001815,15655063384326
1001860,22120932129279
1001867,5419472286702
1001875,31465471222219
1001890,14188381092414
1001911,19719694904476
1001915,26345573128980
1001928,1525469464367
1001940,13398607506846
1001965,14915985263303
1001978,33756840998703
1001998,12983883633848
1002027,20680737700775
1002069,4579015455739
1002081,32043898830123
1002090,23919322528249
1002094,17721235825516
1002118,9173158728693
1002128,24886222124099
1002166,530493782175
1002171,26942627306095
1002184,16755163383169
1002189,2006420240150
1002213,25792457439689
1002214,13571433758279
1002230,12122873641835
1002249,20460559153367
1002266,3179951750646
1002268,11413960134985
1002277,633558092194
1002295,25437486845412
1002303,3982289214259
1002305,18181817361505
1002308,10060363575397
1002317,28359387648515
1002321,23279060815132
1002336,31445600070835
1002337,31960418033569
1002341,8223034378466
1002381,33781472974945
1002392,9176610821154
1002395,19709978045874
1002434,11754889774192
1002507,15499040582486
1002529,18254849299204
1002599,3142097151757
1002601,4242735004654
1002629,4275422692090
1002640,345325059411
1002642,23794467869295
1002733,7310169771592
1002749,2745492618156
1002783,33204611235356
1002818,34145501244846
1002855,24493394633513
1002863,13121031565659
1002877,8301061791446
1002883,3204035190635
1002930,19838359846717
1002945,33085428420993
1002948,25786968538191
1002951,16060464439663
1002979,31162033741459
1002987,17971864894677
1003003,13373878844857
1003045,25343134903803
1003063,23557628201573
1003102,34219834875208
1003127,22850119636517
1003147,27214576840924
1003172,24130679163113
1003187,4234876226734
1003208,22493036851691
1003212,1150430137028
1003233,34017765864711
1003244,14297666008816
1003284,10469785758859
1003308,7894978472111
1003316,17096918975236
1003325,28734511269497
1003327,20076085174512
1003331,18072232509512
1003338,24864479190896
1003340,24427915470549
1003342,22654577158623
1003363,11470125389717
1003432,18700544531809
1003458,8862667387895
1003473,28638631409076
1003495,31556878042895
1003509,30275214209802
1003539,33834299384547
1003567,15889241775991
1003569,23522045240518
1003610,14879463745772
1003634,11936525229319
1003645,19427544430474
1003664,29101177909855
1003791,22019050940667
1003801,17574754627318
1003808,14551808480312
1003893,30261837990136
1003907,4910563296598
1003931,17597614707200
1003965,1143643166410
1003978,33933971148488
1003987,31289192099159
1003995,14238129456959
1004012,18061579590505
1004025,20311055165996
1004031,18373863405635
1004060,9545002952810
1004073,20919700944280
1004104,1368852476118
1004150,18677388183938
1004211,20829077411776
1004228,33019246100687
1004251,21955312872689
1004279,30126894503034
1004295,4588884625535
1004339,9688755549547
1004373,26552509926508
1004391,4718901758762
1004423,32263472034790
1004449,655199894339
1004450,24881573878629
1004559,15270000122380
1004565,16608360948607
1004653,6987155034033
1004702,21666408779956
1004762,34179910045861
1004782,9846614753463
1004871,14068404824845
1004891,20190992586369
1004955,24419552016542
1005050,6459923357439
1005085,12004582966598
1005117,17182369329555
1005144,19097008118756
1005146,29873979654113
1005269,1247407846749
1005340,30493737297807
1005394,15942204689636
1005435,13514198377116
1005459,25460848570714
1005510,33671821791330
1005517,1916533830262
1005531,31017823394142
1005577,31659714377433
1005586,278333057315
1005620,22072642900779
1005722,25122304641767
1005736,27179077100936
1005785,23432679494485
1005833,272700995320
1005848,24550397784384
1005862,28999519481509
1005950,29025673850509
1005977,9175376877564
1005999,269393685327
1006282,17480780679322
1006316,12453044328627
1006489,33731303548253
1006565,8659882887044
1006609,3066042861960
1006656,3827266849713
1006724,10397831045303
1006763,16352365480713
1006793,15452906045333
1006800,33567886754165
1006803,24924492790393
1006877,31653324540228
1006933,28632735531723
1006976,33381067582470
1007040,30717312240359
1007088,23647047107739
1007154,1924544328892
1007173,27454293094215
1007227,2028896599300
1007377,23245413376100
1007397,15627319632559
1007401,8738970251460
1007406,13493715679100
1007481,20625177370963
1007636,18195189173045
1007683,387231308946
1007764,23353915643452
1007849,32998539149039
1007878,6508310468630
1008020,26235465403959
1008083,12049944175218
1008169,16962392943666
1008176,9806656054624
1008197,30969026593348
1008206,17563470076230
1008247,9322263045662
1008310,32665499620097
1008466,22592907824071
1008549,24417548375683
1008609,20196082085441
1008652,7782581511838
1008693,21854104286917
1008778,18817765460749
1008799,14242458163479
1008843,326849835884
1008850,31803150475379
1008871,30200591884477
1008881,18360477297371
1009054,3328054866763
1009077,27401410962226
1009082,27786944165395
1009098,31314961206332
1009147,20204980146274
1009148,26485991127147
1009167,14845715410500
1009232,19077718400859
1009297,21977061210329
1009359,14178389663415
1009452,12550294809449
1009455,32938921635511
1009502,2246846681165
1009541,17342112905865
1009558,29260617035116
1009649,29445967033293
1009666,11620892492216
1009727,2381382841696
1009742,22165759655312
1009874,29867206923978
1009957,13737655683842
1009960,32003585986593
1009967,3185795584601
1010013,7400391913150
1010077,8260738214170
1010095,26746562866221
1010137,23007320986341
1010158,11863203272034
1010192,33748432286536
1010199,28552200683290
1010205,18641829066454
1010227,17759285205373
1010292,20596980765664
1010304,27504458368748
1010315,20144849188303
1010380,21358463921764
1010442,4459384143290
1010458,6275261097621
1010480,22544441803580
1010486,31217444158154
1010532,33292554943709
1010562,2048800472556
1010580,29602702444728
1010625,4907932985153
1010628,15130658858738
1010639,25724560519923
1010708,12644174220531
1010748,15620482518734
1010762,11205006472108
1010763,14931662412748
1010769,6519454585549
1010785,6732578981397
1010821,33430575465232
1010828,30188349031315
1010844,220514458451
1010850,14611895022431
1010872,33517629890136
1010877,10213141832766
1010897,4970845933944
1010900,28001305743763
1010907,15800952644935
1010916,8017733458199
1010950,11400299068887
1010960,2143814040056
1010968,20943617887928
1010971,22356419557319
1011020,8605203463168
1011025,13989931638993
1011055,30046517843325
1011062,32578291816276
1011064,20151318524256
1011068,7819264840604
1011071,31331554449747
1011073,2288947472476
1011076,7839690986623
1011095,25085670191920
1011168,2071653909136
1011173,6147277007663
1011196,34078349501610
1011200,4761769705494
1011216,30243264844277
1011218,17394031208036
1011271,33147962551550
1011278,27190386267961
1011281,14293443115921
1011297,31383081568830
1011323,15923642770370
1011327,13168331155886
1011336,32347361464428
1011366,3711549429070
1011412,3887926339752
1011414,2804159331292
1011428,12917356145304
1011439,16345866509777
1011481,22816972689509
1011490,1100258535151
1011521,6521921386863
1011531,6123568750001
1011559,27818264074757
1011564,19071141894812
1011594,20029986984533
1011612,32079661519674
1011630,4273703286818
1011646,13999218317317
1011679,14869863631668
1011686,30364642462322
1011687,25028145756058
1011771,18323864684377
1011774,10610543101834
1011787,11293065558600
1011801,10823664526583
1011816,24030093462341
1011820,15461276933890
1011853,20342213627857
1011903,22736481753834
1011910,16609128171235
1011919,7268502553395
1011935,4527040318109
1011943,8960260901800
1011946,21260143576618
1011977,752700692998
1011978,7846392915603
1012008,29167583955684
1012016,24411365214487
1012019,18803613834673
1012020,17222858904612
1012042,23260800392360
1012050,1794323207430
1012082,4870410140288
1012092,5790497159522
1012112,600005954452
1012128,6108237369080
1012139,25696509106810
1012141,16848655733966
1012162,32541969889042
1012172,12561507678652
1012182,10019669308977
1012197,16519521099269
1012210,22661354369085
1012226,815592815273
1012242,20664990527040
1012262,4258736088166
1012272,23321902808741
1012339,17908860194162
1012343,30861765637732
1012358,25078113593304
1012359,32722668275105
1012364,10388112844594
1012406,19766015724569
1012407,6316797435692
1012411,8768547681523
1012419,31624687706615
1012424,13308742543481
1012457,3617676290608
1012480,33823028886173
1012496,22761144270383
1012533,33655940864959
1012535,15836287764146
1012539,4961898128961
1012550,11912923797318
1012556,12478465994318
1012576,12716742207775
1012591,12320856285725
1012597,11605206483810
1012607,14563486700017
1012613,23582673924012
1012621,28475818546928
1012665,23209231483500
1012684,20804336225974
1012763,13618155209203
1012770,21476869737255
1012867,15885575087222
1012890,9055325085883
1012933,20093870458709
1012959,34354872500696
1012985,12099318052866
1013000,4105779525172
1013004,3124225941344
1013010,3443305319550
1013011,10470216078015
1013030,16000937408829
1013053,2215838785216
1013064,32645452503752
1013065,28438584970799
1013151,190996220610
1013165,21401459484726
1013177,6215934716579
1013192,11481492699839
1013195,32381743045154
1013196,29010286155543
1013227,17603598929845
1013243,4867279408622
1013251,7045424602595
1013257,22033292755337
1013295,23444252833223
1013309,33394935469670
1013345,14692507539300
1013347,18296342936039
1013408,15167868936355
1013410,19919549304259
1013415,10379937885518
1013420,25042167593142
1013436,12598004948065
1013450,958680948012
1013506,23127697402306
1013512,2947389270925
1013565,28500056043872
1013603,14370492124507
1013645,24248982366118
1013646,5779791332105
1013711,13704773353273
1013726,33976919272898
1013746,1444923874709
1013758,11664776669917
1013761,7454356033621
1013785,6231793018213
1013795,20875117047899
1013808,15243190745926
1013815,29005630323917
1013862,9632826093098
1013864,14863872798234
1013865,12128290115413
1013867,495008376029
1013880,4019706110593
1013898,20531962691557
1013920,28780874652683
1013923,329003920553
1013957,28515220565090
1013961,16493142769195
1014043,19128803576392
1014047,19105386305303
1014089,30581974123221
1014097,25221896341628
1014104,25253665908349
1014105,1331776176524
1014108,18746414243687
1014117,31837299284752
1014150,7429942836143
1014202,33453641249087
1014246,1255028065854
1014274,27621292382864
1014288,24900354554812
1014303,3422743445854
1014320,26410304717077
1014388,16991989208793
1014409,6172672027998
1014419,10491601230852
1014433,18470183105168
1014436,20539022626363
1014443,15264026877019
1014457,31410586038413
1014514,12311465427242
1014537,17030621551700
1014540,22030211126467
1014546,4134453671414
1014614,29503134434296
1014664,21155384238107
1014671,2792995652540
1014681,15124320695692
1014723,1733406604023
1014736,27707998914961
1014765,15713600448668
1014780,7033956790352
1014791,22107261034697
1014792,2963316813033
1014846,10608272708834
1014850,3266889980200
1014900,18353324968559
1014911,6409429181965
1014931,27164578409312
1014933,20507888869462
1014950,33561595161291
1014981,34171763729135
1015010,26392248357718
1015033,3395317716578
1015050,29590146912704
1015084,21614439906074
1015098,31378913744342
1015104,22809804676857
1015145,15468017194365
1015161,3589219616
1015163,17106138608680
1015185,9295745452054
1015189,9599160814114
1015211,29038563959695
1015224,2126403157589
1015235,13243203263579
1015243,4909268725076
1015274,13804758425007
1015276,8173236983433
1015290,8803582913636
1015292,31865763508883
1015293,16083562693283
1015306,10290903633377
1015314,10956800054800
1015337,14319046877637
1015344,27705879021225
1015351,17168137275098
1015356,18886034939007
1015387,7746898844976
1015403,25512778629792
1015406,4690600928996
1015407,19382172817149
1015411,3913024590221
1015413,23740071806536
1015418,27198533930793
1015442,26792109146681
1015498,23462299430329
1015510,31409800261493
1015512,11064463055978
1015529,5907315132587
1015551,6800782321066
1015576,14260600817310
1015589,31115635094986
1015624,2649153785625
1015646,13032089679767
1015663,5283323446060
1015688,20505374267506
1015694,24137200841408
1015704,5066288521540
1015709,4359918937583
1015710,19099726283706
1015734,15256052948620
1015746,25493340381587
1015760,9457646709188
1015765,16555038026860
1015777,18470324087567
1015799,14912176687065
1015806,6115090325226
1015821,18558487797103
1015844,1794481987818
1015865,28768417891028
1015869,25776517929125
1015901,20739030426327
1015930,5978579739366
1015949,33147794736604
1015955,33351919817682
1015972,33948908149265
1015976,28269150385211
1015978,15773479263839
1015984,9733894056187
1016001,34070804206113
1016002,32182875878609
1016035,32715263662550
1016089,22454023664684
1016104,21813678778053
1016107,5709955917339
1016117,7530185854377
1016122,27375901260746
1016133,4223142575686
1016141,32476531598271
1016147,22950899928941
1016162,25520264722877
1016236,11274479877112
1016244,57239598583
1016257,619373226896
1016259,32645512653424
1016286,24417837287875
1016314,18416282059810
1016318,33370460113665
1016319,27659303781881
1016344,5477269717173
1016361,25553656526183
1016364,24054469026904
1016411,20177784316421
1016419,17476328399669
1016420,700642953171
1016438,16106948541161
1016446,2414122979879
1016456,312748247429
1016464,5894851661181
1016465,13181171188787
1016467,10723298986547
1016477,20326145227173
1016484,11590651244512
1016497,6702287039749
1016503,19444518863944
1016508,6961593315950
1016509,6602493027372
1016512,25632371546257
1016515,23964554595493
1016521,9428985579442
1016547,28096837623483
1016550,4674919857387
1016551,26149354167438
1016559,20298947734016
1016595,18993180522347
1016602,9043673510977
1016645,7042224543957
1016649,13403866177960
1016655,23958396921344
1016659,13161117125780
1016691,23457100846671
1016700,29082001674123
1016711,22480018512619
1016716,11686945618113
1016717,8121955076404
1016753,2533352945608
1016799,33254191357018
1016800,2544535703464
1016810,3066415172088
1016811,18847109707918
1016819,29575985160123
1016842,30475308898532
1016845,32104572498698
1016862,7172451679279
1016899,27489892570593
1016907,22442813468861
1016908,9754284285693
1016922,19690101619041
1016929,11193211974092
1016931,14450081626081
1016946,21284000607472
1016956,6938423883390
1016971,24704609106350
1016972,12142247442926
1016983,9429542686163
1016985,3499337835499
1016992,20607738610107
1016994,31892189820760
1017004,16869455105702
1017026,9269213126453
1017032,16370611554619
1017050,10873872697017
1017079,31580551387193
1017087,22633627244586
1017104,11053872333662
1017120,14660410347579
1017171,2928024974569
1017182,26064704427229
1017209,23172352676146
1017217,4224353696482
1017221,11050868962726
1017236,34087308281183
1017260,22194743876066
1017287,12256032652433
1017341,13861561027594
1017348,30214442020477
1017352,29898830337385
1017361,6906703020869
1017383,3507586641464
1017387,8330160341731
1017402,28789413685892
1017425,25532169273106
1017455,16263969432233
1017460,26624933885982
1017477,1118522577015
1017503,32869608652584
1017508,21826718859117
1017518,18997938338747
1017519,20435108126137
1017526,23361613505445
1017575,4496039021629
1017577,33433598396605
1017578,29620175806042
1017579,23312324579952
1017582,28881832885553
1017583,15321251693487
1017590,14622952887242
1017602,27989970427066
1017604,2000026635715
1017651,146725511580
1017678,31809304838119
1017682,16604513514094
1017701,29692408063556
1017702,8722940688022
1017704,3438585472952
1017719,19825733035768
1017725,22349876222235
1017726,711248708455
1017763,8704093165357
1017765,13043438594868
1017768,18903950185948
1017783,15562013987219
1017792,26346758620268
1017808,29971862047079
1017838,20458340150504
1017846,28832443910973
1017862,9233394498482
1017887,24777188223013
1017926,7426351571288
1017986,10771852162963
1017990,28590667279821
1018006,13081988914334
1018016,19534778885072
1018025,21134667053950
1018039,7144447098673
1018051,29178468315603
1018090,30233305090376
1018102,31194509657868
1018116,2482936333595
1018117,26296556655490
1018125,11500966107602
1018140,19491561710827
1018144,3080513156405
1018157,9670362048749
1018190,1569740107594
1018191,20599293425359
1018205,26431000510993
1018226,27754980389502
1018233,26155465027417
1018235,324872539489
1018239,6473225944167
1018260,22264838476448
1018265,30146867371185
1018281,14369399181223
1018282,847984209917
1018298,14078162733770
1018317,22709805986528
1018325,12016382437333
1018329,15495830024694
1018335,30825852463104
1018338,17070939981643
1018343,21077936233953
1018352,27833110075310
1018366,24098410316606
1018397,24614257387882
1018398,13387434727444
1018412,29572776386105
1018420,7311379470589
1018446,16673897562918
1018458,32707891418936
1018483,10535933697257
1018504,22889163769192
1018525,2985104782833
1018530,17400832540734
1018548,9152575518159
1018562,17534284793023
1018568,32681764148684
1018601,32581794940822
1018620,3269469859042
1018631,22201510569869
1018643,27376669596343
1018655,3389256577596
1018665,20393081396728
1018679,7152828039229
1018687,32235815305330
1018696,8416323782029
1018721,20826810500244
1018740,12853162133771
1018741,5836178059191
1018755,34354436542279
1018761,30680469239646
1018780,5415513226046
1018804,33281904388834
1018829,30334697534878
1018843,23435703789106
1018849,27485799594690
1018852,5963980861983
1018861,29856647221950
1018884,7423380244771
1018916,8245541285798
1018964,24832216370677
1018982,14319046748030
1018988,4936199363896
1018989,25880543125633
1019000,17638858945290
1019003,2228426511676
1019005,14515484750163
1019016,18345934030104
1019019,17987353812676
1019023,28158516758180
1019026,34240874770504
1019032,22492745891725
1019111,22952628620119
1019138,4868260488818
1019145,6477885148740
1019178,3557144856256
1019203,19726937935000
1019213,6297925674751
1019216,34292368223627
1019227,6328657046650
1019244,1856175701931
1019312,16355395532279
1019333,33882979379981
1019334,11037035233490
1019358,21861949720812
1019362,3007453107388
1019381,5137452677108
1019446,19374529761024
1019458,18974802695415
1019470,23167534611828
1019479,1678212485143
1019491,25000581816028
1019493,6711545471120
1019502,31589833544790
1019506,33609587187231
1019553,32319700224375
1019602,22508265994683
1019604,17028145280438
1019630,17629774209398
1019643,33766874868062
1019650,30852627423126
1019659,29461544679304
1019774,15139213961088
1019799,31682503302255
1019811,6867206449319
1019821,22409564452274
1019848,12874462440263
1019853,21666240520984
1019864,29376100284769
1019866,33948369180048
1019885,16195298230201
1019940,1132404923149
1019945,32923435070949
1019959,4278177417570
1019972,10367341912323
1019979,2385538382603
1020007,18722280522319
1020015,14311945014414
1020016,13240776938564
1020019,32899000845901
1020028,30618567938746
1020044,6346152600184
1020059,23643542009889
1020064,14991370183353
1020108,25673279075843
1020140,9850374013255
1020151,550595754046
1020153,4356927222179
1020166,20328602917225
1020203,32685043428471
1020210,8729455653648
1020244,4240686509289
1020264,24114915866206
1020319,17828600793642
1020328,2564888397999
1020348,17801418300218
1020351,16775585618436
1020368,23753489686274
1020372,28897758207661
1020383,5231628556875
1020387,13528769670011
1020394,33017707263577
1020402,31144447720058
1020415,22051331659725
1020439,11367061759562
1020471,26401058729797
1020507,30207584791873
1020542,22869393401834
1020546,17090688160425
1020628,20097175865536
1020641,33699154397855
1020694,7042016694005
1020709,19121976144208
1020773,27461905229185
1020847,4659574882685
1020866,20930614762979
1020868,26251680579752
1020870,10959641194770
1020879,33961568904109
1020881,17658956760192
1020882,5597893460472
1020891,24750266491271
1020892,1847358293781
1020893,24758940923599
1020894,8192395406129
1020902,21367602244757
1020904,3586258037506
1020908,32909112899177
1020914,6638650293022
1020915,17235818279969
1020924,12466272631964
1020925,12378263569076
1020926,1588216924692
1020939,27662285475341
1020940,1486730087088
1020942,23072418786798
1020945,12157710939621
1020949,972482660973
1020950,13366234737820
1020953,11855835823414
1020958,4256625174108
1020959,23553156629636
1020960,33676264235699
1020961,32062399836850
1020967,6933543647988
1020978,28114996050381
1020982,15749314406535
1020984,3035858541183
1020991,12831302237463
1020992,5500320210935
1020998,16538136001678
1021000,17204378545229
1021002,10607246489251
1021003,30398409211983
1021012,18382952380599
1021015,28397853401406
1021016,4174959524039
1021021,23601060858727
1021023,4765121476732
1021025,3432175644157
1021026,19103040406191
1021030,28011838016722
1021032,3437880777872
1021033,482582338143
1021037,2959907014017
1021040,27943334897935
1021043,8304943495791
1021046,21127438255457
1021048,17089203064239
1021058,3977973087297
1021062,6466995998912
1021067,24391345092333
1021075,6420221544899
1021081,7948263045622
1021082,5236410113026
1021084,24849743487123
1021087,24732838896869
1021089,29827774261589
1021095,22223316622775
1021098,12633657959350
1021110,19888581317809
1021113,10582717129010
1021118,7147095911336
1021122,16377732733838
1021128,32168618041678
1021132,32153587043253
1021140,11451404294473
1021144,22462151931501
1021146,30458248069184
1021154,26213196905878
1021156,1903548385817
1021161,10133370292059
1021164,18422296379478
1021167,7000068901451
1021170,12689788361239
1021190,21345997922688
1021196,26991006239562
1021198,8678704769396
1021200,21227321286361
1021206,15942078242074
1021208,23826582942774
1021210,30557817136198
1021220,32690568319182
1021223,4514219769594
1021225,30905546132631
1021229,32749040383134
1021230,27782051645630
1021231,11058198447630
1021232,31216537243115
1021233,4798479057093
1021236,9498195473998
1021238,11026847412382
1021245,26123773269498
1021246,11390866122917
1021250,23006504771133
1021266,300686908539
1021282,32844438821397
1021286,33992481605926
1021287,15282171230271
1021288,28545402233268
1021304,8697161079086
1021305,29242741775102
1021311,16367262781490
1021314,8242944054518
1021322,18549538160704
1021327,18428216348908
1021332,23818204204396
1021336,23251408631135
1021338,24382039215072
1021341,26999656770759
1021345,28834349824126
1021354,17913316811631
1021368,12094968066246
1021369,17697968977884
1021374,3869480890798
1021375,11221914036589
1021378,22614114769057
1021380,25639467230716
1021384,9912427332437
1021389,24633849157274
1021396,7033005923843
1021397,32542065178406
1021400,24997919562686
1021403,6804244928384
1021405,31270522717907
1021424,16204325938940
1021425,26411605700723
1021426,6618014416286
1021428,34259403584005
1021429,1917710623622
1021433,11051548634326
1021434,17028542712506
1021444,33516162570156
1021448,5360623596774
1021449,12658757856650
1021459,20836152595484
1021462,19320022649212
1021463,18817681186729
1021473,26302036904811
1021480,12101691600262
1021482,14767715327847
1021494,15541410382280
1021500,23054982476628
1021504,29038408705838
1021505,32841367379570
1021510,27892801985874
1021511,33512659949140
1021518,12852016431024
1021523,15072576230062
1021528,15387253495668
1021529,3267738470465
1021535,24645297186417
1021551,25796958368275
1021552,11377767980171
1021560,18572236731872
1021563,4341962499468
1021565,16689192811819
1021566,12232606710590
1021573,29882277143242
1021580,7082751206388
1021581,9140955235836
1021589,15063407214613
1021598,1101171815242
1021609,3878062715749
1021616,23043294417491
1021618,26451908187281
1021619,27690232127138
1021623,17364519846834
1021625,3859056952666
1021626,33204484208056
1021630,7286107828534
1021634,7437183786317
1021636,3424416125475
1021637,21432658335766
1021643,16098173370495
1021645,18038313484335
1021650,14349449731893
1021673,15265782919337
1021678,33263142000749
1021681,9939427714869
1021683,20738507775654
1021686,25415147703653
1021691,12504849379479
1021698,13768125410756
1021704,25272659669151
1021708,678293142971
1021711,806771484827
1021712,6890121882409
1021713,2836513236454
1021717,31471747739486
1021718,1747637951439
1021730,32415075682250
1021734,27971044008888
1021737,27262785939695
1021742,14106544555873
1021743,49420495174
1021746,27115286073328
1021747,16151868555638
1021751,19179182889756
1021768,24365343071675
1021769,29586524962063
1021776,23221696275316
1021780,29596888094334
1021781,26333612340105
1021784,20812026747325
1021788,3454342926864
1021799,28667267430582
1021802,28608684102768
1021807,3713698568356
1021814,24374786635823
1021818,6046312492974
1021824,4273309232654
1021827,24798220556222
1021828,33795600299625
1021832,30961511570725
1021839,27771439533573
1021851,8417605702460
1021863,25158892530139
1021868,32871722640710
1021870,17347824782296
1021875,19909490995650
1021876,22320166149881
1021877,6643847325445
1021881,33927215203165
1021882,21707188185998
1021888,29103086408939
1021892,8957785217093
1021896,26693520572726
1021900,27752007867452
1021911,28189208571470
1021912,8002741339638
1021916,7975443173715
1021922,22384857493593
1021924,11016910286671
1021927,15705826898446
1021928,1776465038669
1021940,815931681847
1021941,10773780338615
1021946,8132006440102
1021949,30089539996465
1021954,30201579671466
1021961,16254181643356
1021963,25169638801021
1021964,7099417939207
1021965,17851774551281
1021976,21799695725214
1021978,6993999920913
1021979,9392749062518
1021982,4338119738195
1021984,4365025755537
1021987,4781287921778
1021989,9562995344939
1021991,8799636284271
1021992,19893552412571
1021999,33122913384984
1022003,12134015221904
1022004,5989692249410
1022012,344696471451
1022028,7500661971386
1022029,21175899809444
1022032,14182345814626
1022041,6064784257724
1022048,19224527675026
1022049,32967210270721
1022059,8688813303897
1022060,14487589627472
1022065,16808933161936
1022068,18763722481042
1022073,32079451087228
1022083,19353455901062
1022087,23429795256402
1022096,29478364642625
1022102,11638659209343
1022106,15071623186418
1022107,23042716688416
1022113,2134151909546
1022115,22971504745649
1022117,7681440623376
1022118,25295740416370
1022121,32026074381124
1022131,33098168977490
1022134,14370110735890
1022135,9101296236079
1022145,21582673863543
1022149,17543218743476
1022159,19816780609108
1022168,18037610297468
1022170,13183354426920
1022171,25177606733074
1022173,7189578031900
1022176,3071092587565
1022178,1077581692554
1022179,18736440734641
1022180,255287846839
1022185,881102582085
1022187,18221800631745
1022192,7575883119423
1022203,6636086314630
1022204,6951729465268
1022214,15652778840968
1022218,15367667846005
1022222,25755866873225
1022223,11656476878822
1022225,22236295913616
1022227,22224550733562
1022231,27631796567295
1022238,8128581654635
1022239,26507743909739
1022242,25584552649588
1022246,16120547057692
1022248,33477427545187
1022250,6747983557742
1022259,3100670551061
1022260,7494592983409
1022264,6471904197144
1022265,6010579859657
1022272,21250814158484
1022281,32033994881309
1022285,16776753729682
1022292,18615825115040
1022293,5318556885224
1022294,19229821598261
1022314,5078511498814
1022315,18860349096532
1022320,10684811731521
1022327,13108443815243
1022329,20570970331875
1022331,31418150490829
1022335,3306350383353
1022337,619228314177
1022340,31696664337628
1022343,12810676421963
1022349,6436234363943
1022359,19688939741576
1022360,13910626717890
1022363,22690662100662
1022364,28428776474005
1022366,3174848440711
1022371,11439737930625
1022374,18773526604624
1022380,18604379128410
1022383,26028978105266
1022391,21974137895863
1022392,4146550789191
1022403,26791513244512
1022404,32321424837263
1022410,17912651237196
1022418,29084995832120
1022428,8889421101293
1022429,7565592465251
1022432,18827863570530
1022443,15451618530089
1022445,31554597072996
1022449,4697269350529
1022451,30179323932951
1022455,9204363497915
1022462,34150062729967
1022465,11218456650713
1022471,31185833190197
1022474,15821490368273
1022484,807328294958
1022486,2058052060541
1022489,6220846924162
1022492,23608172194509
1022497,19129546165626
1022498,20575822939356
1022499,1298623270270
1022500,10540717046203
1022501,22828738539151
1022504,24990671843687
1022506,17391672642911
1022507,28764294592638
1022513,16008143206674
1022520,19601278406641
1022525,25459021058977
1022528,8299103054457
1022533,15069575568366
1022535,15954850402297
1022537,18347290004546
1022538,498615021148
1022541,32890895463394
1022545,9179325222677
1022550,17609606578719
1022554,27566624636669
1022558,15119951437308
1022568,4319612252551
1022573,8256558635571
1022577,3830669073572
1022589,23192985518759
1022594,21187715978443
1022595,7799956773941
1022599,24184742538178
1022600,23327301793615
1022606,27549890337317
1022610,12292455599410
1022612,28634977908475
1022619,23411173022401
1022622,15423028166582
1022624,22923426344670
1022628,16193770341290
1022633,32866797635820
1022641,8323470077971
1022642,24510057922280
1022643,27035215427080
1022645,23313281309261
1022646,1980757330148
1022660,14854943750872
1022662,2564598881753
1022670,274202031638
1022677,12715827087045
1022684,8266893139412
1022686,8241991265662
1022687,13071253588463
1022693,16275797978274
1022704,27556743333998
1022705,20639936775756
1022713,14671081255596
1022715,26299855615349
1022717,4346056673449
1022720,11939291176363
1022721,26293766825280
1022735,13544361825162
1022738,30364013408022
1022739,25898888504518
1022751,2103589382487
1022756,19381794499066
1022759,15897046895731
1022760,27058504296724
1022762,11713830748899
1022763,10551577736815
1022764,18341651013593
1022766,45351619159
1022771,8103867196982
1022772,18141616845980
1022775,8785269610981
1022788,354710884805
1022791,34054580916435
1022799,3966028163450
1022800,21117285397654
1022801,26565821800476
1022806,29241446793415
1022809,23028176103109
1022815,6577673232264
1022821,1654932832021
1022824,9533351571693
1022827,25025231221701
1022828,22724271198196
1022833,4691942503103
1022854,24687318692645
1022864,1238921808347
1022865,32996873968107
1022866,25419003728808
1022870,1608795811653
1022871,4094488366281
1022880,11854699086540
1022881,8748463446974
1022887,6434187610395
1022894,18223482533013
1022904,3792482454072
1022906,34237196606865
1022907,23961760080843
1022911,24475645249549
1022915,28084279311324
1022920,28251161333973
1022925,811260565369
1022927,6330671035619
1022928,31391119616427
1022929,26025780328674
1022932,18000979067717
1022939,13602294909614
1022940,23185199395380
1022941,1438859736207
1022942,15986558302218
1022947,32846653901433
1022952,5560279345094
1022954,2246260568107
1022959,15132918932602
1022962,34285212775551
1022968,10746466820394
1022970,12274937607655
1022974,14473545101780
1022975,9658222091376
1022979,30317734743329
1022993,21154244465382
1022995,19530659657296
1022996,15230831832951
1023007,7186131189960
1023021,4930115047723
1023023,19456917017984
1023030,11164796603764
1023031,31649728606568
1023034,17462321315482
1023036,15789722362298
1023047,5828225841376
1023048,13644375555887
1023053,14223927902158
1023056,15727328604966
1023063,13584636280715
1023067,20381336393143
1023076,2305715501350
1023092,10558637575056
1023102,9847069092971
1023107,26758965573725
1023110,12429847930845
1023115,27636448381303
1023116,17668962844907
1023118,16246122647392
1023121,23895213002708
1023123,6980084135522
1023125,4899582463019
1023133,30496235411088
1023136,26622127158679
1023139,11666337039303
1023143,12336231848273
1023151,12251592520717
1023154,34331172754663
1023156,25570376106958
1023158,22168949288462
1023166,20120830991588
1023168,26833461655855
1023170,29041434291812
1023177,14712786726910
1023179,9392981073505
1023181,18891699771785
1023197,27707260111993
1023252,14371736180061
1023445,27264804937229
1023549,27491438556896
1023638,15089364735799
1023841,23401589299612
1023891,7123610007714
1023893,21286209128708
1024041,17913973048960
1024044,19807011060775
1024057,9611871142597
1024133,26874433473212
1024309,5441080046866
1024360,22196307240809
1024403,19288154656391
1024448,16287612621841
1024616,32901508817650
1024676,3363314696818
1024784,24214332031428
1024867,5995215023492
1024905,430106924665
1024941,9335001551366
1024953,11056489952261
1024965,28039653644786
1025020,19237415013463
1025121,51828005925
1025302,18575625330087
1025355,8474043721638
1025419,9186366854387
1025507,25362179199030
1025577,1200948224410
1025730,11633005354006
1025925,12577182039911
1026036,4556890754092
1026077,784173186606
1026110,10096896216416
1026191,13231834609911
1026193,27783629572916
1026197,7404904032818
1026320,15436290051138
1026601,29130408415110
1026763,32692489530434
1026833,21747091433421
1026858,28918121923263
1027017,15373239454978
1027089,25141706110466
1027116,29442384699857
1027176,17260264975185
1027227,19474565872595
1027231,2045787970612
1027275,25308998959732
1027287,21527087462396
1027347,18085984494064
1027430,31840814393439
1027433,31699523528164
1027473,33061400387799
1027486,24684705638150
1027575,27040818819921
1027640,21806200318540
1027653,30871991866711
1027677,8849579676545
1027725,9616135833061
1027750,16336424479163
1027764,9561405026867
1027823,21624352613061
1027827,29799596126777
1027855,9780248630381
1027870,11855073188026
1027871,14448310857938
1027902,91700424039
1027906,13934542993220
1027919,4633814453205
1027933,26618676653637
1027963,34251702619490
1027970,14886488021396
1027987,22403404598588
1028006,16083448169432
1028049,22464902653389
1028051,18212632981316
1028069,1924979035259
1028136,13477054167175
1028240,28534116958355
1028248,1467948899260
1028266,16719006748881
1028269,19983357017222
1028338,29727384715076
1028341,1977372232940
1028364,30645334842680
1028368,12998837369653
1028403,34246785649850
1028421,18762783313280
1028423,23084724272595
1028447,3640013531859
1028448,4940619259861
1028479,10258308604905
1028532,21114533590991
1028546,21616097225332
1028594,26857718559650
1028618,5756477299228
1028620,31741741304742
1028651,19971862707097
1028679,14888725469989
1028717,20338446419409
1028743,1800516757108
1028786,29863301366249
1028788,16298447201985
1028791,14112045537643
1028815,25982832086913
1028863,34326451012475
1028879,5297281118328
1028926,6316239466423
1028976,10367550927661
1029001,24213004882543
1029061,6098510421567
1029077,15021951092829
1029095,29446581624552
1029123,19464740924013
1029127,210022462762
1029141,34341333855251
1029152,30889420725217
1029204,12843052282877
1029205,22128507595588
1029227,4841647736602
1029246,15048435281276
1029258,26952643079296
1029267,4028196638942
1029304,27592398524055
1029377,30853230352006
1029386,1481474192319
1029392,7588637146692
1029404,29995590221602
1029411,24338023743340
1029445,20042746687151
1029516,11849363708492
1029527,32872194756133
1029560,14382744909784
1029561,29988534643701
1029571,20006684609043
1029574,14924663838470
1029581,26017605221842
1029602,21467608670203
1029606,33335896590553
1029619,27713432520701
1029642,31912250937094
1029657,31034960083797
1029661,32176883428246
1029667,22101582274099
1029677,18704692436561
1029686,26014192110157
1029775,15645864736419
1029819,23654984729384
1029822,1984304406746
1029870,10632866585620
1029875,20189115763814
1029905,2893374027459
1029914,11829199701352
1029937,21323503349668
1029966,4227804728927
1029979,29476904182263
1029987,21970939686360
1029989,22648038912800
1030031,20627240756628
1030074,13870262877452
1030081,13153326135035
1030098,12029249237557
1030114,23010810495180
1030131,33093330166385
1030144,28577314033521
1030176,10663612272348
1030196,7044166182304
1030202,32714501353554
1030210,27176071609966
1030216,927005077655
1030265,18253671185960
1030278,34154447573445
1030279,23510903525859
1030347,24143177944142
1030385,5027906571455
1030404,5986406716235
1030405,17430938507191
1030413,26273810185221
1030434,16583070479367
1030437,5149541315852
1030467,19401744349764
1030469,27626959145103
1030480,26751985610341
1030545,22770775139770
1030564,20839788501883
1030565,25869458109
1030607,32008760155111
1030609,22395248817339
1030746,11680056414733
1030879,31140735213851
1030898,22687874788900
1030909,33590059694801
1030949,31252247788273
1030960,12742173355118
1030961,18287511139724
1030962,19613853008
1030973,10733699065361
1030991,3274268104819
1031033,20979278190102
1031035,2263407047003
1031037,6908532278455
1031076,237414798692
1031083,2937206448689
1031118,27287823730416
1031143,30080255002000
1031169,23385919376216
1031178,4055408851347
1031210,28453587698789
1031229,14482557558988
1031235,13423279139437
1031280,24536800100024
1031291,26734391753181
1031323,27205369555755
1031376,1486767908117
1031497,31071605816701
1031513,10018605318532
1031611,30483037404002
1031633,6229475721414
1031646,29403915288739
1031654,31874451082636
1031701,31833219799483
1031744,33442536875960
1031788,21932023930165
1031790,20934166711707
1031802,3745862558764
1031846,5404196220554
1031870,22996297478839
1031879,1425072817235
1031886,17759510438893
1031914,26728886871117
1031916,8900092516945
1031926,2292510179011
1031974,9927185923443
1032000,12858569363686
1032004,6179960336014
1032016,6923338470286
1032024,20637702518997
1032069,2982458586489
1032130,25269826117078
1032197,5034976949382
1032235,17915423721265
1032269,3780365736568
1032276,30326461684084
1032284,14304060234030
1032300,16479368244039
1032337,24081333520129
1032342,944117872835
1032356,14904007230925
1032434,10941625815170
1032448,15324942414671
1032461,17546015631026
1032491,19558619054558
1032494,17742068624727
1032498,26223927901264
1032539,16884862048925
1032546,7675403978658
1032573,31371706937058
1032654,9217283658038
1032728,17691477200307
1032775,2260262374186
1032794,28098970697602
1032813,16800532245487
1032819,8147004343996
1032832,10667454347431
1032858,17206616732527
1032864,24475353586762
1032884,2749849381665
1032887,22894940782149
1032917,20883097108495
1032928,7337263351241
1032937,32430037651444
1032950,1826035692469
1032975,445404972583
1033005,31478913432883
1033022,4265796187275
1033166,3497627217492
1033204,34057011642705
1033205,2576439196177
1033209,5833512161573
1033250,25574152674577
1033323,19394635255601
1033349,5544926407590
1033364,28479808645930
1033427,26503862116325
1033461,4346624017839
1033497,29076331410506
1033505,30279183528797
1033519,28208330835314
1033556,3523420142083
1033598,6255571722439
1033653,31365743062980
1033711,26232694652718
1033767,29548527142336
1033772,13525519379697
1033848,19147606067089
1033849,20705616648959
1033854,3462184781000
1033856,5136947382172
1033873,15235739297650
1033910,22616568687919
1033911,20131924210648
1033963,29552567327845
1033977,32788861059969
1033983,4701634803340
1033995,310164854859
1034044,33650018075446
1034071,24820535938462
1034093,32697074271360
1034119,6243884294954
1034122,9925508536511
1034151,11748859871740
1034152,21625282535123
1034184,16530023729140
1034206,18836984680183
1034250,32326338496598
1034294,11520862986713
1034318,25118363955589
1034332,29369110713836
1034355,25367082056847
1034411,12309748687620
1034444,14918064828056
1034448,4372005872245
1034491,12040245577701
1034601,27415163903407
1034617,24147841793236
1034636,8132652752935
1034694,7526534999337
1034719,9261031329493
1034735,3011928812944
1034749,25969574544793
1034772,12940850733826
1034803,29664194697996
1034819,27869715235088
1034844,33908790151668
1034857,28889751218363
1034878,11021362086560
1034928,19453776157191
1034935,10985730389940
1034947,26873169154437
1034991,4303773005569
1034992,4461084874821
1035059,14781327481496
1035066,15776069869205
1035187,29870462335524
1035194,26046570488259
1035210,26975214435555
1035218,20939823935542
1035221,7382693612248
1035277,5201789287676
1035328,23936119727607
1035391,6410241650305
1035431,23406504424889
1035444,27023706686537
1035452,27422592857700
1035580,25080233431001
1035593,26908987871776
1035601,16736282943159
1035609,18966666274104
1035634,27551259752832
1035640,18021583357027
1035648,33740462639982
1035653,20340826739223
1035685,7439527527938
1035702,9307539245982
1035705,22787281337057
1035710,19941309808835
1035742,1594626043955
1035766,581199551011
1035778,16995741363136
1035784,24650759344869
1035792,1818352573673
1035819,32088827683040
1035823,19575304565597
1035839,548354186547
1035858,18460838963485
1035878,1301433590167
1035879,15455878802784
1035892,6589142218924
1035912,30801787758251
1035915,33858300999709
1035921,25526323737959
1035923,12359712585896
1035927,6033471479258
1035970,10461726903441
1036081,27145525263511
1036082,8289711198123
1036134,9647179939810
1036138,29013499260275
1036148,1081174155251
1036168,17747865931951
1036169,275532823754
1036173,5859031659077
1036183,7063206540453
1036201,14279080569688
1036203,33211725626024
1036213,18376298720122
1036223,17062701114197
1036230,931045687295
1036240,12605468057127
1036248,4218647221142
1036269,17678129155276
1036307,14357181970550
1036311,2787155537593
1036348,14810901163614
1036366,697044933196
1036369,20278182984050
1036476,356898881231
1036489,32146131392116
1036501,9874447350046
1036505,1560346036060
1036547,22813485001388
1036557,9913375212794
1036600,26409552147530
1036625,27679433153800
1036631,24689287497969
1036665,4704397106073
1036679,30294823011605
1036714,1401944876565
1036735,24305223870514
1036783,24368128572208
1036798,28903287222320
1036928,4656038396647
1036946,11347702794414
1036948,6208785528235
1036957,15245669248209
1036968,33012776320943
1036970,5131197524764
1036974,22433120676098
1036978,27746479603317
1036990,15164779530199
1036991,7280171315624
1036995,31267623919852
1037007,32956017306076
1037010,4579521341310
1037032,23061889339203
1037040,9098030805174
1037125,5842292191618
1037137,19007216699044
1037212,22053099432147
1037230,26915152928269
1037256,17073958167842
1037261,31118784472060
1037269,26638960996514
1037290,21725932599498
1037291,14061365151466
1037302,10170597713650
1037306,993384732833
1037348,28647173490518
1037352,28169417118856
1037367,26704898519546
1037386,16986724494775
1037392,4238608493945
1037407,3947855832952
1037414,4519487181843
1037447,4544821475815
1037475,34133631312339
1037479,1668420848805
1037483,27156108664082
1037486,4158397607075
1037495,19000131902506
1037527,20457676524958
1037533,27310831339222
1037539,29417041102691
1037595,7440699332802
1037602,21162986880379
1037619,6298264085
1037633,13699346265571
1037648,12431915237523
1037652,31751712496066
1037654,14390576053018
1037690,16030665315423
1037696,33895200976668
1037735,24182538734402
1037746,28518862525417
1037757,26779062082461
1037764,14705503450325
1037766,16411809200262
1037822,23332062185640
1037832,4881013703536
1037839,28921138643213
1037846,13530521321005
1037850,7521250257182
1037860,5357116630911
1037864,3826388266998
1037882,23021778716032
1037890,14336979137160
1037901,27275492797184
1037936,28523820390407
1037939,7073553186094
1037955,24103174234637
1037965,32294092674626
1037966,14436320833980
1037981,25684477038040
1038003,30148508160860
1038052,8667718183132
1038054,11993869153334
1038074,9027648910130
1038122,34358494095205
1038123,29325951402832
1038144,11958757205454
1038147,24100037178557
1038164,3579011729394
1038168,9228296666931
1038208,11632107242366
1038244,2209779025573
1038246,11041917991901
1038257,24021170426230
1038277,1326979270334
1038323,3519272285470
1038334,25282823429168
1038341,8761130959111
1038393,2465243551584
1038400,28876644469191
1038407,29162144639434
1038426,21354874310051
1038451,20104840152134
1038458,24330890286277
1038470,15642631894012
1038486,28103950932064
1038493,9725396034142
1038507,29879618437239
1038512,1637263070112
1038515,32249753890063
1038532,27835022319025
1038542,9683095188968
1038566,3464222823405
1038590,12139132276218
1038595,3184085950504
1038614,23143551978008
1038615,1681363793947
1038616,7816834248067
1038621,5886682144237
1038628,3666291277086
1038640,25794981862228
1038672,15043549538768
1038673,12165918988506
1038676,21105889648091
1038697,7009471047902
1038705,4287839804290
1038707,25182197466191
1038730,17991043629333
1038733,26608811079055
1038740,14001906949433
1038759,8745748121060
1038772,17118144141008
1038799,28252206288364
1038819,25229208454971
1038820,15988587046292
1038826,2109835689948
1038834,7871263950687
1038835,33682693610649
1038857,15041223787706
1038876,27940473769360
1038885,19976180044155
1038886,25561871517805
1038915,22204005710738
1038923,12167781863828
1038958,7841099772071
1038961,4856304716616
1038985,10132212238290
1039000,22450856461294
1039006,26087595600702
1039018,16264363146866
1039051,7310416436304
1039073,6109283873295
1039076,4596424551718
1039088,29499262171027
1039095,32501815558391
1039128,3427006170554
1039156,30991975296936
1039164,10193080418915
1039177,12931300441568
1039200,33054717158062
1039204,30655435130019
1039229,14119074818127
1039237,25005735014097
1039238,21115416617544
1039249,31353173999833
1039257,19618364819819
1039278,30295713310098
1039288,20691371204298
1039291,31460584474474
1039292,16355652443244
1039296,21570721267336
1039300,31545147862803
1039301,8391799956179
1039309,2719793688569
1039315,34072313625241
1039324,16392135634004
1039350,30867925575241
1039351,27965400982221
1039380,9643510959431
1039399,6900572885475
1039408,21561648279223
1039439,3509120488522
1039484,2865169323084
1039486,13433100711674
1039514,19948577058169
1039519,22224565255476
1039521,31742771436418
1039533,11786555001377
1039546,22059915108858
1039548,10699343725859
1039558,15745687978352
1039567,19227797690968
1039579,34281285161941
1039602,3359829959689
1039626,15100585575272
1039634,142512240513
1039641,5371872097221
1039642,30609322482773
1039650,23573290258281
1039665,32766746649736
1039678,25898358392762
1039708,24066118667559
1039729,17932875812344
1039753,7818707332302
1039761,7800799409864
1039813,20212359515432
1039821,18111995182929
1039826,5642929478753
1039828,24920793171138
1039841,14625309962684
1039844,50422890069
1039847,17245336843055
1039853,8478872575582
1039856,9933500412793
1039972,28271163289496
1039996,18109198406177
1040008,33901543907263
1040010,15021963989076
1040066,23306594922764
1040078,31114634606269
1040083,3424346015145
1040119,33679783532690
1040124,32391000430051
1040170,28135642255729
1040173,21491071633570
1040182,10637592845275
1040200,3992200350795
1040236,6154092684002
1040308,32249916737139
1040327,2440651662170
1040456,4971382256276
1040474,26053222940932
1040478,27498689177734
1040479,10847286069980
1040487,9704071121876
1040512,17279161776977
1040520,32201402201584
1040532,29283733343479
1040563,20627411799791
1040574,10066669855537
1040575,23325179697640
1040596,23323521876311
1040628,24657778038387
1040631,7366745853043
1040641,25054987544501
1040650,28378195081127
1040687,26222814824164
1040701,33326171893633
1040705,20489824903348
1040751,7656155992260
1040780,27119430685627
1040834,14583855086269
1040883,5684521637157
1040904,30000927781276
1041023,18938618361760
1041030,25724961750827
1041075,26980102104527
1041118,24003893118596
1041143,28408247047464
1041158,19619923295028
1041162,16562946565729
1041175,7589644938471
1041206,429393460192
1041211,24474087217636
1041222,23203093305557
1041243,21902030886955
1041272,4039077742408
1041277,29041370346762
1041284,21188765974541
1041292,3865903769503
1041295,28350244715004
1041357,24010480109375
1041462,5736705015542
1041472,1952947236882
1041499,6889892776059
1041522,22918817327475
1041540,24058024399213
1041565,2055539608435
1041632,30851070046339
1041646,32962895410110
1041694,6057501011517
1041707,25689039461776
1041710,26014957486081
1041728,32859081557694
1041729,10329575893285
1041751,12479124195827
1041810,8106654847948
1041846,12323632821883
1041847,24399499972006
1041886,19597390554381
1041916,27854884066205
1041956,20410476120774
1042053,34179308188178
1042079,18769391622636
1042082,6561989721950
1042108,7422052321186
1042113,6287978554922
1042198,6563467539631
1042230,11560205468138
1042235,14265251897013
1042256,12072548988912
1042257,4098984107125
1042290,13225270707060
1042297,8385622913697
1042305,14160966208366
1042309,28383936739666
1042318,29358322412727
1042327,3683860954705
1042350,15040993277897
1042357,6095080875141
1042358,5016670490328
1042364,7314328713747
1042396,6662217906343
1042427,30973337354182
1042434,9847458907423
1042828,18339592774333
1042978,8074681614722
1043094,19274752706743
1043109,12123404988256
1043121,11362618996079
1043134,14721761195468
1043135,20554490576325
1043143,8713092129348
1043166,13298495912266
1043173,32180036065577
1043243,13229468071167
1043246,24560998812487
1043258,2968644467761
1043262,11539955390302
1043311,2471332653990
1043336,14996725745454
1043391,6883381000677
1043407,8715387143448
1043413,28871288721092
1043427,16102030369034
1043477,5032049147188
1043512,20038360868736
1043526,20036514579507
1043539,3206016371342
1043610,8596342866488
1043619,23323889856441
1043686,32491774298830
1043698,29612593395768
1043716,29117461458349
1043720,496454899741
1043726,3025074206505
1043728,8086926603348
1043737,15252749805333
1043749,12347810574780
1043805,1475374967144
1043833,15644917219384
1043864,5210311070470
1043871,404316912416
1043913,26052332451974
1043928,30797695787828
1043939,32825848765390
1043940,16179432530261
1043962,29500159574253
1043982,20265496859140
1043987,8495919020655
1044016,15818476449307
1044023,5821326200020
1044029,22529040025526
1044042,23545722362338
1044053,23259139137645
1044056,20901864086458
1044098,6266194769098
1044113,4001730384433
1044116,29757806084708
1044126,16372697547960
1044129,11707307695525
1044159,4866695148640
1044180,25880340549884
1044185,20995070397383
1044204,27948604340785
1044230,31334484915345
1044233,4846544307203
1044235,28081890464913
1044262,24104690115799
1044265,21501953699906
1044270,3694060689034
1044313,27936031412477
1044318,7497377246310
1044323,17784575127419
1044327,19956275001676
1044383,13783540511369
1044391,33460234613358
1044395,7701670833008
1044413,18501505471624
1044417,29969334862158
1044432,15998705750323
1044435,23883325120722
1044448,33689478004609
1044456,21261625674405
1044471,17820291114148
1044498,27750351948025
1044500,14452982859604
1044501,26472625674208
1044536,24152050357552
1044572,24961421844187
1044576,7726938580532
1044588,29807722103119
1044594,30337957977519
1044601,21257324351849
1044638,32608483422287
1044640,3296118305860
1044661,28624921938121
1044671,22689035507434
1044673,33220290902593
1044674,4580266023278
1044681,2345189424150
1044692,17872529982403
1044697,26675526386229
1044698,7224760774990
1044699,22940388329796
1044704,2766366494681
1044719,8430408454878
1044720,34090503450462
1044745,3202167313847
1044776,8123260674859
1044800,21600174405303
1044807,10398355588632
1044822,17050012210095
1044827,23665506784429
1044844,3564266375754
1044853,13607563459605
1044854,6288874074539
1044855,19361577843929
1044863,5271903333493
1044948,28206080851302
1044949,15166203273845
1044954,30276942610119
1044957,5879226446896
1044964,9828204788282
1044986,12865517024198
1044988,10155962967077
1044998,34322661592453
1045003,11402045529651
1045004,27238151543024
1045024,3457763791626
1045045,21821334707339
1045099,22948033511651
1045154,28210123186903
1045205,10314429038314
1045219,29917656614218
1045290,23831582633666
1045319,6659131932324
1045412,10475212769737
1045426,13308433540990
1045534,31599610331545
1045541,14990770122869
1045693,2474036322056
1045709,16217872504576
1045741,9841075307868
1045828,30892324826334
1045890,6034554181285
1045910,26106757941216
1045951,15621057896138
1045953,11657461361220
1045956,12102846799483
1045959,2042787888190
1045965,25007645345629
1045972,31479997451883
1045977,30485810183719
1045981,17324122352127
1045988,25032413084656
1045989,29377291509017
1045990,2382113428097
1045995,19356790595499
1045996,21363793666837
1046001,7801622269424
1046002,19242046592853
1046003,32306364645579
1046019,7120068524701
1046020,16315689035702
1046033,10357741997384
1046034,31358148788494
1046038,21707030043975
1046046,20893331854579
1046053,31283455988080
1046055,30566400799159
1046059,23070581031913
1046061,13060087848291
1046062,11069719536239
1046067,15577674441558
1046075,12974085113139
1046077,26796243366639
1046078,27880331652211
1046083,25316960769448
1046084,26852782557927
1046086,33567056814054
1046092,30309481957386
1046093,15457064194701
1046096,30194240918289
1046102,1199681383453
1046103,20635291365037
1046109,20598175249058
1046117,25055104675164
1046120,22392854944285
1046123,10281291700622
1046125,12446073830419
1046127,14192829027388
1046142,33538731170318
1046144,5208262035208
1046147,25664150158569
1046149,3322166957398
1046154,4603252156365
1046155,8695612090723
1046158,2238313973465
1046159,19088442635937
1046163,10142279616499
1046166,10441545554293
1046168,6437208232404
1046169,1521090801896
1046173,2557894646503
1046180,30197774954298
1046182,11162638831256
1046188,30009768192053
1046190,31170595041491
1046195,6781435306959
1046197,31763845490305
1046202,19130601981373
1046204,31026377669060
1046207,12975352112045
1046208,3093353659842
1046220,29258956191501
1046222,32670684071763
1046224,12224087458205
1046227,31179647468801
1046230,26805271301476
1046233,25296566148786
1046235,11811590312508
1046239,11167971650004
1046240,1720692446058
1046249,12736020800241
1046253,2226156186334
1046258,22248388821942
1046261,31914735257025
1046270,4886879097338
1046271,15239370330296
1046272,11860861397875
1046273,2194813172248
1046274,4834234441418
1046276,3804871927768
1046277,19548686272873
1046280,15646273326756
1046281,14237566148510
1046288,12869845649133
1046289,4588215634803
1046291,16790478782861
1046292,26073120324768
1046293,17785889872002
1046299,22006658312062
1046302,14395198378737
1046303,746642945311
1046304,29603984646873
1046305,20558591296802
1046306,17815107794661
1046312,13058771451836
1046316,4011112018486
1046317,25535368115210
1046318,20481426952413
1046319,25587320610116
1046320,14022408679549
1046323,5331556001935
1046324,10114199632618
1046325,27826110321687
1046326,30402206498440
1046328,22299348442007
1046330,1419647955008
1046332,10628108572711
1046333,16880614863245
1046341,3966467085950
1046342,7216085638132
1046348,31390344556445
1046364,20387838852473
1046366,13801499353325
1046369,11927657025404
1046372,20267539504207
1046373,25657478837495
1046374,24910128951134
1046375,14085017387746
1046378,14936406553107
1046381,17818868698833
1046383,22014702920351
1046384,8603056065977
1046387,24460593066967
1046389,19212253651368
1046391,28216732130105
1046392,22914520399463
1046397,8690647840548
1046404,32870016354471
1046405,33422105408768
1046411,10028370418859
1046415,8608454032553
1046416,33723953058729
1046420,8865833823492
1046421,24370767937681
1046426,29890313275940
1046428,31922222348439
1046438,24102662173241
1046439,33007139757842
1046441,32022296663381
1046443,29669828152774
1046444,11194295656891
1046461,17266312797757
1046462,31413261041203
1046465,25687781910516
1046466,29309561464929
1046467,19504434797492
1046468,4126756235292
1046469,3285889699581
1046470,15462575401507
1046471,17883733870941
1046478,29949431130277
1046484,11303598457262
1046496,27087099141180
1046504,1223126107997
1046506,5510276135849
1046507,15134314098754
1046514,32949182738647
1046518,26200166317742
1046523,28424082475752
1046524,15528277185525
1046531,20600179179697
1046532,3672827037830
1046534,18068705027221
1046536,24487651404034
1046539,26169356407999
1046540,30063854011051
1046555,34205174142205
1046556,6746458656448
1046630,10568839248689
1046670,8126357003311
1046699,28220771586760
1046818,25974944219724
1046979,646763060283
1047050,10978204728944
1047075,15451074699502
1047222,4554886282102
1047370,17654491771814
1047402,12164778123122
1047417,10215839527767
1047422,13777626371779
1047434,5835491825820
1047489,6221316757759
1047527,23781584541103
1047622,27677254082317
1047691,26814763863799
1047780,28129562576865
1047833,11174691646890
1047866,22115897225648
1047927,30093595547440
1047975,29889973574702
1047993,3530020608463
1048030,8806341640234
1048051,16936887645829
1048174,32150381351041
1048278,17794731141489
1048401,31189760097109
1048620,27590159416454
1048623,1460661965961
1048624,31190224660005
1048626,25020568594823
1048631,22221602080369
1048670,16074901498164
1048691,2574070367501
1048695,14291952667906
1048697,26480067790047
1048703,10740760683311
1048711,31304384645155
1048721,9355574910608
1048725,26141068148918
1048728,15781215384039
1048736,22285280267494
1048746,2108884544206
1048747,21744002086139
1048751,2794833301594
1048759,25944786956927
1048762,28974151346476
1048763,28517793392400
1048765,29524773798801
1048766,4872769825450
1048767,18324030056424
1048770,25209310919680
1048771,8006842363769
1048780,4979606377886
1048784,22335925922840
1048792,5660213590136
1048812,27899516119151
1048818,8055126182721
1048826,5870605827074
1048827,24327150111169
1048835,13661521766963
1048836,4154134753959
1048837,20879580434746
1048854,7852445111363
1048859,22534540695387
1048868,29719378254143
1048874,15105160702032
1048886,7010443645322
1048890,6484149097828
1048892,3289232799808
1048905,22625143327350
1048906,15248057458920
1048907,13462171951273
1048922,16270124388146
1048924,2399513944651
1048925,6955102198745
1048935,23622706225558
1048936,17569654419339
1048942,14924067871125
1048945,18225818491428
1048958,13656201730257
1048962,8167814949433
1048969,13270953951259
1048984,26707360729622
1048990,28690677354894
1048991,4845065688062
1048997,11180777452780
1048998,29654659089641
1049003,33145988006282
1049012,10038368549253
1049015,6591447130424
1049017,994305200476
1049026,1087436806211
1049027,3863844384504
1049034,21583549489572
1049055,3894422001083
1049073,976224640655
1049089,20306289456957
1049093,12491917413372
1049094,26805785051554
1049100,18714221628917
1049105,15706185735105
1049111,1643215483768
1049116,18419113259040
1049119,22811467344549
1049120,15788029002761
1049122,22321083689495
1049133,27142623435036
1049135,21041376748331
1049138,17793095066845
1049149,32728808156567
1049155,30252021060447
1049163,14368120277831
1049166,13670465263495
1049171,23554534287874
1049174,6544595224728
1049176,6891058447290
1049180,31694674875389
1049189,24986874324177
1049192,10188362928049
1049197,20919088835246
1049200,27529286298255
1049201,19947969818885
1049203,343657490675
1049204,13723695775720
1049213,26524816371306
1049214,32626690597634
1049225,31720148419166
1049228,31705064589365
1049239,12298525477948
1049242,5246762419571
1049246,1771018536648
1049264,15371346437291
1049273,15875598584613
1049275,432489822123
1049279,28430154978681
1049287,27336570893545
1049290,14264230066381
1049291,33448619764838
1049293,23843982415447
1049294,30313224544680
1049297,1653295310165
1049301,18154398557725
1049310,12357935960951
1049315,8807225916303
1049317,6812940796858
1049318,4561235975463
1049325,15010345900186
1049340,10556308480444
1049341,31861489898180
1049353,4918798003977
1049354,5869831638695
1049357,30683474207612
1049358,20224035580116
1049368,28533369743072
1049369,21156147328736
1049372,17699312946526
1049394,25819588652496
1049396,15536197483078
1049402,18233015723176
1049428,29401726778468
1049460,7441912573332
1049463,25521656893813
1049465,4470361638470
1049467,9750945150988
1049470,15987549439731
1049472,21403013219620
1049476,2935772565833
1049479,9235231886311
1049486,565088894691
1049488,29506261785985
1049490,5026288100586
1049499,21484058896067
1049516,18633932047729
1049521,4674230787267
1049527,18782041273911
1049530,8343940708188
1049537,3878009801458
1049540,27305633852683
1049542,25748023490962
1049547,9302817781891
1049554,19032861562681
1049560,8284110810511
1049564,23671932649254
1049565,29433880872969
1049573,27516482495700
1049574,33773250277667
1049783,13815768770275
1049862,30047006070713
1049884,18035288736811
1049983,17465630137624
1050171,9734449952760
1050177,5437323483396
1050179,2448533629009
1050203,12820707377068
1050210,9943827353356
1050218,33959580308907
1050235,15340238746061
1050236,14858934092493
1050252,13235079508449
1050255,26848857534634
1050260,4710388250784
1050262,9817978515182
1050264,16028732421403
1050265,11176769040709
1050286,28129441708474
1050290,22302796918680
1050295,4129198953335
1050306,16120182770273
1050323,9725531787942
1050341,23403603288219
1050344,5924793051491
1050369,29504606247517
1050381,27291169762217
1050384,3886547020109
1050391,15502113357354
1050395,1625423571230
1050399,20359173802138
1050420,11670714965661
1050438,31502835803450
1050443,6502148339478
1050448,4989444228724
1050455,7681981448960
1050460,5204842423587
1050472,9503235224792
1050482,31673388762575
1050485,9317012051994
1050494,15517879853238
1050507,2392538956792
1050513,31485241916965
1050517,26186638371956
1050519,13075108117092
1050524,20402279998057
1050534,2350095616851
1050536,10479756199988
1050546,22450061006528
1050567,15187821682774
1050574,17460987345812
1050575,33064917796553
1050589,24444598681244
1050598,10221455199854
1050614,25312117110846
1050623,3120895876511
1050635,27118395099049
1050653,33331114246563
1050654,4915831873247
1050662,8759404639350
1050665,31412344907369
1050666,19604798589501
1050684,32138915746579
1050689,6301280221572
1050718,33778670850863
1050731,23401636316042
1050765,4041682730882
1050772,22828903111420
1050778,28467831165523
1050779,8468658564990
1050783,22248790000203
1050799,9198888821374
1050808,24421805374475
1050822,13118210041550
1050848,4979693897221
1050870,4815850618326
1050873,9926985740382
1050877,19515640000062
1050900,12310720009608
1050904,1940724537683
1050906,16106491830499
1050908,6126475614276
1050915,5072197668092
1050917,20714524842005
1050931,7202875615028
1050943,30012278312195
1050954,4888711591517
1050955,23538135312046
1050961,14195493400977
1050968,28612190218068
1050973,3974306641899
1050980,30816958528707
1050983,23877426134756
1051001,31461223598313
1051003,27389753115163
1051010,14555847115199
1051020,31025782679586
1051022,24022865198685
1051024,4703213571936
1051031,32575733208895
1051035,6913341906252
1051039,14049168389908
1051044,24996495706121
1051059,33403683003990
1051062,17638938260575
1051073,29311458413472
1051077,32377705070601
1051082,9458549218957
1051114,18618006595790
1051132,9939119147668
1051141,14584397168380
1051144,2496044887585
1051156,26086652735849
1051161,25516858688174
1051171,14220790649549
1051174,13995784917218
1051177,23054071308178
1051180,25359630793261
1051191,4053223401087
1051212,21395395280816
1051225,12800101189628
1051229,16924301321776
1051234,24704866069545
1051256,5018020817297
1051258,16104787060645
1051263,21783368216481
1051277,3649371854521
1051286,32631892168608
1051318,23623523175884
1051319,22322561583831
1051324,15387518278725
1051328,17748280091293
1051337,2595628108995
1051342,24080116944042
1051352,20653471878687
1051359,24666274140443
1051372,11819557857885
1051379,19526871914006
1051392,26542582847477
1051393,26242645223510
1051401,28542291742185
1051411,13367855069044
1051450,32227961656185
1051475,7852045686388
1051482,8352300690562
1051483,11792290484958
1051492,30100330935376
1051498,20879256401794
1051500,21337337778468
1051502,27581710706613
1051504,34072063510757
1051534,12849961617700
1051555,8509980454425
1051573,14728780241317
1051579,24535284446711
1051591,28254700623995
1051597,14446001015655
1051599,5546789140752
1051602,24565613156428
1051609,7443995302937
1051613,20351275408787
1051621,15843680101112
1051627,25975337007754
1051632,17841362612182
1051642,10775507682610
1051643,19628541904960
1051650,22004212120050
1051652,21164357410380
1051656,6478436821530
1051664,921739924848
1051668,18458713705549
1051692,20612857942592
1051723,2642027272923
1051726,32179634894108
1051737,1131984592230
1051748,31045634246268
1051759,15285727565152
1051763,30621110028126
1051765,31861507604403
1051781,20003782484368
1051792,32771282259535
1051817,29997602562976
1051857,32652300068091
1051885,23446251229225
1051897,25901748183792
1051924,3708131111909
1051926,10161900725141
1051939,14452082215292
1051941,24486876333295
1051967,1178996928228
1051972,10483947025253
1051980,21140195097932
1052001,25846357035270
1052004,27872327899717
1052006,23174841259258
1052025,24086022737632
1052040,28057680497497
1052046,10305425482752
1052054,15457015128552
1052057,29535738250400
1052076,4761906718366
1052079,29888074953622
1052082,15942448292595
1052092,13193350624669
1052095,19611167717402
1052100,6215653612501
1052116,13334721081710
1052121,10357502294308
1052133,11671083107964
1052143,14558052195285
1052150,18464337429806
1052153,5864355424870
1052157,4062327653450
1052163,31583563372072
1052170,29508488316050
1052185,6695013455563
1052189,14832209530153
1052213,3322682632426
1052223,5051176214999
1052234,4431995928019
1052249,28483276594988
1052269,14965891060292
1052272,23644950548237
1052277,21279049973408
1052282,20876405005375
1052326,8791782644269
1052337,33965294368758
1052338,23459494662371
1052341,23146301509278
1052358,29263925313509
1052399,12255993141535
1052404,12706468280521
1052417,31617604086257
1052422,25538395437172
1052450,22918170541635
1052467,17821915936631
1052478,20118590846910
1052490,24384377657592
1052500,3712818272083
1052503,29042780932635
1052511,2421507201909
1052519,33796699806365
1052521,32157256044635
1052524,7774096101066
1052531,4723225895456
1052542,24963512398189
1052555,19237400067477
1052570,16777114917547
1052585,28129125053853
1052591,3067465120764
1052594,3468933009500
1052599,10528840401474
1052644,17193578218014
1052698,33040194021313
1052699,23602390972065
1052711,27664917675068
1052719,16891909725640
1052721,13936512806346
1052736,5643669647123
1052762,29801980924331
1052768,29634779056783
1052769,28472112543644
1052773,32159286406183
1052774,31050016917528
1052775,19848191329523
1052795,18026639349492
1052889,11530273910089
1053141,18643779662570
1053249,18917763930479
1053262,21552399888080
1053302,32567891386767
1053403,33893722441712
1053596,10196017782015
1053817,2738539914211
1054904,23538646856367
1055018,3080319571117
1055283,9836935442564
1055287,6276712558216
1055293,17418148136719
1055303,8423453340790
1055326,5936001222877
1055332,23200776840896
1055377,14027573760248
1055383,19526569906976
1055394,16598432225175
1055401,5175282737570
1055512,984952357698
1055550,28090559187456
1055570,30048116075964
1055575,18612423241459
1055589,7223427139953
1055600,30151273162551
1055618,22275454927948
1055626,29721517690068
1055629,22341704526483
1055649,26183883613833
1055682,32897600784785
1055798,11237358896755
1055813,13217654857631
1055845,14287793597846
1055860,24791335196713
1055861,11025024380222
1055898,20757786252936
1055906,32997299067056
1055981,31135432860782
1056038,24532081461146
1056045,2895367793445
1056062,1111217694481
1056083,7709911387861
1056100,10647716552813
1056110,19547683566130
1056168,4376399324811
1056190,19655028636887
1056215,27531905799187
1056218,895012865290
1056248,27141660788777
1056261,31568306409914
1056292,256405729350
1056303,6936587128533
1056324,29864397773706
1056352,19339391482878
1056383,13808031796296
1056427,1288759814605
1056480,16633158683148
1056494,20463904923489
1056505,13515969594131
1056536,22677349022366
1056554,25580413094480
1056597,18160654062037
1056600,24783642769494
1056631,29396649074956
1056646,13155953585713
1056669,17841378352840
1056690,24151300118016
1056736,18792618529708
1056744,3148517208204
1056746,30391428670300
1056790,13896819496828
1056809,32662378983348
1056815,27644971282170
1056829,29565065697228
1056835,13876983004142
1056841,15115208948006
1056875,28421844898077
1056899,5406585829063
1056927,30900740659392
1056960,19513266464050
1056966,20899847130428
1056967,25822651979013
1056971,119296565298
1056973,12065838338567
1056985,9886839517155
1057055,25821114731018
1057059,1597504246378
1057076,25473730412346
1057444,27208077684996
1057611,9208238285352
1058400,29440141189609
1058453,20571880438874
1058688,17169792912515
1058778,7518509598481
1058805,4782714475582
1059135,24204227046381
1059746,20220880366297
1059862,13526254635684
1060127,1671917787649
1060388,16695454233634
1060573,3401077894171
1060798,2626850191080
1061135,11531722217942
1061493,5038324304617
1061892,25236400553192
1062196,33217795836668
1062276,33013250831093
1062329,6580885995303
1062656,33809867872572
1063271,3772908687798
1063517,16229526812998
1063674,11227784625503
1063679,9862296094748
1063768,13671373209481
1064013,23539075635842
1064141,855369111972
1064150,8204464653836
1064498,30844416227582
1064780,14726129558706
1064813,33431527549570
1065540,22695742087914
1065574,8141438415940
1065617,13700350178836
1065808,8953996977922
1065859,14847218719409
1065886,375189668942
1065896,30873346114260
1065975,6379097231429
1065988,14758720584544
1066005,21906070449984
1066120,26448269365194
1066313,10561681405155
1066346,12042693242805
1066385,29295998324878
1066419,21317705653895
1066424,26959728920185
1066451,32669137515143
1066469,33016224153225
1066518,11345850778181
1066520,28424691688144
1066541,11701342077421
1066608,33349405195619
1066750,33057533685447
1066776,22839985897518
1066882,32271562926849
1066978,31974422490876
1067047,11963474252772
1067207,9160735205831
1067266,31416454375946
1067352,9213592996629
1067385,19274490172496
1067547,22054158007945
1067572,28923876786176
1067590,21529442683856
1067681,27195011901740
1067692,5216803374167
1067696,12634553070887
1068913,28353712101242
1068931,2820755221913
1069120,7827404690669
1069183,20007548027138
1069256,6065324116937
1069269,27424661219783
1069312,16987065115328
1069347,29256661345996
1069358,2491529538199
1069359,16656172095833
1069365,17626665807281
1069420,25371756866335
1069429,1334760339659
1069644,16651112728506
1069728,25135213187671
1069737,34191786179941
1069757,29579823390149
1069767,28721798183420
1069822,3331476691511
1069876,22823831648095
1069904,13364243237289
1069920,9846905015673
1070101,10795423582776
1070247,25095555230317
1070291,1754629431266
1070331,8638797261210
1070409,15172946274065
1070424,22707153769439
1070475,11912104915723
1070478,33025623886306
1070571,11668713956567
1070714,2994974697136
1070747,15524409541558
1070779,213630337271
1070803,12541658912974
1070806,32982670316093
1070821,15926640422316
1070827,33462671459270
1070864,2413741305845
1070924,18126301144978
1070947,12528449601312
1071012,21134695867096
1071013,649485382056
1071082,8539979468154
1071154,29046056092979
1071204,10276135726971
1071225,10187432574316
1071229,33346283479760
1071308,19861611962692
1071322,6443685074546
1071389,27810864365222
1071429,12116548435086
1071456,10795754503402
1071551,11946061836406
1071554,16864477699459
1071562,21830968285337
1071594,30041598319213
1071655,28633455085470
1071660,11234389080737
1071663,22772814505545
1071741,11577454449054
1071833,23481933819098
1071873,23942698525964
1071885,16704554720727
1072039,18117958048205
1072047,17268739134594
1072099,15880480079476
1072102,4616818944454
1072132,26841362512862
1072140,13016515104847
1072151,26054314201623
1072172,28764387185563
1072224,9541465173412
1072273,3501883672195
1072301,27499337146284
1072350,23819105363442
1072363,30688637505525
1072420,8498753395613
1072454,21356069945385
1072502,13207607938115
1072547,24197994955043
1072557,3789801189350
1072613,22137850591027
1072628,4723926311891
1072698,8228210586554
1072849,31635466766252
1072942,15402166129405
1072964,30930845450772
1073016,7086305693228
1073041,23857993559182
1073051,10834757229608
1073110,17220557953955
1073149,16126085467917
1073150,10915724265254
1073197,20716481579300
1073238,31128659658670
1073262,13813784252155
1073276,26000499876486
1073304,12263213883105
1073341,16914473979065
1073356,10809578344521
1073378,27904037514904
1073401,18869680949574
1073442,6325439454601
1073484,24914183968613
1073549,28632324077924
1073621,912719975174
1073631,23464168910230
1073772,9652200308554
1073876,32346429506788
1073923,28691450055043
1073941,11416049173041
1074052,8609710998919
1074072,25000541630871
1074087,31412866559190
1074130,15213506812553
1074142,13162551261158
1074152,1943452969313
1074182,9636824896259
1074279,20438654716255
1074280,143405646639
1074379,25282033433660
1074437,18032466039227
1074443,5834424762732
1074468,26902935511887
1074480,7689662176547
1074533,1022278105970
1074594,11970953518750
1074598,15089284961709
1074600,3007891146329
1074727,7337174508940
1074746,33648807172872
1074820,28287951101814
1074849,24994771776510
1074863,27368742760030
1074968,24866771944457
1074969,11311550280300
1074972,32536139039498
1074976,22659275681709
1075015,13360392146008
1075112,566585386852
1075125,20974245323761
1075164,32096022396931
1075207,27058589330794
1075289,17379679642967
1075299,30109925386645
1075331,3221897065412
1075334,24067626241463
1075403,18037145987731
1075427,26291537133517
1075446,9751500361649
1075461,26006727264972
1075506,1298766954914
1075580,28811774367117
1075583,22331977593491
1075655,7514794463913
1075670,13585277018465
1075737,6735097233546
1075778,10768647284746
1075809,16353290945653
1075824,28893938961332
1075852,27870582341982
1075908,7830495746850
1076024,20766404003837
1076041,11564047770863
1076046,24521218414941
1076073,21241671224281
1076107,26079272518143
1076114,29082187211620
1076133,3331201148040
1076171,29773329864056
1076294,3558534194567
1076323,4214788846576
1076331,10917136395152
1076354,6983482756029
1076360,3414898938645
1076361,27016394015066
1076432,15208053774718
1076469,15823578392099
1076518,3095634202557
1076530,13355995117119
1076600,28693808495951
1076612,19887826573967
1076626,23451138257115
1076632,5406124068880
1076640,7754454309027
1076641,9021999182949
1076734,3275737073331
1076741,19130167571628
1076787,24961261197406
1076795,15594652152313
1076852,27817597858596
1076873,23345168313411
1076882,30691149275528
1076929,22092446013773
1076952,31142584716964
1076962,31551242064861
1076973,32543724613431
1076978,6694174057365
1076981,19836503203612
1076996,4856332311709
1076999,28969252308159
1077001,7969242154655
1077012,20575395464470
1077016,27938250336945
1077018,32277975737550
1077020,27826147593072
1077032,2993778188576
1077035,28927208798536
1077040,18411444260504
1077061,9900401412337
1077072,6148528965084
1077091,82348111879
1077097,26676808501975
1077133,19836959126559
1077134,8307075708780
1077151,24606907188094
1077159,16102900245957
1077167,31594252508908
1077170,10825391583254
1077196,7867736339067
1077209,8364612908665
1077229,25250524353576
1077240,29438248624030
1077264,32262283630297
1077273,7549660312901
1077284,26156027472537
1077286,22326064832199
1077297,22305771905488
1077302,32742763162078
1077323,19063649944952
1077329,11606883630535
1077337,4006655455714
1077339,26167421346019
1077347,26405618991142
1077350,21711222981865
1077360,31409965623271
1077361,26835863103482
1077371,23613312545366
1077389,28080574733525
1077394,31449082320074
1077395,26166289915306
1077404,518280497725
1077427,28679425206840
1077450,21428639929065
1077461,6009178096941
1077464,31146629337765
1077472,12404096686100
1077487,22556529642697
1077502,2675328537015
1077513,3276784521893
1077522,21343740811360
1077563,7842135072299
1077568,6902101731060
1077569,10967698970808
1077570,33641631216911
1077577,25725557594021
1077583,11822011462472
1077585,14021777146773
1077597,796733895299
1077604,4989735130006
1077608,1507145755920
1077627,26869480670466
1077629,19198889550990
1077631,2717576955202
1077633,29170109231230
1077642,26500381001792
1077654,8858159273711
1077656,22685743461685
1077665,33453589029376
1077678,29033386905952
1077697,9061095998641
1077717,32298842745775
1077719,8965966386319
1077735,8888562548802
1077743,17050212366398
1077750,9032434487385
1077776,6915862344110
1077781,30549228881887
1077789,24807109186913
1077792,14529321708570
1077807,7458194111872
1077842,20365922402039
1077848,33957392367370
1077887,31830388524951
1077892,2835151002943
1077910,19194712425156
1077922,12906628550093
1077929,8534523102447
1077943,29427995048651
1077950,8539500282855
1077956,18779748641078
1077970,30489845240870
1077982,23050053832065
1077984,223720977787
1077987,18547930553763
1077994,703619729012
1077999,23713274166665
1078001,1680657423420
1078005,16148345771925
1078022,8862681235594
1078023,6790120585323
1078051,1086362045959
1078052,28011616121934
1078073,1557052610847
1078085,3045490406576
1078086,17646402433527
1078127,13999500738529
1078130,7962989063538
1078147,1710418599978
1078155,33214007576553
1078177,20754754503195
1078205,25081482188203
1078229,27293693414153
1078332,13740031812529
1078344,30522782009822
1078429,31941625543963
1078454,33132637650232
1078483,6334928215590
1078491,10755076695940
1078505,20244634379098
1078557,11614327653651
1078565,5445067364423
1078666,9726473423978
1078735,16933256949548
1078826,13793236859977
1078832,16261077505935
1078856,2116919198878
1078889,3876549067247
1078892,22446829757234
1078912,16764799783782
1078918,28095729272968
1078935,8089912664458
1078961,17746127513905
1078999,14846577601736
1079044,8389982206642
1079046,4548964705208
1079068,15318166993024
1079092,1969593194215
1079098,12240123387796
1079108,19166251521102
1079194,19471091257326
1079210,5397682237512
1079266,5046897702486
1079279,29857707450578
1079283,2014397186040
1079304,26670369420045
1079338,16861726034916
1079347,14613546003656
1079396,13871732042233
1079400,1504656485698
1079447,21969154215651
1079512,17658725706154
1079544,28220753508425
1079560,8522013894380
1079561,13135469045195
1079596,33031412266084
1079599,15639945016206
1079603,11815145183662
1079613,20138222588954
1079664,34123980758724
1079747,11754751750325
1079775,28332179928545
1079776,17569542509281
1079781,10199627235392
1079832,26782966234776
1079833,5207460292155
1079834,28540858401506
1079837,27423594724171
1079848,9956776903524
1079862,30056262939938
1079917,8527324753583
1079926,20355157378184
1079932,31469457429573
1079991,13698645444737
1080001,1921141265977
1080008,8238697144609
1080042,23567528027082
1080095,2533959500568
1080105,10711941189255
1080121,28448875447901
1080145,28069622463532
1080178,29621520707237
1080235,8445245279790
1080266,2707210155870
1080275,10684695778067
1080302,2237785315481
1080304,27213636470302
1080326,25179833397754
1080343,8289961572743
1080362,24544956452087
1080400,30026200168377
1080419,3142756408767
1080426,3330139386864
1080450,27230830589259
1080472,17301741672321
1080517,34297962842018
1080520,20695718010989
1080545,13303880462048
1080573,33028029106672
1080716,33919850052851
1080728,28680418776358
1080750,9826706728613
1080766,4028921137746
1080801,27111855144144
1080823,25480339387533
1080825,1060867274231
1080840,31303036202747
1080842,15657792913328
1080852,32526450218265
1080866,4386758391125
1080880,12070808684821
1080882,21892786082982
1080895,7092572254287
1080915,6172875362508
1080936,12307309105679
1081007,8908897206877
1081016,1749561233018
1081063,1054167851752
1081088,29252271886284
1081094,10655253326485
1081097,7879608488596
1081148,8445550049540
1081161,15722939819795
1081179,2633653793298
1081188,57637923986
1081208,19169154125916
1081246,17533213855063
1081261,10620629745241
1081270,31954999955017
1081277,1170016408657
1081278,18150216955575
1081282,10481723536707
1081294,20267341031960
1081295,7043850180272
1081306,26046928781422
1081309,1420307114827
1081338,7998908219566
1081364,7232808093599
1081376,30450096857223
1081414,30946530009130
1081440,17040365379768
1081456,7291782137749
1081507,25249873589100
1081515,26547894528271
1081516,20356782775625
1081524,33822810699237
1081575,15138512027722
1081576,18336083589515
1081593,21560143797100
1081612,28674964554180
1081646,11442030222190
1081657,24485683825971
1081688,16429661056439
1081704,9334188033396
1081713,28148421328130
1081718,29672161649309
1081778,23374542165501
1081808,20947612954211
1081905,4722058503184
1081911,29737987821288
1081945,27270672999506
1081946,15328286327526
1081959,12698512372558
1081972,15868106637158
1081987,7500542862044
1081999,18496688506391
1082013,18530897208124
1082016,22565018075528
1082022,30451959839983
1082030,21666131283292
1082043,11096321209002
1082069,17933136132986
1082089,9292740895424
1082091,14251252705559
1082107,4394696841286
1082111,23650401342775
1082115,20653320611483
1082118,1663867553487
1082129,33539221725160
1082136,21618027529642
1082153,2456432099319
1082155,12833906135849
1082175,17131090297953
1082180,18594841426493
1082270,14405833428615
1082304,5261005151016
1082316,18516014955506
1082346,6785372401037
1082383,30440853686085
1082396,26112398051615
1082401,10343978965654
1082406,16530715268291
1082418,14690158072805
1082512,3989104921811
1082519,30852650750899
1082528,11548387109717
1082529,12393610021156
1082562,8310956312858
1082579,7476869535041
1082639,4271475203315
1082657,743437193836
1082675,15809261741814
1082692,15407909795430
1082694,21701649528540
1082728,25697277239160
1082752,1488840951220
1082787,1287437304713
1082791,24105318697501
1082838,1981423390130
1082902,28847546930599
1082909,1837257299358
1082928,31899980472261
1083002,12301458752208
1083025,15868687275132
1083060,12567822744083
1083066,3832759398176
1083068,30787194010854
1083072,17686971065464
1083079,9652019754763
1083135,28871539006102
1083143,14226199012140
1083161,23757562490090
1083164,18544280572162
1083166,19005665894052
1083177,13046957802167
1083179,19655946758837
1083183,10573258300393
1083219,26829459450152
1083239,30031683791210
1083261,22803843576284
1083280,7221790426675
1083310,19394143106153
1083345,6398762336747
1083349,12186980733800
1083369,30888311157817
1083399,15757691720636
1083435,22988137467323
1083450,10271961898166
1083532,24657318929325
1083563,20895098667447
1083571,23324334079417
1083596,30858058585844
1083597,4637468320472
1083602,13036157342017
1083608,11710982698773
1083622,24167785260512
1083636,30121417438987
1083640,2842020957846
1083644,6105374813666
1083659,22327773225124
1083661,25029699568867
1083718,9331017239835
1083729,9656533850458
1083757,18166871558397
1083775,6836293557974
1083778,1948379085855
1083799,3067913915976
1083807,27376986033828
1083815,27049107496582
1083853,29290704449626
1083937,6711612750051
1083941,33074450563914
1083948,28170594777392
1083973,32577739586113
1083986,22822228304662
1084011,30747148737190
1084019,4442779505753
1084119,972348268523
1084131,6281665148260
1084145,6520166449737
1084153,21999353020417
1084157,7741147370550
1084179,27093844118198
1084211,16892390978784
1084212,33786309106983
1084219,12607329664698
1084252,5204676607987
1084333,21820107469268
1084348,28773105017401
1084388,24161151932126
1084424,34290969430079
1084428,32777902757855
1084450,9153900707262
1084478,4052613178356
1084484,14767645533316
1084487,1133362524929
1084539,31424954001121
1084541,6999706925199
1084562,7868396906171
1084573,33299370476129
1084582,16796792001621
1084593,15122183464832
1084608,27721102731316
1084615,32120778486693
1084664,24499387899205
1084667,28032073021643
1084670,18492554694418
1084711,15347488464793
1084731,29798145185331
1084760,2928916417156
1084774,14278467754242
1084778,15030111747672
1084788,31944610331121
1084814,31565575348967
1084825,18642405321056
1084835,33657619142939
1084848,10956202911375
1084862,7998494909991
1084866,12775815108358
1084871,27084905241293
1084878,29328215698653
1084881,7246833996869
1084906,23660763761572
1084931,7276011153040
1084944,18740240468379
1084964,4610088649556
1084973,15438807764675
1084976,6287173858480
1085028,25804839853473
1085038,9310498918274
1085041,30884322429879
1085051,1113221281624
1085080,13227849657095
1085196,13970278717994
1085200,13529632871183
1085233,21778739490854
1085241,33034526610178
1085254,10051488099480
1085271,23486858539763
1085291,21587876239500
1085328,19416056230899
1085336,14577853497219
1085357,8064859314534
1085361,22997442290819
1085368,13035603473188
1085377,16571509199845
1085386,9771910173224
1085426,23449227960762
1085523,22964868439793
1085556,2849197922117
1085568,8011688164487
1085572,16995871874467
1085595,24730631247635
1085616,3390935737269
1085629,13067243522226
1085646,2401886624561
1085655,22897191358253
1085662,19298725427392
1085719,34040039868863
1085750,15410291105287
1085753,13608228218167
1085768,19887514391719
1085784,3827919321
1085827,32276503544943
1085833,11018734833244
1085835,11400455189515
1085836,32902503420796
1085867,5761679351714
1085887,3765091068170
1085901,26393979729757
1085926,10889264521539
1085942,966454696953
1085967,8033197840713
1085969,25853958751649
1085978,3074532168940
1085985,27529753762823
1085993,20260012032387
1086030,29295951990017
1086055,23797149360887
1086072,1842530253531
1086088,25258247951989
1086142,23631739258674
1086155,4461589836219
1086157,22488708361170
1086168,25912509323308
1086172,3384090624319
1086174,34236065436285
1086177,33308284332096
1086178,17703776822630
1086194,22808317422013
1086198,23920978350411
1086215,28327153797703
1086223,19857122237965
1086229,16419621319999
1086237,16584777338086
1086250,28046302849691
1086266,2392361681689
1086299,13190327430165
1086319,16668661062006
1086339,4416032558850
1086341,8955807742879
1086346,25798768586150
1086373,9264956881709
1086382,29345577572559
1086389,27495574139911
1086393,26839747188381
1086415,7118480887666
1086419,7667664680037
1086422,22342023107226
1086431,11374359616877
1086442,7850083729362
1086450,17475867909979
1086457,350970271408
1086463,12918399927031
1086469,23237700355014
1086514,21139332414362
1086515,7226821376913
1086527,25591754806743
1086545,33585265359934
1086554,7720072884066
1086558,7865517742371
1086567,24034066971031
1086569,9074977851113
1086571,22817446968153
1086573,1825138115912
1086609,21105410458068
1086628,2825327742071
1086636,8221555746651
1086641,23986947726959
1086645,31314239334201
1086667,24018330549107
1086669,5319742103474
1086680,28884615400927
1086682,13837273068351
1086684,3751527817825
1086685,8067677975874
1086687,15235392173450
1086708,24659172903478
1086719,25293920791630
1086721,20445682143721
1086730,26330295388767
1086737,24986055342402
1086744,27935370796123
1086755,22798760047526
1086764,11088502400908
1086772,17626224707271
1086776,17134037880937
1086777,19297549908015
1086788,25756568756414
1086793,14351898458483
1086810,29967523928889
1086823,10178693985530
1086824,24767681496920
1086825,19583176449411
1086834,3504363915236
1086838,1619216724319
1086840,26806864603351
1086848,6972137678237
1086851,15542945864344
1086852,7311080323694
1086859,33980104310053
1086868,11866263983232
1086878,8928689376424
1086888,8229380168723
1086895,19765656811604
1086896,12615889910729
1086898,33907079278614
1086899,14701877811318
1086900,14527155225852
1086907,18342267069899
1086911,32723596166245
1086917,29227620849542
1086928,9198976143655
1086933,11022747026787
1086957,2132743172838
1086958,13933809137991
1086962,15358822624695
1086990,33913520637414
1086994,32968532370220
1086996,26385790135156
1086997,24231437973763
1086999,14949842805254
1087011,12865993364904
1087021,21468348009090
1087041,33869820819494
1087052,15928483175306
1087078,7698378807762
1087085,27944824777033
1087109,16074683470590
1087112,24399944648558
1087115,572226472475
1087117,3052280954592
1087119,17901824189345
1087120,11505075773003
1087125,31448939592172
1087134,10883728108618
1087141,10205693392661
1087149,4701865889688
1087150,23029802578874
1087156,27151690426978
1087323,15906187517182
1087355,33546509371894
1087398,11977327325235
1087410,10608780742784
1087414,23165741373235
1087492,16223082354763
1087502,28301326361834
1087548,21585134420927
1087563,12154321369042
1087633,18956637142188
1087747,14026889213322
1087805,6041831266371
1087849,12116283692713
1087858,24467515113894
1087863,1510803184430
1087947,34361690911450
1088029,34307470585896
1088031,13591539450286
1088040,10161700209666
1088067,14754749036291
1088076,33755522631215
1088163,26029724305178
1088215,20992126282479
1088254,27372482723670
1088370,20631073883104
1088402,11701878619927
1088407,22141880493872
1088422,26251966476520
1088462,26833138529135
1088478,2368206854310
1088529,5881521569800
1088564,12185713833274
1088576,1409247594970
1088615,24886568035541
1088623,15248673047332
1088680,33176057550698
1088695,31710033163715
1088711,14376049230711
1088725,6387157561212
1088747,25473269351981
1088806,22557660020093
1088819,31656354319059
1088849,26216164172450
1088854,12572728816634
1088856,29135642995372
1088887,7331990728305
1088919,26369823767446
1088937,11454223271328
1088940,11627242734954
1088946,31315447179335
1088998,1882914864527
1089011,2328015456775
1089079,28942313593280
1089173,10198424550753
1089232,3958626337719
1089259,18409664918089
1089304,31559753010523
1089332,27088975553070
1089334,32702799294678
1089341,30613733713658
1089343,19325753177770
1089415,21262062173835
1089429,33720066509077
1089431,13168707427747
1089463,3397331156081
1089467,33921790193758
1089491,29768173803514
1089492,10467535139481
1089493,24593685311595
1089495,33043304582210
1089512,18519021049237
1089535,8618812707813
1089556,26806197369677
1089566,4853192997239
1089575,18473982536238
1089589,12751410486494
1089616,27568787194518
1089631,19025558531770
1089634,16187455853985
1089642,20192699956273
1089643,25922169392324
1089647,18752514678149
1089656,2877266212208
1089680,25969464304257
1089697,12642926222115
1089699,3016797895363
1089711,27796598349290
1089735,16752566833589
1089744,21378782218996
1089749,11074530975448
1089768,20432648199267
1089771,20488195697806
1089773,26828551184940
1089782,15926118369492
1089789,28334138149966
1089814,8193098406314
1089834,30414395263980
1089835,24078746348776
1089846,10439908697367
1089852,7196343654410
1089855,33686666509063
1089860,31592455857386
1089861,17269703769374
1089866,18061136863144
1089870,16808368843657
1089879,12926704653473
1089889,29133626240793
1089892,1980083343737
1089908,5282542250081
1089924,16217932737497
1089960,16587111307744
1089963,20369698599345
1089968,23806619634133
1089973,27137755873968
1089976,20687374756438
1089978,25474108116907
1089982,3388995324906
1089991,1510862539959
1089995,15596040424531
1089996,34196806556096
1090002,12508848074824
1090009,15054361077334
1090019,9893102854069
1090020,30475522786125
1090022,8461611528098
1090027,33280784047118
1090029,4857627409024
1090033,27653811557454
1090036,22185709698003
1090059,32901719927022
1090069,18147044390148
1090081,13111108577663
1090128,14086165896998
1090130,12600636484677
1090132,6703781308468
1090134,15451487181817
1090144,14765683791191
1090145,6274426175379
1090152,34227751842880
1090160,8473833288109
1090166,21816295122131
1090168,13537850171726
1090185,32606863646710
1090188,2879609094549
1090192,25447935027691
1090202,34092034415063
1090203,4903576751012
1090205,17583646363717
1090219,26836469141429
1090236,6114592954273
1090239,15269611365858
1090250,1879161523186
1090262,14711434630337
1090266,12336833434974
1090277,211920639023
1090283,8213628326012
1090294,11161855536884
1090336,19965563894126
1090350,602343032788
1090358,476457642358
1090362,18566541022574
1090373,9183171311329
1090387,3427155781834
1090393,9729282447815
1090419,9440044202119
1090432,10277566745091
1090435,31837385408731
1090443,23629322928955
1090454,20553797773678
1090455,11864957777350
1090481,17485164316051
1090497,2305512606640
1090529,32336327969130
1090550,24930709895117
1090552,5447457079720
1090553,18511375072593
1090556,12302825270137
1090560,17991819574001
1090567,32660307712455
1090601,4276343389548
1090610,18969430934453
1090611,4526679054095
1090648,20329617604810
1090653,33406709606140
1090658,11001865681438
1090699,11080442464275
1090703,29205247803842
1090707,25805241132784
1090710,13500076372815
1090712,2914705129409
1090733,14384045688537
1090737,30567671613605
1090758,1091019377007
1090769,3873659165195
1090775,23925499082200
1090778,18040616065875
1090788,385665981467
1090790,20064488976851
1090805,29960659735734
1090807,5685570074486
1090835,26581156543263
1090838,3797029393007
1090845,5313740368293
1090854,16990002337467
1090860,24424531229671
1090866,8369464045541
1090876,14062193083629
1090882,18365748988763
1090895,30210187099894
1090920,31356630486125
1090936,3022725051854
1090941,8558479633378
1090946,16930331220662
1090968,11982707372831
1090969,29306687487340
1090977,9198682919975
1090980,27328663747946
1090987,4002260898797
1090991,3618169766565
1090995,15663613279209
1090998,15136945462648
1091007,14488295238897
1091015,31351200605143
1091030,18767272808328
1091038,3399364415456
1091041,15297379080682
1091042,22015131575782
1091043,33134594256174
1091048,24726695877031
1091062,19471181693828
1091177,12268275078519
1091269,19408528760959
1091287,2705857774617
1091354,21881880378463
1091457,22243847076117
1091534,2227712549563
1091556,13274131017435
1091592,30945972439517
1091714,894258250236
1091724,646167306569
1091790,656299688933
1091836,13178453635899
1091842,4767912323130
1091949,17418824428600
1091961,18037875012171
1091987,10626139060136
1092146,3639305584660
1092147,29329582846101
1092193,18834300579520
1092254,16813504792058
1092256,1850051837168
1092276,875912474194
1092375,12418132026651
1092384,22385116912144
1092400,34029413053704
1092451,7923217378983
1092603,15663835027331
1092614,5600783562034
1092650,19028036137047
1092722,7074580494496
1092734,8362715186106
1092754,666397866167
1092761,33100966554581
1092929,11274169756533
1093114,27727685516428
1093136,10009959429910
1093166,33880392826223
1093206,30922569291214
1093239,6489039929957
1093270,23380093222778
1093436,32342398476627
1093530,29345260859017
1093532,6919867873719
1093815,518193772204
1093824,9195930810355
1093884,14694298322507
1093911,14967438879200
1094034,3410697447023
1094139,2704472771410
1094211,26188924311461
1094237,30039014672537
1094268,21591214361544
1094340,21558557938265
1094341,32650704327439
1094346,946320142073
1094373,15925444630998
1094412,15442890714964
1094537,32561136301421
1094649,29873100546309
1094758,7605597995425
1094761,32705733784871
1094770,15020378489374
1094771,7200634935717
1094779,10487794313353
1094784,2938837273032
1094787,32004328836660
1094794,22363275972369
1094816,6612821634618
1094840,25983051676065
1094849,28118643826962
1094860,8335796036042
1094892,13056343624043
1094901,11518701941973
1094907,2212316450725
1094923,27949823268930
1094950,12884060796507
1094956,26141911976649
1094960,30278905450898
1094963,5883866273346
1094965,7100321177104
1094987,16688601830295
1094995,33556094802659
1095012,13156984069039
1095019,33982108583877
1095050,24419973897565
1095053,20866912537107
1095068,20202718210430
1095083,9903552161272
1095127,27417155766837
1095158,28571030757927
1095167,18673060733783
1095174,28975397729744
1095193,3879877521323
1095198,15330021020945
1095224,12250633406501
1095254,5122442146352
1095268,2043170274352
1095271,11888349714403
1095284,31262035908032
1095298,20869799768537
1095352,16071789799843
1095357,16769410255561
1095365,4607145464968
1095384,2824736417009
1095385,27806901632617
1095396,10013667744867
1095398,16755839945125
1095417,10612577086464
1095421,1765537569662
1095424,31628962889918
1095453,16724643639551
1095457,899525413004
1095467,5761897879894
1095476,7943503926557
1095487,28132234944299
1095490,16687374159933
1095496,24988967561543
1095510,6893724918892
1095515,32724417733576
1095522,1621743230503
1095540,420769222304
1095556,8584696013692
1095570,2479378043808
1095577,2773895531670
1095606,22077865298421
1095613,17424055344633
1095617,18299799236537
1095619,3739048976095
1095620,29367861371067
1095621,31568558886814
1095626,27286661293925
1095637,34059857420405
1095643,10369347259617
1095648,27084196862654
1095650,26351182999914
1095662,9166270530208
1095675,15052474263193
1095687,5734247747950
1095696,1577046159634
1095699,31302643881253
1095704,10260198766355
1095719,1284252084405
1095723,8065057164916
1095728,27729547033872
1095744,7239275643010
1095749,29791284123724
1095750,6929595641761
1095752,9858501634878
1095755,7689284525687
1095760,6561103486523
1095771,17844953240043
1095775,10491804898913
1095779,31343650647300
1095780,28897266858754
1095783,12145399696218
1095787,3568710204888
1095788,6218679074095
1095799,9466896386661
1095807,28352165220584
1095810,6713166388299
1095828,24959191361217
1095830,1400568913881
1095835,5116474783905
1095842,27871653071279
1095843,28001722637920
1095862,26625951244377
1095875,20018674362597
1095889,19637878725114
1095892,392466873673
1095893,15025565594984
1095897,17283357516787
1095908,31184589064806
1095913,2387053617071
1095926,906221181603
1095927,1648557931360
1095939,23212124260626
1095955,13825996965250
1095959,23578790866738
1095968,18516856761522
1095970,28627497437999
1095975,17767496834086
1095985,16843141831954
1096006,31600464316621
1096010,12706513072559
1096011,26806988004688
1096017,18474893454093
1096020,3131397130359
1096024,16015831369447
1096025,15780696487789
1096026,32638167932955
1096030,19420667161809
1096032,18439315603582
1096036,11722503986676
1096038,33409027261701
1096043,30398270277647
1096055,27779897836227
1096058,239089322038
1096060,202700798500
1096069,4250916584748
1096074,24123065755990
1096079,1384367788566
1096086,15277918836476
1096091,15993925504136
1096107,14455128998815
1096118,11971455357889
1096125,8306445585381
1096133,9265874951177
1096146,32521297058986
1096158,790161961584
1096166,25435314300140
1096177,853502773157
1096178,16527637990959
1096195,32179241111784
1096200,7942877624742
1096205,34326744645597
1096209,26225259028628
1096221,30002767650880
1096223,26931993340532
1096232,6543223666620
1096243,13874496182838
1096251,11528694749014
1096260,23666012410833
1096265,29904888955362
1096269,20815507768927
1096281,3579151365461
1096291,26782731945595
1096306,17411974509062
1096312,17748129542937
1096329,15579160295750
1096337,25040929238239
1096342,29968869009059
1096345,9962793715213
1096348,33722051345042
1096358,24151097411713
1096365,32638636170389
1096378,31558661809826
1096391,4280009548238
1096401,29464902134307
1096404,17686762463428
1096405,30528957820735
1096406,10225841688996
1096413,4830354472531
1096417,12995354584131
1096437,16469814451605
1096454,32990713145641
1096482,16859639880407
1096491,23556196711453
1096494,29325616463387
1096498,17557410592279
1096505,12611347377565
1096518,992299795569
1096559,30715952559451
1096626,19995045995408
1096636,3968069034304
1096643,7786889094544
1096664,29686103112925
1096671,10022414777035
1096672,9375869811364
1096778,21907670575514
1096786,10017979139654
1096792,20523764955398
1096793,1698538452233
1096797,23776870698484
1096817,25515104860869
1096845,20242293681555
1096878,8856977357398
1096925,7773969997417
1096931,17343134628028
1096947,19630522890316
1096951,25108262710155
1096976,25530294178798
1096982,10666099319214
1097022,13894504532321
1097038,5491706442938
1097054,1580118323720
1097086,31006051890486
1097091,33599346024987
1097097,34323525331362
1097106,34083748697052
1097149,22445032683852
1097151,15979277498828
1097152,9301337096709
1097159,18492803216995
1097160,29453546512485
1097170,32451283666839
1097194,31034877738482
1097195,24916149873218
1097196,18547529529527
1097200,14868821075417
1097206,9976512944476
1097212,20720204554226
1097236,510339314020
1097246,9908705667930
1097296,4094304235066
1097298,32058599882429
1097303,163730884043
1097312,33151735819320
1097314,12172215757437
1097327,20151460363085
1097345,2261316137592
1097349,7982334749040
1097352,30257935277873
1097382,8235348061207
1097391,24452103651624
1097405,19700716899911
1097415,21807587908656
1097422,15027008857607
1097441,24601855249762
1097452,20365328985326
1097454,15220974935129
1097488,19705464726792
1097494,28242646233898
1097496,3459880822847
1097531,20637066319875
1097535,6574235368350
1097536,9365892031592
1097543,5164083468124
1097567,32492289531282
1097580,15902991397802
1097605,23926522774156
1097612,34021354000200
1097616,30078078422143
1097644,11438541452654
1097670,22576520571877
1097684,26064572734888
1097694,19781520701423
1097731,23737388397914
1097735,33686437884826
1097764,31113791089246
1097783,2369963513769
1097816,26689998528853
1097886,28113968247830
1097931,25150996519018
1097942,13614204722629
1097979,787563106510
1097983,31889819379979
1097986,23218062161748
1098016,26695670966433
1098025,29563565430521
1098026,22403241090188
1098071,5709963098751
1098073,34137072208122
1098078,5209035587887
1098096,19909104967598
1098100,11273113927321
1098137,14584948765950
1098143,14350198805689
1098175,17879155691460
1098177,30737375639716
1098185,6964350906896
1098218,5143773840265
1098282,1519532029237
1098285,31904343349114
1098351,385035897471
1098367,11970005194760
1098447,24342467296835
1098473,17525249095670
1098630,15455082951979
1098635,17244873768241
1098661,27863560388764
1098662,27565762423405
1098778,13342073863322
1098851,16825859085670
1098904,32586169462565
1098927,5875172958000
1098997,3377340321518
1099010,14556162180993
1099018,19441600633878
1099067,5876860772437
1099102,27145470031808
1099133,21051090568891
1099147,33214145125749
1099171,22310174370557
1099192,7822819330146
1099213,23581651818163
1099230,2469435822245
1099334,7382031593471
1099370,22503518639919
1099431,18417763882753
1099533,25341771263707
1099655,10939182287489
1099717,13568453389413
1099768,311714141449
1099798,8779025803787
1099819,16413602468761
1099863,18655709975785
1099919,16502853899845
1099936,17130244936226
1099938,19308674861207
1099947,34339191358399
1100114,13556323908882
1100121,1582155292845
1100358,16969293382806
1100427,18974336533541
1100605,28955354530903
1100606,32612689823901
1100852,7949988347461
1100864,14695465187339
1101156,31222437035928
1101200,6964222236764
1101218,246288026702
1101252,6404183494781
1101344,22497032995222
1101353,1878708568562
1101377,19330256827699
1101379,360744828438
1101394,12813024103557
1101462,21251797592099
1101518,19288787071801
1101605,21463062411281
1101687,30421152046554
1101731,34007642326847
1101828,10668876616617
1102105,22246232363849
1102108,12626505022347
1102129,9912776301538
1102163,1141759627131
1102164,26034291841619
1102179,31700534957230
1102303,19869556254646
1102322,5437158970419
1102549,32208278655353
1102609,13471590621064
1102788,13960313057698
1102794,33491640333905
1102804,9997208431953
1102815,21258855215035
1102830,28769781301334
1102843,15116398907960
1102846,29608280638401
1102852,1346154655303
1102854,16313202184213
1102860,21918931734974
1102872,30602784692622
1102873,2755479089547
1102876,13834917616279
1102877,29498039658579
1102897,25770812088661
1102909,22389374003273
1102913,24153361930456
1102916,27138326912357
1102923,33582994063430
1102929,14953357282019
1102931,23749941376743
1102946,8651919531300
1102960,28809157785367
1102961,9692214407116
1102964,13181971926022
1102990,11727827115376
1102992,28429093842171
1103004,13080623411129
1103019,12666381729006
1103021,27599034084822
1103029,17410990632359
1103047,23162610707807
1103048,26318827733697
1103066,7974999709854
1103068,21950586720002
1103104,30768482795817
1103112,7267643221629
1103113,32773145505007
1103120,18480009691771
1103128,21466352397685
1103142,6505825692024
1103146,12820951421470
1103164,23362151201370
1103166,9467089808547
1103169,5945885561398
1103173,17344771442576
1103176,33522573992328
1103207,4060245055475
1103214,28065995385070
1103216,18608769835555
1103221,20497195687572
1103236,24521364758847
1103241,13256631803248
1103267,32169456936126
1103268,3391057184850
1103273,663998557056
1103277,24020353086493
1103279,7382969245001
1103281,31322311037231
1103286,27204303578549
1103287,31154365256385
1103301,1063993316826
1103302,33542087720598
1103304,6066702590409
1103318,27947898897417
1103326,12526226542121
1103332,31317286357604
1103333,16465363505363
1103345,5167336598857
1103351,10557723264747
1103365,14121902864723
1103375,3303267687669
1103393,31116898961727
1103414,20496529290038
1103417,24556667953453
1103418,7445292301870
1103426,11397895134869
1103434,8769682292035
1103440,12201651290989
1103441,12305793223176
1103452,26566813035844
1103464,9543821356967
1103469,30224373331884
1103474,22874667789638
1103481,22070653877515
1103483,11004894596103
1103498,2538486058548
1103499,19493184230206
1103510,11357964855482
1103520,31796862733682
1103524,17585147433046
1103530,14443644420780
1103536,1306539226084
1103545,7701749233217
1103551,11970232909282
1103558,7801568032989
1103566,14253212211243
1103575,27419490076097
1103577,12112600967257
1103580,21422818048742
1103594,16056428269966
1103606,19937883764288
1103621,1061946468321
1103622,5717011802661
1103632,21999330879835
1103635,23159745258056
1103641,10639521703510
1103677,24342810190688
1103678,4694459415540
1103704,27513956688633
1103713,31990948584773
1103717,28726019215230
1103720,6742212200695
1103736,19892832750517
1103738,5324932447447
1103740,7246948102877
1103742,7919757071051
1103743,23457380127897
1103766,34011142276908
1103775,32898178684741
1103786,17311516787505
1103798,1148291188953
1103801,1655806182687
1103818,27169263312233
1103824,28930325421676
1103826,2797616724340
1103837,9145529515128
1103850,25995186122780
1103857,2419455383988
1103863,12773666712881
1103865,1921876606130
1103868,2671411958611
1103882,33666533204791
1103888,34225448237011
1103905,24009187986718
1103909,23200746249094
1103919,19734414291704
1103941,32310163515500
1103942,824304330516
1103954,25318334253960
1103961,2722776443769
1103962,2360106071567
1103967,8053993062627
1103969,24805067174867
1103971,3636606576930
1103975,13865413637230
1103980,19536890565065
1103981,12399651185748
1103984,28236981306584
1103993,856673417374
1103996,28466143654141
1104005,31343382958987
1104012,13079802611234
1104024,25007298184212
1104025,9909998590511
1104030,19354520239872
1104031,7524766472647
1104044,4291936297167
1104088,19225191093507
1104089,11693278971755
1104101,10355771217372
1104105,546610200588
1104108,5415126861414
1104109,6682453038867
1104115,21910825242106
1104116,24909002200713
1104128,13842980207812
1104130,2593752968556
1104133,10166854885048
1104139,17257946001016
1104147,31032457917684
1104162,33084036127667
1104165,18013373970980
1104174,29464254167323
1104177,18432336620993
1104186,32610439077306
1104191,29074491690496
1104193,29128211745866
1104194,1319613223399
1104205,26825163837300
1104222,21387070180347
1104228,4249793741627
1104236,22116853658766
1104237,6068573193086
1104238,22243453922581
1104250,34106535949262
1104256,29782817282022
1104268,21270744918046
1104269,20799431397377
1104282,21152607889362
1104286,5374497748334
1104289,11188815904644
1104292,10330324386728
1104304,17179683835974
1104307,10419152226692
1104314,30972127773680
1104328,29974862648360
1104330,13876054731263
1104331,12372717182031
1104333,464007378898
1104346,12231676426634
1104349,34023544086097
1104351,30897670677723
1104359,32659804622746
1104361,5278224283708
1104368,23845947647535
1104371,13441872913532
1104382,10453537965182
1104403,7727312040108
1104407,23408568555976
1104433,20785098990904
1104442,7750604419671
1104473,31010686912936
1104487,11452214001747
1104515,2551698683240
1104524,1695797151790
1104536,1342155839744
1104563,20486650554663
1104570,22631286863605
1104604,28157936550936
1104607,29832967493874
1104626,10953872661110
1104646,11772288122784
1104670,22005670548124
1104671,10952439582332
1104680,12882943842096
1104686,9915675441543
1104706,10448391446803
1104723,24842906299555
1104761,4522486854007
1104765,3313910001522
1104784,364032739561
1104819,25373023378173
1104830,25266781526768
1104848,7534480559822
1104850,825032397924
1104851,4163781929367
1104892,30990785516307
1104979,10923905436606
1105002,28816115382983
1105004,15370877189984
1105045,30755879298998
1105047,15070034890974
1105063,16895469647135
1105068,30166461748426
1105073,5563621943797
1105132,14291016641794
1105158,16251203038443
1105159,33586937659413
1105173,3512458877745
1105196,17561795816307
1105243,24215945945344
1105299,6436502349302
1105328,28371508341717
1105345,27036090755249
1105358,25242809288785
1105376,7529409078601
1105420,1143284237684
1105453,33002548641359
1105479,7851652151665
1105489,32070238041894
1105499,34088040466726
1105511,7821686440292
1105515,16901828793215
1105526,97207782492
1105529,23939009854762
1105592,18636718282167
1105613,18957192373662
1105658,1194387808676
1105668,12956495125683
1105686,22391165085186
1105719,22659944857480
1105728,22144141379949
1105734,6843515413582
1105758,351602724251
1105765,9359611193205
1105770,1388743771700
1105819,6959996845934
1105862,20725723347474
1105864,22319500390433
1105868,13837555924323
1105884,13979517073583
1105902,10560109515292
1105905,18694839169311
1105920,7051332115
1105947,30540957489618
1105959,28836182635920
1105960,30408614666031
1105989,4418127176319
1106024,26964592084700
1106049,10593546943610
1106050,11780190624045
1106065,23950798456565
1106112,18042533654741
1106140,3510698248642
1106160,6566365804632
1106199,19669400857971
1106214,185593822622
1106245,25382868297160
1106262,10774591903940
1106281,3037399489811
1106295,18272926345556
1106321,22584689083778
1106336,1611912715862
1106345,31567670415349
1106395,31842141886631
1106400,6957471426301
1106402,9315522059137
1106410,2633857428280
1106436,16799507851679
1106458,1167894240412
1106496,28915903424206
1106504,15336599929744
1106525,26470325362213
1106577,1515197746503
1106618,22466195215252
1106698,24193599620092
1106711,29213347088897
1106744,25804481772672
1106801,20480915385286
1106807,24051889676107
1106811,19705466657695
1106813,20531199357622
1106925,32874206360770
1106929,23694421566052
1106954,16156953402119
1106970,26843840087408
1107005,28147506782704
1107039,29337768998892
1107042,884875243506
1107048,31712859749368
1107095,753369894435
1107186,16852887217674
1107187,27641406089495
1107216,21668913646638
1107262,28154217784979
1107268,12910651880183
1107271,17205094119035
1107358,23899447237227
1107371,24751957866804
1107389,31612660289418
1107397,10246134916919
1107419,21181635989340
1107424,7172935591367
1107426,5108499509208
1107468,32039134207866
1107495,29306338124275
1107505,18429392768860
1107511,31964972072649
1107525,16458728063330
1107528,23661886016432
1107537,22730578013682
1107552,24033430902135
1107624,1398523042683
1107631,24522179417698
1107635,27438648256164
1107642,9874829951351
1107701,13148353994931
1107725,6841281294471
1107767,5624500706219
1107784,22648321363619
1107786,14036473299057
1107790,5613222093972
1107819,2526085216699
1107823,18709460457190
1107826,12588653799647
1107896,13823303444820
1107899,30108642603524
1108008,11949090569347
1108020,32344996363208
1108023,27915890509264
1108095,25747386030487
1108096,7684362447183
1108105,33128725165846
1108126,31521175131957
1108145,33352387010468
1108150,16408901090198
1108152,19072807518923
1108153,28068158002415
1108154,10538651776387
1108156,13846388157983
1108157,6864888746961
1108168,24465591877359
1108207,19016687750549
1108221,3325996388458
1108222,9022188530204
1108224,4450412015341
1108236,9728168507445
1108289,29472694287725
1108302,4782411790711
1108317,13009020844288
1108342,17118532672857
1108376,9925468387338
1108387,855039812577
1108406,10481796758138
1108409,8297649441643
1108445,2182970129560
1108475,5937140589357
1108481,31086410405324
1108501,9470938542763
1108554,25718885229935
1108617,24662808103109
1108643,19124547653719
1108694,33897260250390
1108696,32883457636461
1108706,27143043051643
1108722,17622956256240
1108748,33711609482737
1108835,13534021400168
1108837,7610432159060
1108851,13244069671677
1108852,9719376864086
1108855,28022352208758
1108877,11187684706569
1108878,17582414602306
1108880,4222857616886
1108999,4143289346191
1109017,9598583069022
1109042,29627369004262
1109047,28545811109061
1109070,4206879553432
1109077,22342387339367
1109139,29429957392382
1109160,30316489695495
1109165,2002523390471
1109170,10549582472450
1109187,11338678901762
1109219,1671178478834
1109262,26974923532099
1109301,3571081819890
1109317,11093465013176
1109336,25389060744018
1109341,14877869031325
1109381,16836927298355
1109390,5287064443150
1109407,29941755299848
1109460,29187136399348
1109517,9808520974783
1109522,12359179716479
1109529,20916924594923
1109546,17112643370520
1109623,2356643365432
1109635,32088293713062
1109638,22423264338400
1109643,26031564622147
1109688,1865512303280
1109731,24009840358521
1109741,31670662635513
1109752,20230218195695
1109758,19599077692029
1109781,16963483761850
1109785,1295353386127
1109804,3755804093104
1109806,12446949465925
1109815,14614960651086
1109842,8728996898873
1109849,18940422493799
1109861,26205828219147
1109872,12950756547349
1109900,19510698935911
1109902,16047770078726
1109908,626621279161
1109924,2667498765676
1109929,27184616142956
1109942,8124113793038
1109962,19163619955826
1109968,14158069478432
1109973,24320607189936
1109986,24339093406271
1110032,32216011779842
1110035,6161615608554
1110042,4059758605580
1110059,30621226460241
1110060,10439107911574
1110065,6247094915407
1110072,8851380942509
1110082,2316544363804
1110097,29286422371960
1110100,15274332654405
1110105,29856359516985
1110157,6779481006465
1110163,14833917910858
1110164,7412718882938
1110186,26915704949087
1110187,2090641236775
1110238,25964548421827
1110245,18326199186661
1110284,13134865496674
1110331,19477845036209
1110339,25238175907522
1110342,4256222810476
1110355,13379249433317
1110356,76798813570
1110360,20100053591563
1110365,12078609849431
1110377,5129564257088
1110401,31274969028662
1110443,23478717876167
1110458,22442721404657
1110480,33056604802531
1110547,15209220534939
1110604,12536327749691
1110668,8624167244253
1110671,5103975906901
1110705,10110778489234
1110752,26924582202310
1110784,2380235543541
1110806,31775799623038
1110828,32025073888390
1110833,10039318592822
1110837,29199088586619
1110838,24504827833025
1110867,29301092959102
1110900,34257785867880
1110930,12532753142077
1110934,8638600756204
1110985,24567488779412
1110992,24204115409573
1110993,21721889132474
1110995,23221971379100
1111005,2309147326630
1111012,29901397094199
1111018,15039531324713
1111025,16669292540737
1111038,29953053956302
1111063,32990418353664
1111109,874143532583
1111167,32422630147380
1111172,1408604268578
1111179,33393980462081
1111192,17697712379581
1111218,3205762427458
1111225,4155200269377
1111268,5932369804886
1111277,20513567448860
1111296,12499625679132
1111318,19071891814592
1111339,96932474982
1111361,13643470099844
1111373,32710181190230
1111391,26909895074566
1111393,30298424140774
1111403,11179119067200
1111409,18589763266936
1111427,12750803498544
1111444,21067881829003
1111474,5941649893327
1111483,20262717317093
1111493,13315647920206
1111519,10789482224628
1111520,19747094007549
1111537,14353026912485
1111567,29496261647579
1111617,31790842147099
1111631,18967061701105
1111655,8464729942596
1111657,32527835868335
1111672,32739468313667
1111675,2400859930876
1111687,6056127016943
1111704,7885251997926
1111705,13673138722687
1111708,2668091086788
1111711,1444074794340
1111741,6127365378085
1111771,29093228077994
1111783,9487287941055
1111797,20725758007265
1111799,24660555144119
1111815,12142190326719
1111831,23421262387563
1111848,25649159891666
1111849,19493040979235
1111855,3560408289416
1111905,6351171282039
1111912,18003739587821
1111928,27879504743748
1111937,4223737411320
1111940,6800362513161
1111961,6289944671022
1111966,7013426989858
1111979,11981289439162
1111988,10839484898818
1112030,23328503518009
1112038,13193092840804
1112050,21375857385100
1112065,10525397131789
1112069,30753086885351
1112091,15162161019412
1112128,9148079473231
1112139,2705520767866
1112146,33037832822652
1112164,5687328343657
1112221,11119100151014
1112229,10944145872445
1112238,29227609157037
1112246,20573075193784
1112252,31570135981435
1112284,6348298630624
1112334,10347099141024
1112348,28413106412275
1112370,30020595435702
1112372,15824868504146
1112384,9001964820022
1112408,23425578365483
1112427,31342241554087
1112486,34198646176734
1112491,11398047150328
1112519,9551132546379
1112524,24444233701733
1112528,21473713584535
1112541,12350946874245
1112597,20805001274836
1112602,6329364069765
1112608,1555762170434
1112614,12954755938194
1112631,20756680303437
1112634,31812290898867
1112646,26423639469383
1112652,25689783616728
1112699,18021660512041
1112703,8867453038725
1112717,24317423907994
1112725,5059596510692
1112733,30776225026890
1112740,28209723353537
1112752,2659379702931
1112794,27615952564493
1112815,26853195671356
1112817,15348945108139
1112840,31479506291456
1112856,9683280583146
1112879,31164368977386
1112896,3947104324231
1112901,31259216711685
1112972,25565564578536
1113032,8693448831745
1113036,16259712171757
1113042,28900915628399
1113095,20554803362368
1113102,11653057486170
1113105,13484547080419
1113107,22977521877016
1113124,23727888127478
1113175,29388640946437
1113179,19128223754756
1113253,28215768501299
1113259,8844057992127
1113265,27713407132914
1113276,17897389351633
1113285,7553574616506
1113300,21251145545992
1113304,14801911768215
1113306,12606278211479
1113338,9394981592786
1113367,14174125944377
1113383,26547219216042
1113465,23580073486974
1113492,17822313235721
1113541,10642331080594
1113553,6582763499479
1113569,13764787342042
1113570,14032649129368
1113613,7443421464140
1113621,13002711517726
1113638,17078043704566
1113684,9945686241883
1113724,14599112880586
1113767,21406822622108
1113797,5058235486253
1113859,29117541130262
1113893,26626728372728
1113934,15346117203893
1113974,30331720803239
1113983,14021836466535
1113984,5494166999367
1113988,31141497813318
1114041,29488735100195
1114080,11273500171417
1114103,10471741239024
1114105,6100970143848
1114129,20383831784292
1114168,19504232865710
1114188,10360967398982
1114270,21995534866213
1114300,28343477961859
1114389,31055805383557
1114416,32649240656372
1114440,9640066297025
1114455,11435524309728
1114469,7949985249023
1114502,6568289494846
1114531,9183776685636
1114540,12805766479587
1114554,12507050853993
1114605,17654958301252
1114611,8075556157604
1114731,8141740726931
1114750,16522266138101
1114759,34347850297792
1114780,2304965707262
1114797,22233201629360
1114830,27197763108304
1114831,30943667869162
1114850,18962269836677
1114852,5685510110440
1114872,13464403833209
1114881,6168828888475
1114990,7655750635922
1115033,31289107107769
1115111,30050148533588
1115158,26312269630588
1115167,54632718543
1115177,6254010210185
1115190,4012747634208
1115202,28745768563458
1115262,28576064375596
1115268,18179189257755
1115317,32911964607759
1115353,27610221418462
1115428,28694404038167
1115452,6332152082427
1115475,4035557302832
1115503,16846259922127
1115544,6502684637304
1115587,26204790942100
1115591,12710346559621
1115612,68104200827
1115623,12332661963337
1115672,23564311695879
1115694,14817710759921
1115705,426114341366
1115775,12454443219004
1115780,24640222554413
1115781,2658822991672
1115792,8990706220241
1115818,28080696589538
1115842,9888358485090
1115846,2490617934588
1115880,19123971873659
1115888,26986739734052
1115895,8122301862231
1115943,24877802428090
1115951,32118632364057
1116027,29735704502168
1116051,4595061959200
1116117,32061128167911
1116130,6790990547828
1116142,12444046528810
1116146,11606763350548
1116166,925730599456
1116180,29695311992663
1116186,17999925331650
1116195,20951223523164
1116196,6359669988209
1116198,23785020603384
1116203,29024529143560
1116212,9832116715972
1116227,13706899008095
1116281,10650651068853
1116288,8666315587652
1116318,33702731453872
1116376,19912962995364
1116419,1328398347734
1116422,22113598123069
1116435,21397489274121
1116443,18783488142700
1116476,21135846387559
1116480,23764574479215
1116496,13393177640494
1116505,14472130284569
1116569,28303274578468
1116597,12188210839088
1116618,3976849939260
1116620,32280945544137
1116623,22598306103168
1116628,13830326920914
1116644,12226828568391
1116665,9054896091399
1116695,7519731070120
1116725,25329522765150
1116779,5416989728694
1116806,32462341159452
1116836,1922554042409
1116848,20693793391437
1116873,4548075910080
1116900,20762864759724
1116906,196852255795
1116912,33007518241428
1116922,24834440455183
1116964,4270088496558
1116975,13666242949023
1116993,1056910374445
1117043,2674728104451
1117081,17288013674699
1117149,21131342427943
1117151,29306349904556
1117181,9351175971518
1117204,16933741174366
1117246,5179788949037
1117278,17005821304100
1117281,13928259268075
1117301,32559634500289
1117322,10667863371974
1117329,9447267962469
1117338,18481002787622
1117367,20491410335960
1117371,28482516258899
1117377,27572307586781
1117389,7861796200918
1117416,15522396837726
1117442,12093125239706
1117464,23401220497198
1117482,29947892541739
1117507,9212143960242
1117547,28249595088835
1117548,31588191347527
1117589,3875863353907
1117602,14101386914547
1117626,23180613664593
1117629,22475208892702
1117672,22469126182536
1117677,4786728459264
1117725,9033269570568
1117766,31638233412211
1117768,3195095029696
1117774,16125504587620
1117810,17147326750393
1117862,25155901027268
1117871,10476904302479
1117907,31790597422009
1117913,7087605444222
1117928,18471345142490
1117967,7087466791231
1117996,15268577710535
1118035,1864665285967
1118062,6536250989582
1118075,14738057306116
1118093,30037165642851
1118098,15295289199240
1118110,16904704542696
1118114,9859803174062
1118136,9624330056414
1118181,9794084354359
1118216,12951876964089
1118267,20653577382655
1118272,19098412244246
1118355,22896721889225
1118361,9074392179692
1118392,1832965216539
1118419,16558122679822
1118438,24499775062938
1118445,1065745925545
1118451,30163504375326
1118460,24125975094682
1118461,10052076296684
1118462,33718544980616
1118467,20230798927244
1118502,7084058727713
1118509,27354956651491
1118530,3349211135846
1118541,30081042915006
1118556,34040113896467
1118579,3727975577791
1118580,31082816328299
1118597,28836456427998
1118608,738844254900
1118621,6720051667302
1118631,18877009390183
1118639,32151385023679
1118640,30248815100015
1118641,33117675822299
1118651,23113145014746
1118672,14103720746096
1118701,14658914654901
1118745,9723053891629
1118751,1281902685075
1118757,5064562003892
1118758,4634496340111
1118776,1091268468277
1118788,27347735383506
1118796,16791277577516
1118813,305690997806
1118868,25189341688557
1118905,7003258302925
1118910,6485280028632
1118981,6888761429154
1118999,5798242664900
1119051,7783119208465
1119052,6215882142192
1119066,2376194692350
1119130,2592001858865
1119155,15361308752095
1119158,21151175671252
1119163,22017094530184
1119189,22804008406475
1119203,2028396676195
1119222,29222088278058
1119228,32124938237508
1119232,8742210192609
1119237,18718948724202
1119264,34291243683600
1119278,28963505992748
1119296,29619036420676
1119337,15609754354073
1119349,1303741984418
1119354,22448582544036
1119363,2843699087468
1119378,8505669364488
1119431,32423662188440
1119442,32055627119670
1119473,29187658111193
1119475,32656496118619
1119486,20000530582201
1119502,10323183661308
1119544,20785051865505
1119567,2175348737108
1119575,31433027421413
1119625,4951415384090
1119669,6140383491786
1119687,20815570515329
1119712,4175353554166
1119730,33995085811004
1119736,19361383121920
1119738,6162251632587
1119828,34306653241056
1119838,16856189940205
1119850,8950611202427
1119869,34061257260874
1119889,14531628938165
1119893,2587872637713
1119897,29542582164745
1119900,30325958431591
1119904,1534413390332
1119906,12100576847029
1119931,1521453074029
1119951,24491658305664
1119973,28077418999740
1119990,21015246049375
1119995,13422970398275
1120019,6058483560248
1120026,28715964705505
1120028,31645090307209
1120033,19342694646398
1120080,23983467011513
1120084,2165463514928
1120092,3415397039691
1120110,16071909990500
1120118,1357034457754
1120122,30826727231605
1120128,14679906898430
1120145,27720132621507
1120155,4153425256019
1120162,25609410514620
1120167,28116140034256
1120201,3981191917086
1120211,6257269369486
1120217,13875524123721
1120220,5495806848693
1120222,3434965577212
1120223,4159608178993
1120268,18798450238543
1120293,12978367252243
1120298,31601155180166
1120347,28425886947645
1120353,27359331455815
1120381,20849781941053
1120386,17873624758396
1120387,8189348616448
1120389,27481380331390
1120410,23040855243939
1120447,26942312751313
1120452,12021863269285
1120471,33866147340852
1120607,14111487875435
1120630,18320083676437
1120648,18125180829072
1120737,21048311740624
1120748,32640556702798
1120860,18881381647109
1120872,23569835230668
1120920,4241833673434
1120990,26734888583255
1121058,27819653777667
1121106,5218170357926
1121209,33302465534724
1121264,17890249883414
1121293,20249461139259
1121354,14635418804299
1121361,12255209379112
1121527,29583647147238
1121564,26699656871799
1121578,6857129247269
1121732,22463244865025
1121766,33631404225801
1121879,30927521540588
1121882,23121329425849
1121927,28993493871554
1121946,28341719506262
1121974,30826983677237
1121993,20148783503060
1122202,26986535439323
1122288,28762899284655
1122375,2518375473208
1122378,5421252183554
1122646,15046282854030
1122654,16449622432225
1122698,19037463522147
1122803,24285012326558
1122839,19948911078769
1122855,27410654235919
1122864,6231950539555
1123005,12408058755998
1123093,29257630262609
1123094,14989941713824
1123123,4295976726320
1123126,29095423739349
1123345,26022124601780
1123376,12770810225293
1123445,22564514073872
1123519,10101973544390
1123625,12557100729610
1123659,7022769494319
1123665,22109900528405
1123670,21271039345804
1123671,6843501407042
1123682,18567763359672
1123684,30071617720138
1123693,25188391034562
1123709,7798222258882
1123712,9461638737703
1123733,4798882081565
1123734,18757313159849
1123736,911462266785
1123742,24621228010770
1123747,16341062373483
1123760,25227142823137
1123762,16095113121559
1123763,8133180652174
1123770,20003339525812
1123771,9918408281941
1123780,22584194688447
1123799,7863993849425
1123800,7347163327638
1123818,1211062169611
1123831,20697098224818
1123833,27377173013186
1123835,22969065969691
1123836,8801969178732
1123841,6036307000947
1123847,30960921267876
1123856,15390886783650
1123859,15866420383785
1123860,10919028237490
1123863,6256945000671
1123870,4496553071159
1123895,12774382612892
1123898,1129245651529
1123903,13201389640953
1123911,2466211807640
1123923,29835674328227
1123936,34252679932677
1123941,2494998810791
1123943,12284814569104
1123945,32870131357962
1123950,16493472011620
1123957,11129777225890
1123959,7157713383989
1123966,24478869565053
1123974,17088186468136
1123975,33218408553864
1123977,20667751446585
1123991,10503626596908
1124000,5508702558557
1124003,14136044410734
1124013,12008285373538
1124014,30028085633309
1124027,16720523078917
1124028,32348120052095
1124029,33814226166059
1124040,10312131160883
1124058,28433683005994
1124062,33010178844388
1124067,11520058226561
1124072,17227688470935
1124076,14085201694642
1124083,19702327721470
1124090,32666176112479
1124091,20993315552609
1124095,22425353678079
1124096,112664856627
1124099,26253808572572
1124121,19383962592630
1124122,11851832521613
1124124,17960983253242
1124141,8524627047439
1124142,19143166937761
1124147,21650953571070
1124159,23968363643431
1124164,6456241870568
1124166,11375308717233
1124168,7915313276141
1124191,6245472137528
1124192,20997540126046
1124194,30086507566315
1124198,7290425289167
1124204,26188148634067
1124213,25595534079004
1124215,28592710248095
1124221,30811479808097
1124230,24671408709668
1124235,21717693493393
1124240,25327250955323
1124241,28149918231007
1124250,14890058769837
1124252,18142390306871
1124254,9767838610313
1124272,15211179705011
1124276,762067458680
1124284,9581890484551
1124288,32947349072277
1124289,21413076238532
1124293,5631092077816
1124296,1550606739155
1124307,18263721200132
1124308,27244955740306
1124348,23793953378684
1124355,18428707697369
1124359,28063836664616
1124361,10459602545286
1124362,16371476479046
1124365,29999093277962
1124369,17062562060295
1124380,24179833427665
1124384,29490045602835
1124390,9017639720676
1124393,8837205835480
1124398,3166290912788
1124399,17297860769880
1124401,24240192296673
1124418,25734733093072
1124420,18474438488911
1124424,15066702816440
1124442,1275751018734
1124445,4896205939397
1124448,1260222795131
1124449,32770024094227
1124451,2282304965110
1124452,8001100318071
1124455,15686855717166
1124464,20030790609432
1124468,821008178004
1124476,20932520306765
1124478,19067151135715
1124480,21713390846202
1124493,32486964005972
1124496,12623766553124
1124518,17517653108240
1124536,7065940971138
1124540,9395978584494
1124542,25734454207192
1124546,26437870543018
1124548,33345529688636
1124553,16653181658048
1124555,13246305162488
1124558,16520113653903
1124561,21668840206764
1124569,19725085536244
1124576,19848960276265
1124577,4197414491995
1124589,18346560405577
1124593,28385908487254
1124599,22233261440875
1124616,4813369108411
1124624,4913925646478
1124633,20582657638277
1124634,30257249787276
1124669,1264659978619
1124674,29688115335436
1124682,17558729719087
1124691,830781384878
1124692,10759964134740
1124701,24023520525316
1124706,29698299880906
1124707,2268453583804
1124711,3414172660318
1124721,22930486004681
1124722,26771380729139
1124741,23707280570467
1124754,11477385087371
1124763,1035782576391
1124764,7928691686054
1124766,23723789247764
1124776,32372499211626
1124782,15521498289136
1124793,31651233220384
1124795,17198487675095
1124807,31797893995748
1124828,20061785477466
1124831,29615398264758
1124835,14097244252448
1124837,25964535550057
1124857,30996094907444
1124860,5746879039750
1124884,30817192052137
1124893,2561495151290
1124896,12326488542792
1124900,10397365597068
1124910,29445344162441
1124922,29495066836718
1124930,3069809372824
1124961,30792533091575
1124975,26597324545777
1124985,10583749224799
1124989,18167333393068
1124990,28965765848978
1124996,15729519113958
1124998,6616520445890
1125002,14909182963399
1125010,22624190877814
1125012,3768576704786
1125018,15651523747406
1125029,7192696761233
1125036,33808179778823
1125037,16856024368649
1125052,6508997592320
1125065,31530200382857
1125067,8660135797836
1125071,6155391360059
1125082,27779006394521
1125083,1185236724444
1125086,11483784947410
1125093,6773423380701
1125096,577040914445
1125109,14729315704503
1125121,10761749635480
1125122,7403584044709
1125123,11758751596251
1125126,15423808456905
1125128,15233466720042
1125138,8829027684799
1125146,13460105351544
1125149,10490019688640
1125150,18261781281977
1125153,17507930257908
1125157,31465512083628
1125163,18560924349591
1125165,13297453566465
1125168,8816270888674
1125172,17783332260908
1125174,3979900375409
1125175,7476412800048
1125176,5876787504335
1125181,25712027182208
1125183,26016606853627
1125186,33447382822223
1125191,9808045026673
1125203,8507549375402
1125204,4952393005484
1125209,6090059017135
1125214,4660878789683
1125217,19956613297163
1125220,10747159907558
1125230,25741869880030
1125234,22992669702934
1125235,22486618507274
1125247,32721756193208
1125254,17444450611845
1125259,17475049176457
1125268,33663930135034
1125270,30326097565369
1125271,13781704897122
1125279,31567852581131
1125289,19773619715648
1125292,15268663462175
1125315,2838387570748
1125325,25311575968348
1125330,28621726118567
1125333,1582336875937
1125345,7730508275455
1125348,27747346742085
1125354,21418503553318
1125358,13968620921715
1125369,2534704917731
1125377,15267296164177
1125384,18348527097223
1125391,5594704580722
1125400,5236255611072
1125406,25215388122351
1125409,18846151425518
1125412,32257545935749
1125422,30312307822566
1125427,29519426848510
1125430,1625136226042
1125450,27867919980055
1125453,28487136114817
1125457,21916374217243
1125464,15927560317810
1125465,25957255796001
1125479,2577026755579
1125482,27992954473694
1125485,7906761122670
1125501,22703239194201
1125508,28445163116899
1125515,7020591101750
1125517,33755769743379
1125518,24862089072185
1125522,16216754090511
1125536,8581381057429
1125544,6739246505025
1125551,20677720944318
1125556,23825549802168
1125564,32982742979133
1125567,31814044553447
1125571,3235823144088
1125573,6908015714328
1125592,25894707580377
1125606,26978694082656
1125608,23645787933951
1125624,20073652484182
1125627,4512193876818
1125631,6171810109379
1125634,9284392616796
1125654,19656180977967
1125662,23396239515646
1125668,21256076815465
1125675,23108800150244
1125680,16874859697765
1125681,19729000703693
1125694,514308683876
1125695,1339695912576
1125717,11814012037419
1125724,31528428429964
1125726,14702188352074
1125738,5373903635982
1125741,16714581959384
1125742,16355077854683
1125744,5309358093582
1125748,4006366087624
1125752,800963264115
1125772,10347400076555
1125790,21004972441748
1125791,26259998019326
1125809,27742079268121
1125810,33490336853886
1125847,8843951079658
1125861,494296851913
1125862,30874581244391
1125863,13505760620852
1125873,24109693099984
1125876,5050983819434
1125881,13627477341929
1125895,27489198372760
1125917,24049995109740
1125923,1310550260488
1125933,33638704756473
1125934,10206373160601
1125938,34322487690703
1125953,33491520411487
1125955,19387688697078
1125958,16977571981188
1125966,6164036560003
1125968,26184258628798
1125976,26675056321030
1125982,20977186234246
1125985,30531515695152
1125993,1396964651617
1125995,10149279764672
1126000,34218966781607
1126003,9154661468666
1126013,13663290512595
1126014,7095848098592
1126015,17628207264456
1126018,12702760377386
1126026,15140375802247
1126028,23470654766150
1126030,23911514513249
1126034,8031273659668
1126053,26253690893831
1126055,27107890575498
1126066,14137528745394
1126075,21192946092078
1126077,18949299701721
1126091,26591627516440
1126096,21368734112970
1126097,31389317718521
1126098,24227381716339
1126120,30534141662461
1126121,8530829643422
1126125,32163886689386
1126140,17428271308888
1126143,10116315151467
1126150,21882739022618
1126156,11757366052792
1126158,26645327656445
1126165,10370547265914
1126178,7948795098995
1126181,31631798234793
1126183,23497425424292
1126207,4116975292550
1126208,34128157824360
1126209,11147729635299
1126213,21852368098431
1126218,1015501099051
1126231,21354279580610
1126234,18292308383456
1126239,29481736848872
1126242,16829216175111
1126245,10232772802136
1126249,16167347773917
1126250,9384146464362
1126255,846985616143
1126263,24154047988447
1126285,10704234950968
1126293,663147665715
1126304,19577759722777
1126305,18870417213668
1126325,29307572717305
1126333,23105675451926
1126341,9740751178523
1126344,19865848078640
1126348,31485567795043
1126353,8325561638913
1126358,19198238187392
1126359,20541798941829
1126379,29544336393901
1126387,31779780772496
1126396,18964274575098
1126400,27738232235244
1126402,23010092757782
1126409,8784663632670
1126440,14656231951054
1126446,30222919969113
1126457,1919097800487
1126501,14606715232889
1126518,18206946508512
1126519,9829375720351
1126540,7596357129886
1126551,5720733603688
1126555,1332189812510
1126565,31832688293348
1126569,12890977457646
1126578,15270406178679
1126584,15815120900037
1126597,17033339103154
1126600,2112054939373
1126606,3023393031405
1126618,14865540503326
1126632,31040255365653
1126633,29764986238601
1126646,11775319965631
1126647,33942558511857
1126651,5762682704918
1126656,16973639241754
1126662,5638761027653
1126663,11184181468711
1126671,18990544786683
1126685,2353027696144
1126687,15105341356937
1126712,11651698549457
1126720,33488211458239
1126751,5843660589141
1126757,28469819159652
1126780,11621782778214
1126806,16675205815721
1126821,8420752167707
1126829,26740946011793
1126838,29192881930876
1126840,1742149342819
1126841,13339196412998
1126876,15589834879086
1126881,27712683384404
1126903,4276225144950
1126905,26603900966114
1126906,13677528944717
1126935,21693526195373
1126936,28725801281350
1126949,8014781941537
1126970,1128934365151
1127001,23482370100638
1127019,27523647646919
1127023,11747302870827
1127028,14549961763000
1127030,33557216429161
1127036,6959435137166
1127062,13041863014280
1127067,4590215157032
1127068,29639506701253
1127069,7172953664428
1127070,21273099301119
1127082,14419885656404
1127102,2050832834687
1127115,13488663380066
1127131,30090679528214
1127133,26153001182762
1127138,8798005163605
1127151,11428080847617
1127153,29356100263250
1127155,3960259444085
1127160,29227796527752
1127177,25317539525028
1127180,17003944911388
1127266,8105779396729
1127271,17889699453044
1127274,4755706396326
1127275,9974064102768
1127276,871153000062
1127292,17654947786638
1127296,19911357881550
1127309,9410834096040
1127312,31971467524809
1127313,22769690468899
1127318,26674355973329
1127325,15036646941495
1127330,16055300983186
1127336,19408042298134
1127340,21024316299550
1127343,18924757720876
1127362,2827028301431
1127377,30804776909469
1127385,20572628564476
1127389,33582524755016
1127411,8325566486103
1127416,17914314737909
1127432,33975326609541
1127440,28896061802380
1127442,13410564942632
1127461,27949171436392
1127464,27000902598067
1127472,10948675652613
1127475,18555209613223
1127492,24315059663695
1127495,20448994331312
1127496,26556936998385
1127508,3374705848498
1127531,28776575806760
1127540,34238511366829
1127549,8883312554553
1127552,13602075507478
1127554,31499547361167
1127558,10767383706178
1127588,14088006947669
1127601,23454724505307
1127629,2674648622071
1127632,13667943821819
1127638,5017085176608
1127641,2683467711917
1127675,6360135845600
1127677,12292446467253
1127684,10400609543467
1127685,5256706102657
1127706,19312056838853
1127725,8862211942927
1127739,16924933729246
1127747,6815457419567
1127748,31055995826640
1127754,18500184394747
1127794,32435641495772
1127797,28215895918877
1127807,32571470076461
1127819,18371480991050
1127831,28430265273904
1127834,13891098635551
1127891,28963726792178
1127905,3563696696300
1127919,26633916189245
1127923,2664845234863
1127936,18223734553269
1127941,27681867309041
1127945,29239558739560
1127964,21420738888972
1127966,421154827719
1127999,935095556672
1128000,31348327700302
1128004,10727674533335
1128013,6507299481497
1128054,17088646915661
1128104,17597138081838
1128144,9324572711568
1128154,17704718121904
1128239,17107754848748
1128297,14871053462023
1128303,26380654449214
1128378,16208782157929
1128391,3305534460079
1128432,1928137911666
1128453,31674404073267
1128467,14973485827692
1128512,8539485934048
1128513,17330335289407
1128517,659701279592
1128555,28499562599770
1128556,18816208087216
1128569,22751164362122
1128605,9032816898438
1128668,28113056399729
1128686,30488358707468
1128705,27037077058870
1128743,14240692756801
1128775,15490016612944
1128776,9566680978908
1128829,5872365041091
1128860,26205412122601
1128894,30134531369988
1128915,26126383529009
1128991,21105179443908
1129006,18011248589658
1129026,29170947532956
1129065,14419698296552
1129068,3901849288682
1129082,21761348134571
1129088,9461029317664
1129145,24585084415234
1129204,23172672548686
1129208,2665830155020
1129215,18564486632909
1129229,7318231292958
1129251,6247404589440
1129265,3996634035475
1129327,22582062182475
1129338,11134660411181
1129362,15593604434254
1129394,29455092086783
1129464,11542357547580
1129469,30934587240110
1129534,14075896035701
1129547,13450135911983
1129556,11005436804066
1129610,9381611426316
1129697,13736646663002
1129699,30725367203710
1129703,25073945494641
1129717,28461098735059
1129763,27525544691468
1129778,24453153225392
1129803,5066696368974
1129840,26214894464383
1129891,31195793901543
1129949,17694032803953
1129975,19200010584824
1130074,9635007262689
1130103,20628773688394
1130107,13992542680019
1130111,33668661771727
1130132,18184616746410
1130250,6127754705287
1130319,31913519153795
1130392,14167778880207
1130416,9252684490616
1130535,34328854393533
1130690,30293907148126
1130696,22909584677734
1130711,30017203171863
1130756,7840672178845
1130757,30413371248392
1130769,5766959859105
1130773,32737080536392
1130786,30995706240384
1130808,16098061464083
1130843,10264662488212
1130851,12852844644016
1130859,15149901217473
1130915,8382226885502
1130959,30289742498456
1130963,9902302727629
1130969,13475658240673
1131023,22718824864027
1131053,7297130440117
1131066,15472839977253
1131100,11173695503238
1131168,13503929687797
1131172,21030793651251
1131204,16673493823640
1131231,20974801675792
1131237,11251332035485
1131280,7378372030747
1131284,17768949573964
1131294,21085355404515
1131310,13662406574079
1131373,3203955110427
1131383,16992997214063
1131397,981580846221
1131398,14318396943264
1131459,3670605671653
1131475,29429272306123
1131505,15125285981663
1131512,5002659777653
1131555,18199565690524
1131562,33455210737419
1131666,29203709647419
1131690,14268494180799
1131702,28269086002437
1131704,31712614344833
1131915,24208274461775
1132103,32564332671434
1132126,2433358446079
1132254,17846124108772
1132373,9148133394221
1132376,19919322772337
1132448,28562158155526
1132452,32547181482862
1132586,30007451959591
1132596,30333274678058
1132611,21950203892903
1132616,18963299146021
1132631,3085775994016
1132674,27429677584355
1132675,34080084066691
1132676,2874707726755
1132689,20856222843924
1132736,22418012064242
1132759,27355644544540
1132760,29826341423953
1132768,26114468254523
1132781,4961214829186
1132792,15920617260309
1132828,94455861196
1132830,4366902273163
1132860,26526162642927
1132867,16745357871293
1132897,31704337875040
1132907,2829012688284
1132965,17715478425725
1132969,22588051212260
1132982,30952450242098
1132986,20553819554877
1133040,12567269620695
1133046,20838567680383
1133082,9527652114089
1133128,14666959811749
1133168,8655690790872
1133170,14385440421195
1133175,31015167651670
1133190,34315474017800
1133206,3587185044779
1133228,6939213631295
1133235,261276267965
1133284,3536694754909
1133290,877178425527
1133340,7478435040887
1133352,29330671575997
1133355,23445334909035
1133371,3158582260668
1133374,30832734796967
1133401,20459375138387
1133412,21639101818476
1133413,19499170813206
1133416,24246475189934
1133426,9710853936031
1133441,17645274521517
1133477,23599398420621
1133498,11120596294252
1133505,10215613791517
1133550,21062447141984
1133557,2766196246643
1133623,8991889912001
1133651,28725424998379
1133692,23262528630238
1133709,9641078691991
1133713,21302593217113
1133722,4741892661297
1133740,10437659340573
1133748,12044837502958
1133757,32052636860972
1133765,8925157685940
1133824,18064403505040
1133825,30579705233153
1133835,33026847777361
1133845,18418964820723
1133857,4475387507850
1133865,16491728130335
1133888,5388243229754
1133912,11624617669145
1133913,34324853532279
1133921,17316922874955
1133942,10249214550083
1133958,33346390784974
1133959,1283707465193
1133999,5930018730225
1134014,25649213399237
1134016,6766580102016
1134026,12941480488097
1134029,27863605807746
1134030,33679468520715
1134035,17601004476730
1134042,19224561042271
1134062,30256132265864
1134074,3676071268114
1134075,29786979092989
1134083,8186003005949
1134085,17470517693700
1134127,32452906161700
1134144,9122265552823
1134163,7687616774784
1134170,19237080850451
1134182,8580936427288
1134209,17795441893507
1134234,7193124103969
1134240,2269599424873
1134279,17615514048658
1134303,8018817535964
1134308,17878089116264
1134348,3084212078615
1134355,10006610184185
1134357,22738656857145
1134365,9830453249488
1134373,10469928535949
1134384,23048685940180
1134385,1987584439141
1134417,19208975957750
1134431,29687612355404
1134445,21371989708392
1134454,1098696950302
1134471,1712832274807
1134475,29910286284213
1134514,8286075894508
1134543,30494473362389
1134556,22828358719878
1134565,9096582474735
1134575,6923911475679
1134605,15375500755125
1134618,3290107779957
1134628,23174412797597
1134708,23679358951988
1134739,8783890880619
1134758,33020663797022
1134801,24379488785571
1134815,33211308661012
1134865,11662027236483
1134918,31126979343650
1134946,6109609165001
1134953,10966558076003
1134996,14294358538829
1135008,25787126386077
1135015,13661778698122
1135016,22745567074664
1135023,31800612445914
1135033,29534256321001
1135047,28375386846521
1135050,29408495810206
1135059,915874591738
1135062,21275074133332
1135081,968667278638
1135093,27105599888027
1135129,32941570023924
1135164,12150320639038
1135168,28241229424395
1135177,30431523125539
1135188,2727654755195
1135198,24725545445881
1135211,12205824188408
1135237,3705062620142
1135284,8238626612735
1135319,23235541460853
1135320,13921267967601
1135330,16585893048386
1135354,7959436317015
1135371,3323740231928
1135403,16107059876278
1135406,6233169204746
1135409,32615660332130
1135467,24736274691323
1135468,18570372314394
1135469,15277365620002
1135474,19306980303838
1135502,20507812040428
1135541,21408629164766
1135546,19891117115282
1135568,31865581246954
1135569,7598831712186
1135573,17289553943933
1135578,13887072094746
1135618,11843059070819
1135662,19985408610510
1135705,17889603652039
1135712,18839089627067
1135715,14106665815506
1135734,22205695825948
1135742,9971885779943
1135751,27635403930551
1135799,24229423687388
1135823,14077467385184
1135826,3042354353191
1135831,5771344040110
1135848,15958470681996
1135903,26020689381875
1135983,19949426973758
1135999,11396225240547
1136073,1274894064171
1136092,25323101534197
1136297,19064756950273
1136347,5854571427872
1136412,31637841502251
1136419,18085707476726
1136471,26439067918588
1136486,447344074385
1136574,11789871601174
1136578,20071914540101
1136697,12407025702853
1136746,30194266551409
1136861,24021782966464
1136925,25546277783612
1136952,27869404057435
1136981,15693765647808
1137078,25590255069879
1137083,31548364621014
1137161,30782959635199
1137314,1383465644239
1137326,6431173726080
1137329,15086480387628
1137379,6912484024157
1137450,34321566584224
1137513,191213429949
1137525,14124508614791
1137587,8165766267611
1137638,22759940212882
1137670,10662243625755
1137892,29623622328425
1137945,993815278744
1137961,31746930179412
1138013,9207418411098
1138086,29915062487210
1138152,29811407343567
1138164,28977236421282
1138166,27850307404960
1138171,25843552917489
1138317,15175714871792
1138368,23979185134266
1138385,18162274168934
1138447,600411189075
1138615,29357192295194
1138744,31430851235147
1138825,22242998130256
1138838,2393108964112
1138852,24420118436550
1138903,22104770368327
1138906,2914518196194
1138966,11853347073139
1139021,32008707837547
1139126,23169522829404
1139280,1054606634601
1139320,23257909139730
1139329,14867643730185
1139338,12350008445380
1139350,19498040192874
1139362,32823773508777
1139397,15639813296921
1139431,852512405709
1139454,20141259872825
1139468,7319623186596
1139505,7265084051184
1139528,31991084640115
1139587,7581779412549
1139590,30425474328946
1139605,11358190807505
1139645,10878406934943
1139654,27875992204570
1139671,18062964000852
1139673,10582246275453
1139683,4545172075995
1139709,25497486698785
1139720,11399700359787
1139770,15694245479318
1139775,28810737629232
1139795,6367853382349
1139796,13964705930976
1139798,31011057568024
1139803,22073717319164
1139804,10489535172818
1139806,14341120050085
1139817,24211535167833
1139822,25381436156527
1139837,21137455556863
1139866,7062902126808
1139884,3293536064355
1139926,23173441192213
1139932,33903224411760
1139966,24408870103901
1140013,30837312794042
1140039,20577501831673
1140043,16444354155574
1140082,29285714656681
1140095,28245024527330
1140117,21330967079755
1140133,4253375592270
1140137,30229864793602
1140150,14054022490390
1140153,29319461988135
1140156,6090455102994
1140157,6689832100560
1140175,15404304761892
1140180,7076090836952
1140185,825935835486
1140191,3190630684642
1140228,16557427479477
1140234,15323377705768
1140237,15270386746760
1140238,20308640902415
1140253,599244593219
1140264,18502426363369
1140266,5358690302890
1140271,15981583450171
1140284,10136444215277
1140286,3068130920960
1140310,9124291705055
1140341,34031726085202
1140345,30600600915683
1140370,7177123192406
1140373,10453654539990
1140418,21569964919633
1140448,23528549669657
1140498,11027132057579
1140510,483520669887
1140552,15088303201196
1140558,32696050822215
1140564,5396045696959
1140573,24132415249746
1140574,32398539702125
1140592,28332832794170
1140594,21398029336037
1140611,16805627924072
1140672,11529104512828
1140683,16110332902026
1140693,21544235259410
1140697,32398532074328
1140723,19838063705133
1140752,692525490052
1140756,14236426397842
1140767,25929152985765
1140773,20893193029020
1140780,11218804440042
1140788,21177649248669
1140792,32324212679996
1140814,27508272160936
1140828,18496084646772
1140831,11092319042187
1140836,31349742903333
1140849,13990257718916
1140878,12138404228375
1140888,11379524952982
1140892,853214632157
1140901,21036161839267
1140903,20792631368833
1140930,11845274410996
1140931,22909710533967
1140935,5930328602491
1140942,33282576687740
1140998,11116642219473
1141014,2575479064101
1141044,10901841251692
1141064,8475853550340
1141080,5667423846205
1141116,17563316994964
1141122,5156544000937
1141142,5256766757782
1141153,30792992848259
1141164,11690153025262
1141170,22234534846154
1141176,24888426306065
1141196,9892049374054
1141207,12540828819089
1141213,9713166325177
1141219,15382789616660
1141229,16304553036545
1141270,10773506228438
1141280,9095514938165
1141308,6130331132337
1141318,19369457378554
1141357,2491706264737
1141387,34080221148236
1141482,33844019597112
1141501,8142349441675
1141509,20788673140872
1141519,12175688862132
1141521,4113414810865
1141558,2871730136779
1141576,18851518063708
1141594,26929076889137
1141595,23604032960499
1141598,26630967507588
1141612,12025785490045
1141630,18005587924841
1141640,9644968646687
1141665,27054039871571
1141666,18067179281197
1141667,8347616759207
1141676,11217731698797
1141697,3373706731192
1141721,8259604406417
1141752,24643505697178
1141799,24003432278978
1141812,2253865231109
1141832,3298082216123
1141833,22576919467488
1141840,21048517142452
1141845,5616858539762
1141860,2676860219844
1141878,7873875288510
1141880,12208292004929
1141895,13880109595746
1141912,20440878012478
1141913,31956201314284
1141945,31106735586907
1142037,26769442763922
1142051,29141342076092
1142081,30749926397504
1142138,17752591910210
1142188,5508069067812
1142197,16623671649124
1142238,28345209065587
1142252,10978497827834
1142261,8731927231108
1142308,5288597623824
1142313,4165369839704
1142366,33962853200285
1142381,16655931692610
1142410,19774451180087
1142420,2110326564179
1142428,29513302738114
1142481,11954215343727
1142543,31165936813911
1142544,33360966538384
1142569,10593977200472
1142572,28878428521568
1142619,7685553851223
1142628,28532943654192
1142634,6623771593675
1142637,26076689485313
1142644,15715179363804
1142645,18495159624968
1142671,2044559273401
1142679,24416945303339
1142691,27610370614866
1142723,20795612801324
1142734,11271884959222
1142742,21666637635739
1142767,15255509274173
1142774,25878438183989
1142780,15110305278986
1142786,12585206580124
1142814,6775311609717
1142815,2398561430056
1142836,30971288717171
1142837,21204594629234
1142853,8843668070394
1142860,3009522105341
1142908,27975862796581
1142925,12155180332301
1142938,20544449934733
1142967,5165650867193
1143013,7930501704779
1143049,34001046646890
1143100,21120731977329
1143109,2874195630211
1143114,12133964891771
1143118,11051021266368
1143125,26947108786314
1143130,5304922155400
1143141,26785800407635
1143148,4329864028987
1143151,11033539734180
1143169,1954537172459
1143186,24553525612135
1143206,13641356593009
1143217,28844183630660
1143219,30419814161842
1143221,15868329027183
1143245,16571507859259
1143249,22339428773699
1143250,6981753966813
1143271,2238418759825
1143280,2792501027678
1143303,9047865495846
1143307,12547211060714
1143340,16494289475514
1143341,28265644813678
1143358,22835117738722
1143367,1614172745810
1143373,31525049345818
1143397,30812444781620
1143401,8931011746235
1143411,8252627853169
1143438,25678671452329
1143479,22016178430933
1143487,18334793856641
1143499,27952494244302
1143504,17953778331307
1143573,15671066969739
1143576,14348049716219
1143584,26492194128914
1143587,28738900294391
1143660,33117990829872
1143715,22631457920549
1143788,516831604248
1143800,8516044740293
1143810,3662431338462
1143819,7703772493050
1143823,30315183705360
1143845,11195623692547
1143853,29883964488315
1143857,1617297961178
1143864,9862144931879
1143925,9495227682126
1143984,946230734886
1144012,31367824088572
1144014,13132395777360
1144018,6114416468545
1144078,33618827300560
1144094,19880222486326
1144107,19915726059256
1144117,9724256405624
1144120,10576191352529
1144127,20730681226239
1144131,28403245782691
1144141,14058023033857
1144151,15941516904083
1144181,22664009934265
1144202,25242693694468
1144204,6970720023022
1144247,18137515627793
1144263,7114951251724
1144308,20287684862643
1144339,18444383912044
1144347,34135625570568
1144378,27880867767805
1144383,31841600603311
1144406,26236842140759
1144477,30763197167143
1144486,9721080970915
1144506,12354543428552
1144513,24480809344530
1144517,21087748084825
1144573,33251032221799
1144625,4411996192723
1144627,12250113068244
1144631,1920867662400
1144634,5799654026305
1144660,1953667668459
1144666,23865904838501
1144693,7746453410549
1144695,20620244937163
1144715,24065476268150
1144731,15724347473653
1144788,22458470106564
1144796,18833167810205
1144804,19941436490798
1144808,11871720445789
1144816,33596229502577
1144817,16858835534245
1144839,12195246650846
1144858,20782900152343
1144873,7167077185409
1144902,27397808633278
1144924,18135683480661
1144927,8049808756627
1144946,20627488101655
1144978,15991718237255
1144979,24860995269185
1144983,9998506411755
1145076,26027989650454
1145103,31791225450307
1145111,7281738352609
1145119,24362793019086
1145166,6702864938822
1145188,11908281854447
1145229,30441165455385
1145247,25877237105215
1145248,11771677839907
1145288,8802323604831
1145294,27082857051459
1145333,3748701282434
1145342,25469993230073
1145429,11977623525038
1145445,16039212449358
1145467,14007142844448
1145499,26418938254497
1145501,3708396071303
1145516,9239926258409
1145540,13394878754400
1145580,16484383679473
1145591,20040780051324
1145610,30192061087954
1145644,2864675982104
1145660,24343051219739
1145677,5850389547415
1145721,22485018933318
1145757,3503010144582
1145810,3775674958472
1145851,27087208405262
1145857,34365050062458
1145888,10883602852248
1145924,31638473365956
1145933,1464379656856
1145938,10350563980094
1145945,14878255594203
1145947,10304689568146
1145957,25872802846525
1145961,17226980415607
1146039,27002391129050
1146185,23407639120813
1146302,17832334434883
1146335,16056718122434
1146388,20454821327561
1146414,17340998761627
1146416,6226934103464
1146420,11338602825434
1146483,9288004917037
1146508,3280359084450
1146518,14120635897514
1146589,16275419091783
1146598,23607993027504
1146604,24736350998509
1146621,27122879439594
1146663,16516343968773
1146665,1386898283530
1146666,6775503734747
1146686,29731554676238
1146781,9490834206974
1146790,2429974731529
1146877,131110944241
1146924,31068664873210
1146937,21284855725121
1146957,17769075857026
1146958,17607027174131
1146981,25616711142471
1146999,28025287762639
1147032,5402952893987
1147035,33655100569592
1147073,10952418193256
1147102,8861853083826
1147161,13647695588116
1147195,16720281954282
1147220,28450565148607
1147235,3576142536044
1147252,29808792941958
1147263,7950797314276
1147312,29424651195828
1147316,10099262458113
1147345,29175416935033
1147384,8263564738179
1147420,28952481853434
1147436,19758117001084
1147459,7339504792813
1147526,30482681931074
1147528,30075796847633
1147530,7127237990554
1147537,30946111655912
1147696,24710914885261
1147877,9483216800554
1147903,11298058024909
1147950,31371051337884
1147959,24348938145250
1148074,29957389396760
1148087,7278053735710
1148154,17131746210077
1148170,21762608412881
1148242,31954047625666
1148423,30274277548652
1148587,8885647956552
1148659,19450113920796
1148683,4886515298780
1148906,13805997751869
1149091,23716226045542
1149167,31832544076441
1149419,10315137941060
1149815,22026867341101
1150020,3186821639288
1150163,30960454700604
1150201,874751956506
1150216,19393128031639
1150918,16119134331793
1150950,15558580317343
1151024,4832670054944
1151074,29691651807928
1151115,19774806082555
1151292,24239696520993
1151408,15550040833616
1151447,23812330035852
1151599,12772323094073
1151610,13295804829740
1151666,5730681235352
1151716,11835968519708
1151913,22611092692336
1152007,22401164042490
1152056,23973500065223
1152076,10790368163447
1152099,20574499303151
1152190,15028362327709
1152197,20988762994608
1152213,9474373916333
1152370,28679411518557
1152381,15597074403008
1152502,23079192307666
1152912,24760495994993
1153065,4702716329402
1153144,11378587367638
1153223,8698007272178
1153228,8145377969816
1153409,6200251532382
1153415,8279724440242
1153431,28371591044140
1153521,32377126441952
1153526,7892771446867
1153554,15604349051058
1153563,16166527519990
1153610,21764608246965
1153676,16643762390831
1153742,23288128397307
1153748,2652595541308
1153777,33788256255258
1153803,10299647573911
1153805,31705728255589
1153818,6450961815198
1153833,16805128680396
1153835,19747458827592
1153854,32579906784474
1153859,29577462585370
1153892,6154405502673
1153921,19224070888306
1153952,29294322281882
1153981,19703337622399
1153989,15430254081672
1154055,19030530816494
1154056,1268921363891
1154060,14484023399757
1154062,34176024075571
1154111,9565750735064
1154245,12008216906051
1154278,24492540164471
1154298,11446717497864
1154343,16610236487411
1154352,30245891563908
1154366,20760646189662
1154382,16320614144749
1154392,31735869375881
1154424,34029028195789
1154455,28617795882840
1154469,29587407845728
1154476,25647533508097
1154502,29176923043822
1154528,31896254366096
1154587,224408400575
1154612,25305738787513
1154639,93466719924
1154650,6522311364952
1154693,6498950933330
1154702,14224316042934
1154733,15613647178196
1154769,15865062812942
1154783,23910242052221
1154863,28214620394013
1154921,12909084421391
1155023,27567723857971
1155040,5703478761702
1155071,12239467466879
1155074,18986600037906
1155193,985960208355
1155243,29805711336133
1155291,29803211030488
1155304,17625229699581
1155347,9246013602404
1155410,5885510298452
1155415,32805688923138
1155431,21225979868677
1155433,33078573199142
1155434,20441369657138
1155538,29894067423451
1155540,20486184342401
1155590,30361982787580
1155612,964436545509
1155616,3793717912325
1155649,6686005143565
1155654,17645546590630
1155708,711072386655
1155808,18753195680744
1155816,21673012520707
1155840,17989626846522
1155931,13175152282471
1155941,15602750656402
1156049,32745903507198
1156088,4614264793020
1156098,12280595900247
1156106,17277742048772
1156123,5985325804208
1156137,10742737891282
1156165,15586773640864
1156172,13658274514855
1156271,30971260766902
1156273,34057398197052
1156321,11993590193955
1156354,11037938667409
1156414,9793359071195
1156416,29088707350534
1156432,4559428914539
1156473,23327308045348
1156511,26929866666534
1156545,20526714961822
1156603,9894001137876
1156654,28559775096298
1156674,18526475633263
1156725,26111332253950
1156747,31094776244766
1156752,15696977337026
1156789,4440513937505
1156871,14598225283460
1156891,15925366421926
1156963,9051954125354
1156964,14724921818707
1156980,1479710453610
1157020,8119816176001
1157025,14176343970799
1157045,4182548586276
1157091,33415331742488
1157119,33302446632116
1157249,16983449134976
1157333,360016974765
1157379,30944351982313
1157399,967431513131
1157474,32441138158787
1157488,15641299945279
1157559,10250920680381
1157566,5905447463377
1157596,24698797819558
1157614,23416488376702
1157665,25928522187813
1157752,7375635896074
1157779,13888083390381
1157831,4255133216695
1157866,31935221397992
1157876,29667159084433
1157882,4027014114436
1157924,6847378449172
1157955,680175964578
1157974,27734210174836
1158024,34074678115884
1158025,1095606616355
1158068,8398265209801
1158121,17907189292010
1158145,3664784501041
1158199,641346438619
1158230,24743677750404
1158287,23279163203547
1158321,5003147916794
1158340,31308526268620
1158500,23632088338745
1158526,20043058009976
1158693,3107683944948
1158702,29673517350713
1158768,23370975654979
1158856,3747421234491
1158862,22707475911811
1158880,136964551359
1159028,30855652588006
1159123,11928982126491
1159181,27710017408539
1159233,31842334381263
1159260,19209612392669
1159280,18867123228975
1159309,2940348674349
1159321,21224867641313
1159480,21582172647216
1159535,21688972083077
1159543,31830083114271
1159545,28982783606794
1159550,3578856980406
1159603,32123412716070
1159633,29909127252887
1159647,11983555640129
1159693,21190902286779
1159698,5862538650456
1159865,7670856090948
1160130,15331200423033
1160189,6624381008639
1160223,21549549906205
1160289,9406663622259
1160323,29583339906607
1160402,5054511546478
1160412,32809455348353
1160458,10921065747218
1160461,13929284072981
1160586,12961109407371
1160632,6555497617071
1160658,3096292403992
1160723,33844700067519
1160767,7377734390947
1160825,2638626403624
1160833,31974640831752
1160845,24709665226738
1160853,24292097049174
1160912,21595004373804
1160915,9193662531591
1160940,23038225966028
1160965,30839375173388
1160974,8533958636774
1160983,20686772898022
1160997,4812368611762
1161019,2524551930138
1161051,13785477650651
1161057,3023085009080
1161072,15921301348388
1161080,3459598402605
1161084,1697664465656
1161107,12641937230601
1161110,30932149161282
1161155,16441415366524
1161173,12285979180838
1161192,10240793805781
1161206,4825675316511
1161226,18164854992045
1161278,34358398228158
1161281,32600705722026
1161287,22586566142230
1161311,8601298555713
1161317,32949601465202
1161320,21858792317349
1161331,34281532845217
1161370,21248244800518
1161371,8061646508348
1161404,126459404067
1161413,8244518731298
1161449,32373802038703
1161456,28902409466846
1161457,16974782460011
1161459,3623615895644
1161489,26873213010316
1161536,18629251368847
1161602,30178666784900
1161645,2764338265971
1161658,32440756953472
1161713,15909047161994
1161734,23811573401134
1161777,23045062796435
1161800,10521947643482
1161846,5065959420659
1161867,16357774176744
1161898,23201224636958
1161901,24175990420805
1161922,30868825973073
1161969,24057950613868
1161986,19306623446829
1162017,33917396291440
1162140,14447913942458
1162176,14434256957765
1162240,12388202215752
1162255,10786470888526
1162269,28765426275582
1162277,26210741885771
1162278,19936448144705
1162286,17251095476523
1162369,5308929324318
1162394,26396496091462
1162404,1028557324052
1162418,8834395385322
1162490,26140054330938
1162511,3767672199441
1162521,20266707774392
1162565,2480016789974
1162567,8282790275150
1162570,24325271797920
1162598,10120157925394
1162611,34225272910289
1162626,7749330362820
1162637,30076082379561
1162654,8085094309723
1162655,25896104752066
1162701,22979875374760
1162703,15799945101882
1162708,219915899855
1162718,19215400672279
1162723,27794384500023
1162757,15968002351474
1162770,13487471224665
1162775,21784534643614
1162786,21972926391174
1162819,12214182618291
1162838,9509377356389
1162871,28017262499534
1162928,20473937250622
1162935,21950723883939
1162976,11283681685663
1163074,10550305613393
1163105,6402724325777
1163120,16593747097199
1163130,26378070796865
1163133,1184045809616
1163163,10515281018605
1163206,19829767747337
1163218,10270461542641
1163247,24004268246713
1163253,489333843789
1163265,31809301341947
1163269,29912481616124
1163275,10245489915802
1163287,10666366291688
1163307,23676715188872
1163312,6387482567107
1163327,23773218300109
1163352,1666981554357
1163365,22560289300256
1163417,19444540841397
1163460,21649517499942
1163486,26725530245685
1163530,25720578431808
1163534,12729484138386
1163542,31880676967728
1163545,9393715791744
1163554,32681612501321
1163587,29794203545094
1163591,19922211890787
1163603,5900649772945
1163609,13987838426780
1163613,32221437356422
1163624,8935277198979
1163628,29915442070365
1163646,14193845416294
1163698,1035867186304
1163718,6730977655501
1163732,28616725789224
1163740,2459133109070
1163761,7858953434739
1163767,7870555293510
1163773,28395321402615
1163786,3484707405514
1163820,11883467058904
1163827,34122863859020
1163844,25929548069262
1163845,9631252032969
1163854,26365597669558
1163859,20701759099998
1163914,28838435302978
1163936,33378016298249
1163942,24436043395486
1163945,15568354876455
1163951,21662933426648
1163972,33545968536736
1164029,26844540163070
1164103,16563636858563
1164104,1458358690527
1164122,21027093622109
1164123,21774385642104
1164259,31921741732537
1164271,25716382120843
1164273,32431922867490
1164274,29358181435255
1164280,32741164741454
1164336,1221167517892
1164354,20432222306022
1164369,20241991965421
1164388,29262191094952
1164415,9131555563090
1164449,272163405381
1164533,17091666072324
1164543,2127918214228
1164612,33991853628083
1164617,19849480349407
1164630,31829728626067
1164702,32883475866614
1164712,17290556699146
1164728,2770767142547
1164754,25139700528020
1164848,4495958243593
1164861,21800547259710
1164890,7327635727649
1164905,9923113766263
1164914,21356857977708
1164930,7159807790472
1164954,28963771102538
1165063,19309026463656
1165128,7044170650150
1165132,19029325654575
1165150,29954664302281
1165185,31389268610154
1165251,27747343168278
1165257,24710563285136
1165275,7007162303175
1165288,33451385609405
1165296,27336726948868
1165335,14985780203850
1165348,33201423102558
1165378,1961510311148
1165387,23485844117769
1165424,24805647586271
1165454,8756720412449
1165465,18117085802188
1165484,22014159701127
1165500,17905996420472
1165566,29194468691964
1165567,26178534513853
1165592,18571684622165
1165601,8860017684428
1165618,28342973371924
1165649,28022495327810
1165686,11387644063836
1165728,26025968731647
1165757,31779178219747
1165836,10251836305325
1165840,24430031835913
1165847,11374801017572
1165868,8264359126645
1165881,17924591158685
1165908,12589264687488
1165911,21155866352372
1165912,3565184700698
1165925,21013022168689
1165927,29428016107572
1165934,3639009788271
1165947,26592847523105
1165948,138982599746
1165959,23642421871316
1165961,29599145948805
1165967,6608026845662
1165991,22955157624361
1166002,13877219373822
1166004,8703417317520
1166006,13331323237515
1166008,1249648002158
1166020,13219032701342
1166026,20214534937576
1166066,15579705275819
1166071,8805189262890
1166073,16359495564513
1166079,9476717156605
1166086,22327825182448
1166094,17582010279491
1166099,19753834596478
1166101,27099932637920
1166112,30791254603954
1166114,30884255308778
1166118,30935540749649
1166120,24879191929998
1166123,24618719850754
1166137,7152262872807
1166138,4313959280867
1166139,22454515650876
1166154,28440031896417
1166158,19382135094882
1166164,30794097337022
1166167,7911888125412
1166176,12894806979008
1166179,31827887264249
1166187,34311125177836
1166199,8045923901133
1166200,1850431356622
1166208,28004285665759
1166212,11551752165232
1166221,8094939892373
1166230,7852438460502
1166233,8570421882726
1166237,11595385287215
1166240,4939405794184
1166243,3599108359614
1166248,9867912048301
1166311,23354976745175
1166319,13516082835298
1166322,20198879893552
1166330,31306135247292
1166331,18327999904227
1166339,22346935740089
1166342,30108870916604
1166346,1099770599109
1166349,7157552273946
1166354,17405268882174
1166376,3908753664395
1166388,18978150942792
1166390,23573784406739
1166395,15340309172552
1166412,29736971371889
1166416,15206504213381
1166428,15142808121257
1166434,33006452875651
1166447,23628429025532
1166448,5663117998429
1166459,12844906830167
1166463,9942498102737
1166469,29960040379168
1166481,30640351988985
1166495,7903645630802
1166501,21654595348893
1166507,2242484804350
1166513,20619154033591
1166523,1198944340110
1166524,7801410926756
1166531,30416740845653
1166550,28655996538782
1166554,31549803829678
1166555,26626222899879
1166578,6276707106588
1166583,5173636998361
1166589,20237312216601
1166593,22306054414421
1166597,19616170248960
1166600,6525953884416
1166601,7277638059906
1166617,15740039867542
1166621,15315428184415
1166628,22742768402850
1166635,17582990129669
1166659,9322506406805
1166665,29860714697921
1166667,14417881074341
1166675,9319488213421
1166678,2973003714254
1166689,418879638844
1166698,6276642321462
1166711,26134272046262
1166714,4827750070671
1166719,7245536330998
1166724,31382363426204
1166731,14257087568202
1166734,11589687236259
1166735,5242499491191
1166740,4820398592215
1166741,17063360869658
1166755,23883489214709
1166773,31754751547187
1166784,27853260752160
1166785,16836218524799
1166793,27047315251705
1166798,20550224886226
1166810,16417695315802
1166813,12247825065633
1166815,1053562839021
1166826,33590886910673
1166827,10597524189688
1166844,14678576350794
1166854,11191413317068
1166865,20536284415742
1166871,18646069954021
1166888,24822105079644
1166907,18070353441086
1166913,18388155537032
1166926,6235083827750
1166936,10133501705995
1166951,562935060394
1166955,21643989396223
1166956,5989357784830
1166978,33235632668841
1166989,17980037808396
1166991,6528791860697
1166995,10680696887275
1167002,33797779931245
1167012,1765298190043
1167017,22660777794340
1167018,26972791836353
1167022,5147268619475
1167026,8195316164234
1167033,3284794601517
1167037,18554805002678
1167042,8316725985179
1167048,29228127183501
1167062,14087552144964
1167067,5138992165425
1167068,17344449415563
1167070,13949675814954
1167080,4321445002890
1167088,31454692177232
1167121,25523961474658
1167128,17007050933493
1167153,23740163542037
1167161,28611514051832
1167163,3226786055886
1167183,4041050601268
1167192,11434897691387
1167204,19446777581499
1167219,25716633029205
1167220,1256707506376
1167229,23241297155755
1167232,18152127188102
1167234,28050529520782
1167247,17913134722492
1167259,3941045921919
1167262,32204029339479
1167278,15482834007202
1167287,20581859732378
1167297,12590581515457
1167310,11106816888301
1167317,6764439660996
1167325,5343597761389
1167334,30872424726709
1167338,10269042363135
1167349,16371101991945
1167371,14899473057364
1167386,720647668419
1167402,196906079824
1167410,24172258002728
1167412,24056324467881
1167429,33190543487347
1167431,22266553051270
1167441,32515527052404
1167446,22913821924302
1167447,6409765251939
1167464,25155781770093
1167468,24960472926907
1167482,13216821560297
1167484,1789889632940
1167492,16004158041585
1167515,1227814023896
1167519,20329250779381
1167520,855738467195
1167526,7609765315172
1167529,13294696623882
1167531,9952454719444
1167537,18857751241069
1167550,726564342989
1167554,12652295916633
1167572,9322227623366
1167580,1985943280683
1167593,1575887893251
1167601,34248758924599
1167607,1574254683103
1167620,28787870665230
1167631,32635317772298
1167636,31417291392961
1167642,8207705752662
1167654,23063760655490
1167666,27035041943261
1167676,14927537737203
1167680,32728924140723
1167682,8620071070908
1167697,29718180246544
1167719,18714038836108
1167721,2547903295361
1167730,9197247663331
1167740,25154126704191
1167757,28739495630000
1167759,6402093348663
1167771,22055691949865
1167772,6994941654813
1167776,13425692542734
1167777,33776606800049
1167782,31901230395254
1167795,7900250995818
1167808,20299617914578
1167823,5545672142416
1167840,3827757350739
1167849,26795359853684
1167864,10146675115564
1167871,29611570186691
1167873,20392119784979
1167876,891465829015
1167879,2802569615911
1167887,17236145164356
1167891,30080506438536
1167927,10502978983940
1167931,8754170132733
1167944,10104753263783
1167951,7390395301934
1167963,18005818119966
1167964,7304195855149
1167986,13241622594104
1168010,32879903362016
1168021,22719921385882
1168030,13641070573516
1168035,2683413438573
1168038,22043358069797
1168055,28482570280242
1168067,33216963597618
1168096,29145866492209
1168106,21340323040731
1168112,19677293294522
1168121,18574387099792
1168125,23198822461993
1168139,17523788478791
1168144,4479129323262
1168148,27247523983561
1168212,14709598755673
1168234,3101789669861
1168238,22239799968555
1168262,11649090580382
1168284,26775269077343
1168289,11054695547126
1168299,26694397570662
1168310,31988198956476
1168312,8821955267099
1168342,165891081264
1168346,2977267911094
1168350,21281916976753
1168356,17702889578724
1168364,809705677721
1168365,101124238530
1168387,25755752518701
1168403,32270041925778
1168408,30280275318936
1168410,1972086943365
1168411,11223015860199
1168412,16091928617519
1168421,8989460587881
1168434,8380755785636
1168448,28642147988124
1168451,31472720352007
1168458,619757891685
1168460,1768935480114
1168465,1504853362277
1168473,5780672044078
1168488,1030458792342
1168517,21670750553772
1168532,5721222007464
1168536,31631514265393
1168539,21941062386631
1168560,3150823888686
1168562,24634576138589
1168604,19914937970590
1168618,17687132637516
1168619,8018292795781
1168637,21355624102402
1168644,33440084879783
1168646,23568733656021
1168668,5939543514091
1168675,19158621825205
1168682,11907087897989
1168687,5431155464369
1168707,33513183379757
1168714,28357613047633
1168718,30198773482427
1168741,22305295901564
1168743,27356858283832
1168764,32029947221906
1168774,28892477905830
1168778,24250676235014
1168796,29137914795576
1168806,6565341803442
1168809,32466821379454
1168822,11435674967189
1168830,6812665578302
1168832,2532294758548
1168833,16381783439544
1168859,1343280346667
1168862,8592843576683
1168892,20804043995239
1168922,21000972322646
1168945,2652917071706
1168958,33660385781926
1168971,23451220673983
1168976,26039057553115
1168983,5564632986053
1168993,32093349293667
1169016,23176605524124
1169022,18949501874258
1169030,23572550970784
1169031,1527219605655
1169048,4578738637453
1169059,25481151263372
1169074,22357333295126
1169077,6700425326942
1169080,18348116150038
1169085,27441365590564
1169090,18540894096428
1169093,27816906953930
1169102,640073096631
1169103,28474706058254
1169116,29980613221594
1169134,17879706247415
1169140,24636759091559
1169143,7199312359408
1169150,16273884849843
1169161,16061068147949
1169164,32681341929051
1169168,15301659019197
1169179,33533925247228
1169237,27734835402233
1169240,16234342866099
1169247,14564662401376
1169250,20618716459823
1169269,30209014727090
1169275,32741492845015
1169323,12932807270257
1169334,5583064935786
1169346,25918019270527
1169350,29999942121446
1169359,21738747431837
1169373,14568889891008
1169377,9334387943495
1169385,625807013565
1169387,32330719137136
1169401,4791542480176
1169412,14810141301003
1169426,9270303860174
1169433,27039535019534
1169444,22150900127342
1169458,15797366814776
1169465,33309264380661
1169466,3108457795802
1169468,31771809363002
1169473,26924459602090
1169476,10432666952810
1169501,15130607191347
1169509,12372071175797
1169519,1068543859500
1169525,10670014976610
1169526,21062439760733
1169527,690646909643
1169537,31164707480804
1169555,22583142362822
1169600,2873882108943
1169606,21578170017851
1169609,12289481770747
1169617,6756124772477
1169618,8099122147149
1169622,10497425036241
1169630,9844813171937
1169641,26776641629748
1169642,8844870181935
1169646,4404495935341
1169654,24664891470194
1169668,22847570822645
1169684,21679474987092
1169693,17491951299726
1169727,18210322308325
1169728,20577201703054
1169734,33695748498102
1169740,22629059522718
1169752,13608499776492
1169758,24334599066362
1169765,19790086154601
1169780,13545891842816
1169811,23325549323666
1169816,15775267441275
1169825,11178959329341
1169834,29072249483652
1169853,3445236993990
1169872,11932965062464
1169875,26972757716795
1169878,4389649455060
1169880,4333337725087
1169883,28022351177851
1169888,7408998011713
1169896,27487335570673
1169913,23303708339506
1169915,11854286459363
1169937,28583900408404
1169942,9401837768306
1169943,33742264607715
1169947,3717372958324
1169952,18929468884517
1169964,7725887232911
1169967,32974718491719
1169975,14260266633907
1170014,1884906683564
1170080,28784622540195
1170166,7358286709628
1170170,4772715184675
1170188,29774953950145
1170218,7942867439773
1170261,33552395202175
1170262,18921263782103
1170287,10917827320962
1170330,25198316257536
1170331,27938953933813
1170359,22543240026417
1170384,20771682906637
1170440,13734639335420
1170457,6973754307225
1170532,30367321183911
1170543,10501916981277
1170602,12474467003181
1170644,18492301208658
1170656,9782158428699
1170677,23385085383260
1170678,28784443402844
1170691,10678015055629
1170728,10709074044695
1170750,5011036018489
1170783,12734844745733
1170840,9155522697834
1170885,19393672052510
1170913,15829784474406
1171007,17665565391596
1171046,12480193561023
1171067,7292499331083
1171085,22222871881634
1171086,10924421903787
1171092,14822358801491
1171125,7494691244094
1171170,31151055361853
1171172,15428749973791
1171186,33005230939381
1171197,8507041675940
1171228,9316144610681
1171350,18135651999208
1171355,31165534198460
1171372,26830592529244
1171376,30356811578751
1171404,28527257290285
1171430,2237806183021
1171469,10571109018255
1171488,21868165452283
1171496,4244750427925
1171531,9934607928102
1171580,3437743395840
1171654,9255274402783
1171778,19282143663390
1171854,1902087262529
1171940,20613333278537
1172047,19097140238828
1172066,1965863804932
1172088,1415545846804
1172112,32594197136116
1172164,397694184498
1172213,109332499861
1172278,26159278969070
1172326,4619276907889
1172423,25516508002659
1172484,15747595950313
1172489,21077824915614
1172587,20206994594071
1172597,20779107649675
1172641,20526443829566
1172665,14563985977349
1172793,12539821138150
1172819,24811627959815
1172853,26821717789716
1172854,3280980557640
1172863,3114934521146
1172871,15779190113560
1172886,25614183262710
1172913,12227087897023
1172915,23639411480245
1172954,13894517373014
1173028,13330375873058
1173187,10348462492517
1173205,5720535472680
1173238,3487744905691
1173312,1753856429021
1173318,26310257577157
1173508,17302113406484
1173594,19156839133090
1173725,9277158965107
1173732,12403661859309
1173748,19668616689504
1173841,9518033708810
1173842,22178081758059
1173860,18899585841872
1173943,28279731637197
1174076,16041636891812
1174110,6174031936468
1174187,432975480906
1174239,13303480389638
1174335,9958983564515
1174359,30683950854987
1174427,26697428987750
1174480,29286032541158
1174495,26571530601295
1174625,4048883282388
1174837,31182633732745
1174950,1930572820154
1174964,14257614714430
1174979,15063366356609
1175016,16603447341181
1175042,26573283343853
1175100,31127774798450
1175102,18863187795676
1175179,18487410153957
1175182,9183631034312
1175192,32838556729115
1175204,31359536087045
1175210,129821483390
1175213,29369929635755
1175217,11987263272914
1175223,12132127809178
1175224,33699104472923
1175227,517535141710
1175229,24008945577534
1175232,22876113237650
1175233,10416998441894
1175235,9004416174952
1175238,1194698560574
1175245,27114849235956
1175246,12736465117804
1175252,31655287935178
1175265,8174481484398
1175272,10530638433968
1175273,20214406062199
1175275,2624959162601
1175278,2709078535546
1175279,15524583784597
1175282,3422185377431
1175283,27589875537823
1175294,25492533344885
1175298,27090772954237
1175299,921823852135
1175303,31974443114618
1175326,28174521301586
1175328,23578461210717
1175329,5442311222191
1175334,880142716625
1175336,30732008694048
1175340,27020339456224
1175342,12261216202004
1175345,25045134052218
1175349,34296659300547
1175356,20018621803605
1175361,2332655881351
1175366,27691258963874
1175371,26527881531522
1175377,13502485100297
1175378,14837384566705
1175379,31368772767487
1175385,7407688660010
1175386,3565765476966
1175389,14603709877404
1175395,9795877568855
1175396,342304656595
1175398,26200089922310
1175399,3405047444759
1175403,34137929033002
1175408,18928185510821
1175410,13857605371903
1175412,24930445481923
1175420,241761029798
1175425,11695457383869
1175426,28395241246305
1175430,16959688792862
1175445,31985826815180
1175447,17492256568423
1175448,7496875819112
1175451,2054984061265
1175454,19932726132652
1175455,2874647814404
1175456,18529134730856
1175458,12660626902984
1175470,7013766312324
1175475,3203318677187
1175478,21890868101642
1175485,27873713879205
1175487,2225858114694
1175490,8474068705195
1175493,6268714381522
1175504,28032396151079
1175505,4633694710273
1175507,30438868424934
1175510,22689358399585
1175512,25321767383799
1175513,8739711348886
1175517,14389724856701
1175525,28564181901399
1175527,21909256729672
1175529,30994282429869
1175531,1306383730392
1175534,27940325033206
1175536,6483677019307
1175540,26251091813665
1175547,11935544335598
1175569,10199180204071
1175578,23623649889253
1175579,5068359383426
1175580,9095835023287
1175582,6434524357555
1175584,866351206631
1175592,23096495227053
1175593,32428513619433
1175599,32827690754735
1175601,20724518069186
1175605,5531115912882
1175610,28527059298477
1175611,31757081161967
1175615,29689492772204
1175634,20705933157108
1175636,16817549667994
1175639,14149288444052
1175643,32605191371892
1175644,9330091491596
1175645,14575331694460
1175650,11423041299106
1175657,9651128567719
1175658,17998962858438
1175661,3977288578588
1175663,18460747928682
1175670,20019913017198
1175671,33270396506631
1175674,27037353784519
1175678,18687446164260
1175682,22147550687933
1175684,33902431601867
1175685,22969286096627
1175691,33005590747869
1175695,27798274165805
1175698,9942322893880
1175710,7105553635937
1175714,25109488581769
1175717,20513626229668
1175724,712228914480
1175725,17391655015920
1175732,22502138737541
1175733,12933817176434
1175735,21976232445966
1175753,16147392097753
1175754,16713695651659
1175760,660574433452
1175762,23824892954977
1175767,7290246541759
1175769,25395212677193
1175773,29075455104839
1175775,4911943783942
1175776,31517305291569
1175779,6221746716849
1175789,32514733081112
1175791,13952789624081
1175800,2707067430698
1175806,33868572957577
1175812,21528457766073
1175824,20957085145493
1175826,33030919000901
1175827,5352553540920
1175831,10753892331141
1175832,19992317513061
1175853,15303186099850
1175859,30013187975939
1175866,791623795557
1175869,17089794352829
1175874,32479095018115
1175875,23431002363376
1175876,1656111326981
1175885,26366736534377
1175888,17497036283569
1175889,10968940795842
1175892,12034645989382
1175901,30022563086501
1175903,26554409671970
1175904,3254774509896
1175908,1880662700127
1175912,20122878095995
1175914,5216785738330
1175917,22027061193303
1175922,13445433220555
1175929,7452854407292
1175938,5147714039003
1175941,12468133528126
1175942,4197465106691
1175948,19057399970242
1175950,8849908673418
1175952,31432399514591
1175956,8120287472099
1175960,418096963975
1175961,23390943068819
1175962,15341818202825
1175975,28257231149667
1175983,21223957271919
1175985,1097089246308
1175986,20354845869953
1175987,2125263759619
1175993,4707864068271
1175999,3735523849554
1176000,1240584324009
1176004,20056060471275
1176005,7326408097903
1176007,23448558565436
1176011,3915831744572
1176014,25219279174211
1176022,17003902504192
1176024,4749513966158
1176027,24657317655407
1176035,9870558080955
1176038,25063112719989
1176040,18005493987197
1176044,15754912727871
1176048,30102046231405
1176050,670710248307
1176051,12980177728724
1176055,26164103437644
1176056,11700935757455
1176059,20471347937632
1176061,29982215738108
1176065,31538966208967
1176067,30947836296329
1176070,881237377853
1176076,33037320554840
1176085,1493439649937
1176087,11075666260151
1176090,28754169211491
1176094,28425981622809
1176099,2141847029126
1176102,10033653321422
1176105,34228589228718
1176107,17187214471301
1176109,26763610666621
1176111,4637069134004
1176121,28634836156412
1176124,15266701934299
1176127,21132069695570
1176145,29876640984907
1176147,13959529809816
1176152,25796973711316
1176156,22504232550774
1176157,8667238107950
1176158,13509930113855
1176159,17949312880861
1176162,12080037485653
1176167,21875234310529
1176175,3913044475942
1176178,13473193303250
1176181,25712540617550
1176182,10836172627548
1176183,24848447820706
1176185,22235238853107
1176189,21116991496697
1176197,10315102248352
1176198,9448533124127
1176200,29913253518966
1176203,32224583062111
1176206,16546383456585
1176207,23965081267089
1176208,29994437844704
1176212,3088659327774
1176224,13930931521512
1176225,15746200161474
1176229,6556901728686
1176234,18090537653961
1176235,29985791763508
1176237,14257271932453
1176243,18540142855712
1176244,28910094093959
1176248,27430188168743
1176260,2484998736936
1176261,2639639821943
1176274,10667535054233
1176275,21526699943841
1176277,22943152066567
1176278,19544217790737
1176287,32015214836491
1176290,12825160617617
1176291,9740963079263
1176295,532300093607
1176296,13175931243726
1176301,9676281229619
1176328,307990937114
1176331,16510034529212
1176332,5312330383716
1176334,19030224236229
1176337,30593775696360
1176338,26786549062014
1176340,28959071894741
1176353,5057943623627
1176354,12140139080685
1176356,17830350671022
1176360,6728364922757
1176363,10612328461194
1176365,19673969933937
1176367,715052681877
1176371,3022710024798
1176375,32343886327642
1176376,21985925113185
1176385,23572550732501
1176398,8783181757094
1176400,1560103110042
1176409,26503857783561
1176412,29908734974770
1176413,20313491688038
1176418,25631521804936
1176434,19757019043802
1176435,30796079949765
1176441,33971588727431
1176444,21201624592292
1176446,11504026881228
1176451,31753326135499
1176453,28082341081225
1176456,28749948943948
1176464,13306079557803
1176467,27311135294533
1176468,4810435248699
1176470,20341359002518
1176471,33132881296412
1176472,23811270276697
1176474,10607809981596
1176477,21930770342342
1176481,16119079973998
1176483,2557178659491
1176485,22985649716302
1176489,30248751884205
1176492,10290913219789
1176499,2174074601532
1176502,33963479689370
1176510,10871069733019
1176512,17840079821255
1176515,10547899412602
1176516,10173696714726
1176528,16108718137480
1176843,24605338137333
1177024,21295251774328
1177091,30050298660199
1177456,11919786925635
1177564,230715516625
1177624,15370940374437
1177633,33592180814195
1177664,21208499162563
1177675,31431222607778
1177698,3424604455583
1177701,5707210571485
1177708,4332635266161
1177808,726590280419
1177842,6315786229372
1177913,22414869969765
1177958,19555697907900
1177974,22200261740532
1178008,23062115786702
1178011,12471566635792
1178047,18550968252287
1178076,21825448836900
1178108,7399901064196
1178175,26027142216590
1178177,2497284104737
1178394,3598957766334
1178405,4415763804037
1178520,26290491155588
1178587,9107666339690
1178592,14520819913055
1178709,10247325735137
1178785,19107418614850
1178794,21660746121317
1178801,311749702170
1178807,22574670143305
1178881,27260624029712
1178930,28167267350659
1178955,24989125829277
1178966,9560004879421
1179054,494963200742
1179078,953717898370
1179104,241749787242
1179138,12577163573151
1179149,7177163616546
1179160,33536312987925
1179161,890705320527
1179210,23341909012302
1179241,17866931656043
1179268,26756610355675
1179290,7389733756367
1179319,16070941753498
1179335,34179174909912
1179362,32288450680172
1179373,14687596762366
1179383,29601424185212
1179384,21696877143244
1179422,7754569297186
1179570,10010978145746
1179571,16579682978639
1179596,21569594466799
1179704,15238772987978
1179716,1108689849870
1179725,22333658533907
1179829,33707053438690
1179896,2295205471032
1179901,9951321073851
1179944,20349373210130
1179996,15892552085469
1180001,10091614605309
1180066,12391177711656
1180119,7271208707432
1180160,1212665491134
1180170,1580534503685
1180239,33539235237153
1180251,3042608545886
1180282,8700886657593
1180294,19881945129495
1180364,33900210174021
1180401,32663860644492
1180557,31486470614701
1180633,10738553991918
1180690,9615380978119
1180802,18431753482376
1180815,2866481425686
1180858,5054208394691
1180961,26403322970014
1180975,25601728980612
1181008,8724976260851
1181079,10266019088888
1181088,28008913785987
1181123,28894456124097
1181127,29058615442118
1181193,30209871244550
1181224,15426464505323
1181229,5043372012721
1181254,21450586638646
1181257,418653921695
1181299,26199966244939
1181534,10844269556984
1181556,21095008365569
1181604,16521805547388
1181685,18058435694307
1181722,19023619497458
1181739,24988805568670
1181748,29267982279543
1181751,24643231083362
1181772,28139659747399
1181794,6561621195401
1181985,13846055680367
1182007,803328711649
1182009,31597598883001
1182010,5044604904207
1182111,1050769684354
1182131,7657189217954
1182159,29336278469003
1182184,8824198726544
1182239,19760609631133
1182262,2810890499577
1182273,29939249185567
1182328,33143614574904
1182370,17360854190544
1182428,12806906450023
1182440,63811161569
1182499,24411525424212
1182551,12664292514940
1182615,22183643583331
1182641,7767065566056
1182643,10110222852022
1182729,21801736671372
1182761,33547080165726
1182822,1666222889961
1182881,5004315667338
1182893,2089120384635
1182975,2814148651480
1183008,11685049689461
1183055,1612998598880
1183081,25330295863143
1183088,8378725448663
1183089,3896068431463
1183108,28648279050923
1183168,18140098836517
1183239,8692992021945
1183290,28587858457174
1183302,17583814289814
1183435,20371739340946
1183566,26958697388530
1183584,10339929957282
1183822,3714709835953
1183836,14935178824432
1183957,13029472615797
1184030,27992323696332
1184174,9418998613501
1184216,27880336367917
1184255,33827514881099
1184359,27037166070257
1184457,9754579198742
1184501,1437402370791
1184582,10321581665009
1184633,11535154983275
1184724,6399551457858
1184786,30819563498920
1184934,3006512429213
1184985,12663280722514
1185002,21111237057208
1185028,32789581955323
1185060,11763011869591
1185073,28658734211492
1185074,12372648410383
1185081,30378653814630
1185098,33910692973512
1185124,4847787572685
1185131,22932527229333
1185140,16710446804420
1185152,12490971984999
1185162,4154849540365
1185168,16672357579443
1185172,25727000968636
1185189,8161118105167
1185208,2139607373764
1185269,17540297280137
1185282,14734179576017
1185329,21360078728242
1185332,11728616498888
1185333,5570760962718
1185334,29100059630942
1185375,9633333701
1185376,2181872019026
1185386,20429595073812
1185432,20320192977175
1185465,8828088513793
1185476,7486764306701
1185484,31197621491790
1185552,13304765053689
1185595,9820597428676
1185597,1092797904340
1185632,3746972226984
1185634,13150860979376
1185637,23225682814645
1185651,27597654899060
1185664,33800527160488
1185700,1381180982694
1185710,1188665898698
1185724,11232833224859
1185756,33308420711451
1185761,2846627212042
1185762,24493748562250
1185773,24832851467208
1185793,479444722849
1185798,19741762900306
1185833,2113927054991
1185892,11861936175296
1185898,28178677219673
1185905,22470554819685
1185920,10613210177306
1185929,2576303945740
1185955,1217551431554
1186029,24699957587130
1186047,19431363739360
1186056,28099895383669
1186074,27880145081938
1186084,30700854183625
1186088,10145836494963
1186094,1230669685982
1186101,19371747030982
1186107,27220480569448
1186108,21634797609585
1186112,22308987728268
1186181,7564913247320
1186186,31313320546794
1186209,7893978279843
1186210,21350328014846
1186232,6861545039455
1186241,13069774025058
1186289,27286184280995
1186294,7158717135307
1186295,28615016229136
1186321,21968022111194
1186342,18035378761542
1186349,6269454718984
1186350,20473846233596
1186363,22978408400250
1186486,3795342743747
1186501,8010825296543
1186505,26591279262372
1186531,7833251617160
1186542,20938882950383
1186586,6063144989558
1186587,21114450240996
1186607,23532724957577
1186610,6998627392137
1186623,12395552397793
1186653,20387879961020
1186682,17903580534533
1186694,12425351246093
1186701,8273000740153
1186726,27940439897473
1186744,23203226633225
1186757,32841915156661
1186767,12898589536878
1186783,16787388688906
1186796,1386426910838
1186811,15886193324239
1186813,30185880186128
1186831,8635849006902
1186839,1831807061142
1186937,910993671352
1186958,7924321494340
1186975,17558330932677
1186979,32157803959783
1187020,1297316029660
1187061,10572525434562
1187087,3923025888740
1187092,1254283191772
1187155,18320564856373
1187168,34124850799814
1187169,21874576193023
1187213,33194874108826
1187236,22330233526102
1187317,2149018272591
1187381,25543124738568
1187419,32878607344557
1187428,23924862307686
1187465,33525936361455
1187477,9025143039277
1187481,23500022647378
1187527,26088529329527
1187598,5836134632575
1187607,12779885255066
1187615,8189051208013
1187619,7788335208468
1187656,10102295132639
1187675,17801689982972
1187691,17726869016135
1187703,21795512514988
1187708,16896398631838
1187712,19316474923646
1187726,17645905195116
1187759,29578640498928
1187783,15149580248991
1187793,19037421063228
1187819,15839607651633
1187847,1938557686346
1187855,16032561783530
1187865,6278580534356
1187868,18640180397841
1187869,18144124618692
1187886,8624490422265
1187942,22736192193507
1187944,9211231908857
1187974,22051500182785
1187986,33383387720913
1188005,6603996955320
1188019,32513573613261
1188055,22236930967129
1188067,32339731911677
1188079,13186375528950
1188110,6411808550729
1188134,7658447521366
1188177,28042060136555
1188180,11316591329430
1188200,3654364453520
1188203,30753650814639
1188209,33885344192219
1188263,19823273211461
1188290,16340763615990
1188325,7399673651536
1188354,26825137418717
1188361,7027160958498
1188377,27133938206649
1188380,54545878548
1188381,30964239464766
1188396,30862483360425
1188433,30172245131582
1188516,5352796079401
1188579,15620478058037
1188595,29160093911260
1188619,30869730457568
1188642,19304192297781
1188834,4994913051222
1188850,4551541059504
1188871,17234388751146
1188873,12884191965629
1188874,16051298450491
1188913,30591180484408
1188959,8342499222052
1188962,33973535007171
1188979,31877468943965
1188997,32078404564122
1189005,303169991101
1189064,13450263739341
1189067,31435566817687
1189068,28465647676687
1189084,9015926400578
1189132,25928175749904
1189166,12904530715832
1189176,12932109943004
1189191,29704869360713
1189220,1214053973747
1189229,2113937873586
1189237,31761910529362
1189239,6967569857213
1189330,20168065155343
1189404,11412313072867
1189447,27277671820846
1189467,12029144629163
1189472,3073643603649
1189501,23285067166167
1189508,2473786451122
1189527,14878444067292
1189542,22628265283363
1189554,5159001153424
1189558,33215529218536
1189574,9980528880055
1189580,32359947265441
1189611,5472898225778
1189674,7142398297233
1189692,28705425188893
1189703,1838251726487
1189704,6132372869475
1189736,30097128583864
1190063,32780623171379
1190535,10156625363981
1190751,21320313281490
1191521,8064436982892
1192119,942036382203
1192665,31320502008098
1194196,15322995844600
1195425,20558999173643
1195484,25808904158282
1196198,15327737519628
1196446,4355839010697
1196478,33073729798944
1196611,23674209905499
1196654,699449318209
1196656,22236779486623
1196674,33677239533824
1196678,19569799084973
1196679,31472537831958
1196693,17421345144035
1196804,5759162085232
1196812,32143039569456
1196997,10353023072252
1197018,15356459076276
1197131,7852342207527
1197187,9899352298914
1197197,32044474744215
1197214,11663070637595
1197225,8695378867777
1197291,19594066376760
1197385,23370528684383
1197402,14112175027588
1197440,26654112824397
1197523,13382863145723
1197541,19859403917179
1197593,2896343532051
1197620,26839848567288
1197624,27808315800253
1197630,31645886768417
1197634,688765773090
1197644,3652664526739
1197678,33469554303864
1197702,3484279955374
1197808,30364490898432
1197883,26564209046971
1197934,32506954616007
1197965,25158904183532
1197972,1224192234533
1197986,26038652319164
1198098,13272887239584
1198188,20915205729548
1198265,15541357595526
1198412,18806136745933
1198431,6470935871608
1198508,26247613981855
1198510,27537667962464
1198527,29626312495200
1198537,16548623622799
1198542,5270345694100
1198548,22758999250413
1198557,10009122069809
1198566,29835045675476
1198572,29926894197044
1198578,21697233933261
1198583,3259027362067
1198591,29129248938825
1198593,12929918266315
1198594,22658740999248
1198602,7846880259467
1198618,2254415532734
1198624,14083887582378
1198631,31705757053222
1198643,2193253263022
1198652,19207057736233
1198661,4628487905898
1198676,4568839445361
1198677,2809418851874
1198697,26832079517115
1198711,9155887579949
1198714,10265658924416
1198717,30640899558942
1198718,18527735337818
1198719,15387460664607
1198739,2913761871462
1198765,4338155027887
1198777,20649375286915
1198786,31315608242348
1198789,13516280755295
1198800,28738446546163
1198805,3794070980546
1198814,21219656869691
1198815,2415677179508
1198820,19981368069122
1198824,21560361008443
1198825,28594727323331
1198828,2558450836384
1198835,26287157776841
1198842,8882710512867
1198845,20901817553413
1198849,7138019196952
1198852,5161713373460
1198854,881405317190
1198866,11275989643258
1198882,23808803923382
1198885,1675836406586
1198889,14037963533890
1198903,21572436237356
1198912,30369125563847
1198951,14452875437444
1198964,7852756778240
1198976,3424884957914
1198995,10651874879347
1199000,12021124485609
1199002,7360357035933
1199012,23661891615446
1199025,30488998711787
1199028,22129660461552
1199032,2594081589359
1199050,24566984030868
1199057,31293574765738
1199099,6942718121135
1199101,27124041237147
1199104,16177357425577
1199106,21099941614967
1199130,3617960730241
1199138,20329781080416
1199145,27672577800562
1199161,30341892995284
1199177,26072238984451
1199184,30763569330912
1199196,9731811293750
1199215,6755096379241
1199227,17809745504260
1199236,17448767997065
1199238,21192229230137
1199248,9047014526139
1199251,30198980673063
1199270,20982292935884
1199296,27943113578812
1199317,23054066745454
1199328,32332237484596
1199375,2770911766768
1199395,19313396101898
1199404,3772474490505
1199413,12907669977998
1199428,8816820159184
1199436,1935489390355
1199454,158287594580
1199456,17053652377832
1199465,25769512775619
1199468,5689858788613
1199469,15655442713344
1199472,2391395160061
1199482,9299686337827
1199485,9612949807724
1199491,20614618264346
1199499,2931671748592
1199507,17610834193781
1199516,4596776973541
1199541,15222895737219
1199563,1019935576905
1199566,30042468773519
1199569,2392243063391
1199570,27905926100650
1199573,13470892772739
1199594,29042151526374
1199601,32583079397616
1199605,7317987145691
1199613,10131089543395
1199618,32552802807619
1199623,33042305094190
1199627,15763867168236
1199630,26318828810735
1199635,5516440339984
1199638,24220981875247
1199640,1680070166242
1199642,27904282098476
1199651,16927133018440
1199655,21606486892146
1199664,10922137150780
1199683,4238118359742
1199684,7043715084609
1199698,2126210394980
1199711,15044667940063
1199721,31294864679126
1199725,1423344302542
1199748,12816598669710
1199773,26729289948384
1199786,27310522281391
1199823,1567567214570
1199824,24217265979065
1199832,642032395343
1199841,20889799270820
1199845,32870071795630
1199853,23260294472353
1199855,34124266433177
1199864,8799539115119
1199867,27058309206332
1199868,26718312823565
1199869,12783528807043
1199871,5742103623948
1199876,2187898200613
1199881,34230056946186
1199893,10540142906200
1199897,13340629981399
1199907,12822918960321
1199913,13050121148582
1199944,15233398876350
1199947,22624752353122
1199960,29965594476005
1199963,4817500463570
1199966,12721192230625
1199990,19150630117379
1199991,20187681969149
1199996,29290742392810
1199998,32860342156375
1200000,24972259870555
1200019,14504998468521
1200036,3515602296381
1200037,3325605797697
1200046,8099427525728
1200050,2102964965860
1200072,33070200898854
1200077,20127886184007
1200081,14324348737224
1200083,24032389685038
1200125,2425428169952
1200135,16071596847529
1200145,29731182343408
1200158,1582274660067
1200174,27417106839680
1200182,27657951001435
1200201,1544977217335
1200223,15530973426078
1200232,962391816800
1200237,28702325795420
1200240,13154640804749
1200254,32031575554970
1200278,15091045893742
1200305,3422767912058
1200310,14627154442620
1200311,3678204142396
1200315,27238713793443
1200325,1094293118104
1200330,6071473735773
1200345,29665450082099
1200352,14872337682282
1200372,28815817033141
1200384,3558961236279
1200386,10383475350745
1200388,33030162062983
1200389,16280736655340
1200391,31742602203223
1200404,34278089518190
1200405,19883340726378
1200408,30418087449462
1200431,6460153012207
1200439,3647929087310
1200441,32071454216992
1200456,21662790026000
1200479,17101799709833
1200484,2261564185726
1200486,9329294172371
1200490,1394833600004
1200500,7169698701401
1200517,7113966215845
1200519,4712917315073
1200524,1553190847022
1200526,28521336721301
1200531,8404453151517
1200533,4702176619760
1200541,22438801909924
1200588,23256652955438
1200608,15536530490465
1200611,263165869298
1200617,23849527951265
1200620,19494063001664
1200621,15440680011959
1200626,30592315683910
1200654,24602899025497
1200661,6729206455352
1200677,9906854351609
1200678,11877031697181
1200692,10941706372295
1200695,6149663222494
1200704,27518999235762
1200740,30743732893013
1200754,22690143105412
1200758,31456607912973
1200767,16997807272082
1200771,5748257068787
1200772,4693656594441
1200774,10585040040964
1200780,13864686570258
1200797,31427853237151
1200807,15919029230612
1200839,9389096615947
1200851,4967502577221
1200863,17756855290592
1200872,32056608250347
1200878,21507525290073
1200899,3524654875776
1200902,26445205777644
1200903,9428904279463
1200905,15982324122655
1200916,26967415718059
1200944,18866102840016
1200957,32582938763282
1200964,21729577991817
1200965,23029032304268
1200966,20197735173109
1200984,31658215284293
1201000,22444916142330
1201013,7444220696541
1201018,4013194797321
1201027,33766937377528
1201030,15460659109786
1201031,12597325636290
1201036,22993557155892
1201042,14828274247469
1201059,24136153660030
1201071,1084578865528
1201111,25867231547044
1201118,29754184734687
1201128,24403430301883
1201131,32465055868239
1201132,4431315775014
1201148,24736462749114
1201156,11818772011400
1201167,31022161193245
1201192,16946176670283
1201193,13001176342768
1201196,25538252995857
1201209,2546726107089
1201211,15565226288429
1201213,25485268025309
1201215,32858014998094
1201216,4084133408127
1201228,12874302863096
1201240,18968185961227
1201259,27468254944545
1201463,6670243780023
1201482,1742301554679
1201709,7013337479542
1202744,4034663031383
